Name_val,Cost_Quantity_PriorYear_val,Cost_Quantity_CurrentYear_val,Cost_Quantity_BudgetYearOneBase_val,Cost_Quantity_BudgetYearOne_val,Cost_Quantity_BudgetYearTwo_val,Cost_Quantity_BudgetYearThree_val,Cost_Quantity_BudgetYearFour_val,Cost_Quantity_BudgetYearFive_val,Cost_TotalCost_PriorYear_val,Cost_TotalCost_CurrentYear_val,Cost_TotalCost_BudgetYearOneBase_val,Cost_TotalCost_BudgetYearOne_val,Cost_TotalCost_BudgetYearTwo_val,Cost_TotalCost_BudgetYearThree_val,Cost_TotalCost_BudgetYearFour_val,Cost_TotalCost_BudgetYearFive_val,@SOURCE_FILENAME,@RECORDID,@ROWID,@PARENTROWID,@PARENT
"Air Force Active","1","4","8","8","","","","","1.132","4.728","6.718","6.718","","","","","2015-BASE_PROCUREMENT-2015-AIRFORCE_AIRCRAFT_VOL2-PROCUREMENT_JustificationBook_Air_Force_PB_2015.zzz_unzipped-PROCUREMENT_JustificationBook_Air_Force_PB_2015.xml","64acb54550a4560598d7d665ce51dd7ecd276be3097259da048227510b8c8d9d","0-2db71548cfa7f11d782c419a29f81fa418cff50f838a92329e1465c42f474646","0-5c0aa86f3b571ec2258933fea79d25541d166d15c30c2be8e82e2b9e807f1489","root.record.ItemExhibitList.P3AModificationItemGroup.ModificationItemList.ModificationItem.Installation.ImplementationMethodList.ImplementationMethod"
"Air Force Active","","2","2","2","","","","","","0.675","0.66","0.66","","","","","2015-BASE_PROCUREMENT-2015-AIRFORCE_AIRCRAFT_VOL2-PROCUREMENT_JustificationBook_Air_Force_PB_2015.zzz_unzipped-PROCUREMENT_JustificationBook_Air_Force_PB_2015.xml","64acb54550a4560598d7d665ce51dd7ecd276be3097259da048227510b8c8d9d","0-a9d282b46fc95cb9cc217f089fba7d3db1d46b54b042ad9310039258ee9a2d4c","1-0bf797e15f3c65a6c0203330aafe7ea49464c179350524ec8357a7ecf38a1428","root.record.ItemExhibitList.P3AModificationItemGroup.ModificationItemList.ModificationItem.Installation.ImplementationMethodList.ImplementationMethod"
"Air Force Active","","","7","7","","","","","","","4.401","4.401","","","","","2015-BASE_PROCUREMENT-2015-AIRFORCE_AIRCRAFT_VOL2-PROCUREMENT_JustificationBook_Air_Force_PB_2015.zzz_unzipped-PROCUREMENT_JustificationBook_Air_Force_PB_2015.xml","b8767409fbe18f979daf324b822c3fc717f2bfd9a9a8e2c0e9528e4bdde4d803","0-35666e55293fb4f6cc14bd8f8fd94e42baf8bc75e6305139d76ef0d1abbc9878","0-27c6cdd50cb34839a32097cf887ec215d38a875ae88fafb33be04dbff007e3f0","root.record.ItemExhibitList.P3AModificationItemGroup.ModificationItemList.ModificationItem.Installation.ImplementationMethodList.ImplementationMethod"
"Air Force Active","11","6","","","","","","","222.512","149.612","","","","","","","2015-BASE_PROCUREMENT-2015-AIRFORCE_AIRCRAFT_VOL2-PROCUREMENT_JustificationBook_Air_Force_PB_2015.zzz_unzipped-PROCUREMENT_JustificationBook_Air_Force_PB_2015.xml","e049539817dd22b34918c2c0be8271bbbd79d6b6a486234ddff8e6be076c0e3d","0-5c70a3990e1b4f03810eb3b70b0f95b0575b4fa7946624ff8ff74afa935fbc62","0-b7bc419e0381c97252d47373dfafd721ca069dd49e7033b39878d6e8db2dc1a0","root.record.ItemExhibitList.P3AModificationItemGroup.ModificationItemList.ModificationItem.Installation.ImplementationMethodList.ImplementationMethod"
"Air Force Reserve","","5","11","11","","","","","","124.676","254.23","254.23","","","","","2015-BASE_PROCUREMENT-2015-AIRFORCE_AIRCRAFT_VOL2-PROCUREMENT_JustificationBook_Air_Force_PB_2015.zzz_unzipped-PROCUREMENT_JustificationBook_Air_Force_PB_2015.xml","e049539817dd22b34918c2c0be8271bbbd79d6b6a486234ddff8e6be076c0e3d","1-6e1873341404828a72c43c6973af958564f71b2ba5f3696c9e36cb6c95cbfa9b","0-b7bc419e0381c97252d47373dfafd721ca069dd49e7033b39878d6e8db2dc1a0","root.record.ItemExhibitList.P3AModificationItemGroup.ModificationItemList.ModificationItem.Installation.ImplementationMethodList.ImplementationMethod"
"Air Force Active","10","28","22","22","28","1","","","1.496","3.007","4.975","4.975","5.787","0.213","","","2015-BASE_PROCUREMENT-2015-AIRFORCE_AIRCRAFT_VOL2-PROCUREMENT_JustificationBook_Air_Force_PB_2015.zzz_unzipped-PROCUREMENT_JustificationBook_Air_Force_PB_2015.xml","2c3a42ac96c574f3a05d311e38d1fd39e76b2eaa077eed338c2b56579168a566","0-89b9df2714a220b6ed18f4cd44d10c87ba3d3886213aeafb01978c94160de976","0-1669ef1c5da307914fede122a5072cf3be0d727155821f03d394e673336db8fe","root.record.ItemExhibitList.P3AModificationItemGroup.ModificationItemList.ModificationItem.Installation.ImplementationMethodList.ImplementationMethod"
"Air National Guard","5","1","3","3","","13","","","0.748","0.107","0.678","0.678","","2.767","","","2015-BASE_PROCUREMENT-2015-AIRFORCE_AIRCRAFT_VOL2-PROCUREMENT_JustificationBook_Air_Force_PB_2015.zzz_unzipped-PROCUREMENT_JustificationBook_Air_Force_PB_2015.xml","2c3a42ac96c574f3a05d311e38d1fd39e76b2eaa077eed338c2b56579168a566","1-c2032afb873d684b939dcfb8f4610ebb5279d4851101939d326b7ed511470c26","0-1669ef1c5da307914fede122a5072cf3be0d727155821f03d394e673336db8fe","root.record.ItemExhibitList.P3AModificationItemGroup.ModificationItemList.ModificationItem.Installation.ImplementationMethodList.ImplementationMethod"
"Air Force Reserve","","1","4","4","1","3","","","","0.108","0.906","0.906","0.207","0.638","","","2015-BASE_PROCUREMENT-2015-AIRFORCE_AIRCRAFT_VOL2-PROCUREMENT_JustificationBook_Air_Force_PB_2015.zzz_unzipped-PROCUREMENT_JustificationBook_Air_Force_PB_2015.xml","2c3a42ac96c574f3a05d311e38d1fd39e76b2eaa077eed338c2b56579168a566","2-54c4bd40f6b08ff7f93e2226eb7b4816057ad2618a542ca8da8529392be25d07","0-1669ef1c5da307914fede122a5072cf3be0d727155821f03d394e673336db8fe","root.record.ItemExhibitList.P3AModificationItemGroup.ModificationItemList.ModificationItem.Installation.ImplementationMethodList.ImplementationMethod"
"Air Force Active","144","79","30","30","","","","","90.713","8.449","9.615","9.615","","","","","2015-BASE_PROCUREMENT-2015-AIRFORCE_AIRCRAFT_VOL2-PROCUREMENT_JustificationBook_Air_Force_PB_2015.zzz_unzipped-PROCUREMENT_JustificationBook_Air_Force_PB_2015.xml","2c3a42ac96c574f3a05d311e38d1fd39e76b2eaa077eed338c2b56579168a566","0-509db95b9ff7c7d49f8413d19ca7c42e73cd325094245adf9440787a81ad9cce","0-7aba0490d560d4953b22dec70babde11dc78093cd245de522638f4eb012b5a4f","root.record.ItemExhibitList.P3AModificationItemGroup.ModificationItemList.ModificationItem.Installation.ImplementationMethodList.ImplementationMethod"
"Air National Guard","14","55","51","51","","","","","9.833","10.044","16.898","16.898","","","","","2015-BASE_PROCUREMENT-2015-AIRFORCE_AIRCRAFT_VOL2-PROCUREMENT_JustificationBook_Air_Force_PB_2015.zzz_unzipped-PROCUREMENT_JustificationBook_Air_Force_PB_2015.xml","2c3a42ac96c574f3a05d311e38d1fd39e76b2eaa077eed338c2b56579168a566","1-35e3bab20b7f79bfd68a145eefd7f6ccf177bf6eb6a7690f2ed9fc8402f1f0fc","0-7aba0490d560d4953b22dec70babde11dc78093cd245de522638f4eb012b5a4f","root.record.ItemExhibitList.P3AModificationItemGroup.ModificationItemList.ModificationItem.Installation.ImplementationMethodList.ImplementationMethod"
"Air Force Reserve","12","21","58","58","","","","","8.429","3.653","18.589","18.589","","","","","2015-BASE_PROCUREMENT-2015-AIRFORCE_AIRCRAFT_VOL2-PROCUREMENT_JustificationBook_Air_Force_PB_2015.zzz_unzipped-PROCUREMENT_JustificationBook_Air_Force_PB_2015.xml","2c3a42ac96c574f3a05d311e38d1fd39e76b2eaa077eed338c2b56579168a566","2-264ca68e5426865accc343391732d37859f2a1eebc3f393410d98eeec8f49aa2","0-7aba0490d560d4953b22dec70babde11dc78093cd245de522638f4eb012b5a4f","root.record.ItemExhibitList.P3AModificationItemGroup.ModificationItemList.ModificationItem.Installation.ImplementationMethodList.ImplementationMethod"
"Air Force Active","2","38","33","33","33","33","33","6","1.771","1.447","2.95","2.95","3.04","5.25","5.91","1.105","2015-BASE_PROCUREMENT-2015-AIRFORCE_AIRCRAFT_VOL2-PROCUREMENT_JustificationBook_Air_Force_PB_2015.zzz_unzipped-PROCUREMENT_JustificationBook_Air_Force_PB_2015.xml","2c3a42ac96c574f3a05d311e38d1fd39e76b2eaa077eed338c2b56579168a566","0-6c3083c7ace4fc81af169ae095935c8b034cdd70fcf6bec40af25ea53000ad57","0-c697ad7f75c3711507cbbfff77962fc75ccca5a85d83d59fc2c835dfd00adf05","root.record.ItemExhibitList.P3AModificationItemGroup.ModificationItemList.ModificationItem.Installation.ImplementationMethodList.ImplementationMethod"
"Air National Guard","","","","","","","","26","","","","","","","","4.79","2015-BASE_PROCUREMENT-2015-AIRFORCE_AIRCRAFT_VOL2-PROCUREMENT_JustificationBook_Air_Force_PB_2015.zzz_unzipped-PROCUREMENT_JustificationBook_Air_Force_PB_2015.xml","2c3a42ac96c574f3a05d311e38d1fd39e76b2eaa077eed338c2b56579168a566","1-a29c693bfd75dd5b1ff31b4206a6bf06247c05c91f9b81a5c39775f87de776f2","0-c697ad7f75c3711507cbbfff77962fc75ccca5a85d83d59fc2c835dfd00adf05","root.record.ItemExhibitList.P3AModificationItemGroup.ModificationItemList.ModificationItem.Installation.ImplementationMethodList.ImplementationMethod"
"Air Force Reserve","","","","","","","","1","","","","","","","","0.184","2015-BASE_PROCUREMENT-2015-AIRFORCE_AIRCRAFT_VOL2-PROCUREMENT_JustificationBook_Air_Force_PB_2015.zzz_unzipped-PROCUREMENT_JustificationBook_Air_Force_PB_2015.xml","2c3a42ac96c574f3a05d311e38d1fd39e76b2eaa077eed338c2b56579168a566","2-8521c8da07cef307e7d4c8c9ddb6936d0abb3f9e92a6e80b670c74763a627773","0-c697ad7f75c3711507cbbfff77962fc75ccca5a85d83d59fc2c835dfd00adf05","root.record.ItemExhibitList.P3AModificationItemGroup.ModificationItemList.ModificationItem.Installation.ImplementationMethodList.ImplementationMethod"
"Air Force Active","","","","","2","52","52","","","","","","3.47","1.37","2.027","","2015-BASE_PROCUREMENT-2015-AIRFORCE_AIRCRAFT_VOL2-PROCUREMENT_JustificationBook_Air_Force_PB_2015.zzz_unzipped-PROCUREMENT_JustificationBook_Air_Force_PB_2015.xml","2c3a42ac96c574f3a05d311e38d1fd39e76b2eaa077eed338c2b56579168a566","0-f453b034c45780e4436b2593813cc5f8457d14f459aa334f6e1a36a4abf17d08","0-3379b67b13b3ed080be98fd08f38c31c470d0c98e8d95184c77036e8bba0ef55","root.record.ItemExhibitList.P3AModificationItemGroup.ModificationItemList.ModificationItem.Installation.ImplementationMethodList.ImplementationMethod"
"Air Force Active","","","","","","54","52","13","","","","","","0.000","0.000","0.000","2015-BASE_PROCUREMENT-2015-AIRFORCE_AIRCRAFT_VOL2-PROCUREMENT_JustificationBook_Air_Force_PB_2015.zzz_unzipped-PROCUREMENT_JustificationBook_Air_Force_PB_2015.xml","2c3a42ac96c574f3a05d311e38d1fd39e76b2eaa077eed338c2b56579168a566","0-a8752d74f0109a5b2c0c3ce61c1bf2edfba2b28633ebaf9ed50f125eb1f95a0e","0-47a6eb24284e93670b398a9ab28d9df3b1d18b9374067d0c4cc764f5d2ffe674","root.record.ItemExhibitList.P3AModificationItemGroup.ModificationItemList.ModificationItem.Installation.ImplementationMethodList.ImplementationMethod"
"Air Force Active","","2","2","2","2","3","4","4","","5.474","5.497","5.497","5.53","10.003","13.65","13.328","2015-BASE_PROCUREMENT-2015-AIRFORCE_AIRCRAFT_VOL2-PROCUREMENT_JustificationBook_Air_Force_PB_2015.zzz_unzipped-PROCUREMENT_JustificationBook_Air_Force_PB_2015.xml","2c3a42ac96c574f3a05d311e38d1fd39e76b2eaa077eed338c2b56579168a566","0-749d8bf399cd2e1d60baeedad586b5d9b883145e90680dbfb03ca7f9d8c3b1af","0-f55cf4f3c55f73ace01217a16e6b854b2a95794bbb606e3b61225492a9f678fe","root.record.ItemExhibitList.P3AModificationItemGroup.ModificationItemList.ModificationItem.Installation.ImplementationMethodList.ImplementationMethod"
"Air Force Active","2","38","160","160","54","83","34","","0.000","0.000","1.588","1.588","0.801","1.092","0.718","","2015-BASE_PROCUREMENT-2015-AIRFORCE_AIRCRAFT_VOL2-PROCUREMENT_JustificationBook_Air_Force_PB_2015.zzz_unzipped-PROCUREMENT_JustificationBook_Air_Force_PB_2015.xml","2c3a42ac96c574f3a05d311e38d1fd39e76b2eaa077eed338c2b56579168a566","0-d75b17882c2665294465caf0e839b97cea01117c7964df4678e837c270a5dd29","0-c618b324cce3faf4dd365d3b476c328874a7ad1f23f3cfed0e4d35c7ea80f04f","root.record.ItemExhibitList.P3AModificationItemGroup.ModificationItemList.ModificationItem.Installation.ImplementationMethodList.ImplementationMethod"
"Air Force Active","","","12","12","","","","","","","0.32","0.32","","","","","2015-BASE_PROCUREMENT-2015-AIRFORCE_AIRCRAFT_VOL2-PROCUREMENT_JustificationBook_Air_Force_PB_2015.zzz_unzipped-PROCUREMENT_JustificationBook_Air_Force_PB_2015.xml","c18079498214be7c8507bd7289056635ea6ba000e7bb766e68a998d56e53f49a","0-94519a13e6f5b01c043932930755ac91faaab2bda72fb2cec0fd6461b4cdf038","0-82e54369aa9b3cc50f13b599691e80de59da0dafd916c47da719f4eaffc53d9c","root.record.ItemExhibitList.P3AModificationItemGroup.ModificationItemList.ModificationItem.Installation.ImplementationMethodList.ImplementationMethod"
"Air Force Reserve","","","3","3","","","","","","","0.08","0.08","","","","","2015-BASE_PROCUREMENT-2015-AIRFORCE_AIRCRAFT_VOL2-PROCUREMENT_JustificationBook_Air_Force_PB_2015.zzz_unzipped-PROCUREMENT_JustificationBook_Air_Force_PB_2015.xml","c18079498214be7c8507bd7289056635ea6ba000e7bb766e68a998d56e53f49a","1-3e8d5f26c1deac09ba9e2e6a8e736ed138d5b0281dcdf5bb16bdf58ca96cb86a","0-82e54369aa9b3cc50f13b599691e80de59da0dafd916c47da719f4eaffc53d9c","root.record.ItemExhibitList.P3AModificationItemGroup.ModificationItemList.ModificationItem.Installation.ImplementationMethodList.ImplementationMethod"
"Air Force Active","1","2","9","9","","","","","0.000","4.75","14.796","14.796","","","","","2015-BASE_PROCUREMENT-2015-AIRFORCE_AIRCRAFT_VOL2-PROCUREMENT_JustificationBook_Air_Force_PB_2015.zzz_unzipped-PROCUREMENT_JustificationBook_Air_Force_PB_2015.xml","c18079498214be7c8507bd7289056635ea6ba000e7bb766e68a998d56e53f49a","0-7f3baece82d3541e97f7001c5adcad8e873bdb5e732fca03d9841e424d731efc","0-85978989c292db71f66e026f7d8dbb1b050ba11c56162ea738983d4e44404003","root.record.ItemExhibitList.P3AModificationItemGroup.ModificationItemList.ModificationItem.Installation.ImplementationMethodList.ImplementationMethod"
"Air Force Reserve","","","1","1","","","","","","","1.644","1.644","","","","","2015-BASE_PROCUREMENT-2015-AIRFORCE_AIRCRAFT_VOL2-PROCUREMENT_JustificationBook_Air_Force_PB_2015.zzz_unzipped-PROCUREMENT_JustificationBook_Air_Force_PB_2015.xml","c18079498214be7c8507bd7289056635ea6ba000e7bb766e68a998d56e53f49a","1-e28f0dd869c272a3af771c33a4927c29813a828c40581012e9526f2453eb0b0d","0-85978989c292db71f66e026f7d8dbb1b050ba11c56162ea738983d4e44404003","root.record.ItemExhibitList.P3AModificationItemGroup.ModificationItemList.ModificationItem.Installation.ImplementationMethodList.ImplementationMethod"
"Air Force Active","","","6","6","","","","","","","1.961","1.961","","","","","2015-BASE_PROCUREMENT-2015-AIRFORCE_AIRCRAFT_VOL2-PROCUREMENT_JustificationBook_Air_Force_PB_2015.zzz_unzipped-PROCUREMENT_JustificationBook_Air_Force_PB_2015.xml","c18079498214be7c8507bd7289056635ea6ba000e7bb766e68a998d56e53f49a","0-ea8f67653176e4f207d819af8a2288a34367be8040813232277d2f55df0f0810","0-5988e169d4bf88bcffc5cabf018ad4953868dfd5d87156961a4ecee4427a1d0c","root.record.ItemExhibitList.P3AModificationItemGroup.ModificationItemList.ModificationItem.Installation.ImplementationMethodList.ImplementationMethod"
"Air Force Active","","","12","12","","","","","","","2.351","2.351","","","","","2015-BASE_PROCUREMENT-2015-AIRFORCE_AIRCRAFT_VOL2-PROCUREMENT_JustificationBook_Air_Force_PB_2015.zzz_unzipped-PROCUREMENT_JustificationBook_Air_Force_PB_2015.xml","c18079498214be7c8507bd7289056635ea6ba000e7bb766e68a998d56e53f49a","0-413278e1d02bed7c185bad4eae5e45d9f3dd712b098caa0e74b0611743b7794b","0-76301c4112226d70fe59a76df96517407b1897d3c8c0dea4a326b5a8061b3c22","root.record.ItemExhibitList.P3AModificationItemGroup.ModificationItemList.ModificationItem.Installation.ImplementationMethodList.ImplementationMethod"
"Air Force Active","1","1","2","2","","","","","2.557","2.716","5.534","5.534","","","","","2015-BASE_PROCUREMENT-2015-AIRFORCE_AIRCRAFT_VOL2-PROCUREMENT_JustificationBook_Air_Force_PB_2015.zzz_unzipped-PROCUREMENT_JustificationBook_Air_Force_PB_2015.xml","c95b3cad136b9abd961b0302a1b9dcc36c9e32822973785202e66e43ffe473da","0-f804c10dbec4ad68a7d0eefeff79bf77154d3163286e97602cbd3580da73f48c","0-e655ac1cb6df2f13376bc62cf672da0445c421b2ed507312693f5b98c9040102","root.record.ItemExhibitList.P3AModificationItemGroup.ModificationItemList.ModificationItem.Installation.ImplementationMethodList.ImplementationMethod"
"Air Force Active","4","2","","","","","","","10.585","6.045","","","","","","","2015-BASE_PROCUREMENT-2015-AIRFORCE_AIRCRAFT_VOL2-PROCUREMENT_JustificationBook_Air_Force_PB_2015.zzz_unzipped-PROCUREMENT_JustificationBook_Air_Force_PB_2015.xml","c95b3cad136b9abd961b0302a1b9dcc36c9e32822973785202e66e43ffe473da","0-2ed384a7e905755f9b59cfe07f814f4e1e729bb103a1b3287023f0cedd3144db","0-c8677ef988643692f5292577aacb8eb8c0aaf9a4dd69f09be39993f52ca295ca","root.record.ItemExhibitList.P3AModificationItemGroup.ModificationItemList.ModificationItem.Installation.ImplementationMethodList.ImplementationMethod"
"Air Force Active","1","1","1","1","","","","","2.6","2.6","2.6","2.6","","","","","2015-BASE_PROCUREMENT-2015-AIRFORCE_AIRCRAFT_VOL2-PROCUREMENT_JustificationBook_Air_Force_PB_2015.zzz_unzipped-PROCUREMENT_JustificationBook_Air_Force_PB_2015.xml","c95b3cad136b9abd961b0302a1b9dcc36c9e32822973785202e66e43ffe473da","0-f37dec0107e9d6fc591dd03c7ba7c2cba389621881682425b78c9bc64a3f5f36","0-2a3eea4d7aecc273e0cfaddeec683ceb2105b231ecfedf9885ac7caf4d3457e3","root.record.ItemExhibitList.P3AModificationItemGroup.ModificationItemList.ModificationItem.Installation.ImplementationMethodList.ImplementationMethod"
"Air Force Active","","3","","","","","","","","0.334","","","","","","","2015-BASE_PROCUREMENT-2015-AIRFORCE_AIRCRAFT_VOL2-PROCUREMENT_JustificationBook_Air_Force_PB_2015.zzz_unzipped-PROCUREMENT_JustificationBook_Air_Force_PB_2015.xml","ad2cbcd52887cfdbd4c4e64af0f936c986b469e78be0a9fa924477b8ad18fb8f","0-e6a87a143419398e11aa9818e2af25f6339e69c87e93f85214d7bfe829abe823","0-fe10aca8953408b87e46c69e30cefc5c0ef48ef61c6878974080e1eb75b7ca01","root.record.ItemExhibitList.P3AModificationItemGroup.ModificationItemList.ModificationItem.Installation.ImplementationMethodList.ImplementationMethod"
"Air Force Active","0","0","0","0","","","","","4.992","0.913","0.913","0.913","","","","","2015-BASE_PROCUREMENT-2015-AIRFORCE_AIRCRAFT_VOL2-PROCUREMENT_JustificationBook_Air_Force_PB_2015.zzz_unzipped-PROCUREMENT_JustificationBook_Air_Force_PB_2015.xml","ad2cbcd52887cfdbd4c4e64af0f936c986b469e78be0a9fa924477b8ad18fb8f","0-c2f031b17af321d8483be972129be9606040a623124788d341f80c360ba60034","0-8dfbe916012ecebc277a92740d05d2f1e8bd012ac72f025bb76cdd54f374916a","root.record.ItemExhibitList.P3AModificationItemGroup.ModificationItemList.ModificationItem.Installation.ImplementationMethodList.ImplementationMethod"
"Air National Guard","0","","","","","","","","1.664","","","","","","","","2015-BASE_PROCUREMENT-2015-AIRFORCE_AIRCRAFT_VOL2-PROCUREMENT_JustificationBook_Air_Force_PB_2015.zzz_unzipped-PROCUREMENT_JustificationBook_Air_Force_PB_2015.xml","ad2cbcd52887cfdbd4c4e64af0f936c986b469e78be0a9fa924477b8ad18fb8f","1-c42af7d5f8f5f5841a3bf0c0715afe2b9d555579a65d0c7c84266276fd55e234","0-8dfbe916012ecebc277a92740d05d2f1e8bd012ac72f025bb76cdd54f374916a","root.record.ItemExhibitList.P3AModificationItemGroup.ModificationItemList.ModificationItem.Installation.ImplementationMethodList.ImplementationMethod"
"Air Force Reserve","0","","","","","","","","0.832","","","","","","","","2015-BASE_PROCUREMENT-2015-AIRFORCE_AIRCRAFT_VOL2-PROCUREMENT_JustificationBook_Air_Force_PB_2015.zzz_unzipped-PROCUREMENT_JustificationBook_Air_Force_PB_2015.xml","ad2cbcd52887cfdbd4c4e64af0f936c986b469e78be0a9fa924477b8ad18fb8f","2-eb6e4b7b53fd8a8fabb7df42384237697aedb93156584732f13ff78e47d1ee69","0-8dfbe916012ecebc277a92740d05d2f1e8bd012ac72f025bb76cdd54f374916a","root.record.ItemExhibitList.P3AModificationItemGroup.ModificationItemList.ModificationItem.Installation.ImplementationMethodList.ImplementationMethod"
"Air Force Active","0","","","","","","","","0.385","","","","","","","","2015-BASE_PROCUREMENT-2015-AIRFORCE_AIRCRAFT_VOL2-PROCUREMENT_JustificationBook_Air_Force_PB_2015.zzz_unzipped-PROCUREMENT_JustificationBook_Air_Force_PB_2015.xml","ad2cbcd52887cfdbd4c4e64af0f936c986b469e78be0a9fa924477b8ad18fb8f","0-6c266c30bde24b44ff7d7d53de8a75e930d9977bb3510a362be796cef71ae959","0-882ddbfdb46286457a96ac9af864fc9ff8b8a01a0f722766d33931d519bae396","root.record.ItemExhibitList.P3AModificationItemGroup.ModificationItemList.ModificationItem.Installation.ImplementationMethodList.ImplementationMethod"
"Air Force Active","","","0","0","2","3","0","0","","","4.975","4.975","12.483","0.000","0.000","0.000","2015-BASE_PROCUREMENT-2015-AIRFORCE_AIRCRAFT_VOL2-PROCUREMENT_JustificationBook_Air_Force_PB_2015.zzz_unzipped-PROCUREMENT_JustificationBook_Air_Force_PB_2015.xml","f95a686895e7fa3d37923c2b920ccf43d5ee240504c1f66a1de53572ac91a145","0-601a9ea87139955bc1ca9df84023f701b542a2bc2fa9824e8cb7aefe3e12ab5b","0-150325cb6d8dd8af05ac0692ed7d9eb56048f02e224c3081a5a274cb768557e1","root.record.ItemExhibitList.P3AModificationItemGroup.ModificationItemList.ModificationItem.Installation.ImplementationMethodList.ImplementationMethod"
"Air Force Active","","15","8","8","","","","","","7.25","4.179","4.179","","","","","2015-BASE_PROCUREMENT-2015-AIRFORCE_AIRCRAFT_VOL2-PROCUREMENT_JustificationBook_Air_Force_PB_2015.zzz_unzipped-PROCUREMENT_JustificationBook_Air_Force_PB_2015.xml","4f10c9d75af1ff7f39d3312af79b465fcb001e31cfa449ec049bea6f08f73af1","0-e97459c36c50195e0f6abc4e582920306c5b7e85ab8dc8d870745d1dd0647e9e","0-b64b56d2a56dd7741e1f00bdb89ce446999c3a6b2706a1a31f23296cf54ef98c","root.record.ItemExhibitList.P3AModificationItemGroup.ModificationItemList.ModificationItem.Installation.ImplementationMethodList.ImplementationMethod"
"Air National Guard","","","8","8","","","","","","","4.179","4.179","","","","","2015-BASE_PROCUREMENT-2015-AIRFORCE_AIRCRAFT_VOL2-PROCUREMENT_JustificationBook_Air_Force_PB_2015.zzz_unzipped-PROCUREMENT_JustificationBook_Air_Force_PB_2015.xml","4f10c9d75af1ff7f39d3312af79b465fcb001e31cfa449ec049bea6f08f73af1","1-ba6f1b3da5dde5eaca7a7c05aea8271132f90940cd9317d7fc0187ff071ec16b","0-b64b56d2a56dd7741e1f00bdb89ce446999c3a6b2706a1a31f23296cf54ef98c","root.record.ItemExhibitList.P3AModificationItemGroup.ModificationItemList.ModificationItem.Installation.ImplementationMethodList.ImplementationMethod"
"Air Force Reserve","","","3","3","","","","","","","1.568","1.568","","","","","2015-BASE_PROCUREMENT-2015-AIRFORCE_AIRCRAFT_VOL2-PROCUREMENT_JustificationBook_Air_Force_PB_2015.zzz_unzipped-PROCUREMENT_JustificationBook_Air_Force_PB_2015.xml","4f10c9d75af1ff7f39d3312af79b465fcb001e31cfa449ec049bea6f08f73af1","2-8fc450fbf85c27ecc6a232ca5b577e1eea2d749cfde9be13aa843f4ebaffde46","0-b64b56d2a56dd7741e1f00bdb89ce446999c3a6b2706a1a31f23296cf54ef98c","root.record.ItemExhibitList.P3AModificationItemGroup.ModificationItemList.ModificationItem.Installation.ImplementationMethodList.ImplementationMethod"
"Air Force Active","","","7","7","","","","","","","43.127","43.127","","","","","2015-BASE_PROCUREMENT-2015-AIRFORCE_AIRCRAFT_VOL2-PROCUREMENT_JustificationBook_Air_Force_PB_2015.zzz_unzipped-PROCUREMENT_JustificationBook_Air_Force_PB_2015.xml","bbc8063372e02d2bc548b494988437c9d99675713059aabc6acf7bc346906c17","0-dc8ed6d53b8e583bd3b09b70fb1784deff7e6e95c2778e1c765c132132047645","0-c35045f755ed0f3812b92dd548b5d761e0eb74e812a6e1459b87f48f4f3876e4","root.record.ItemExhibitList.P3AModificationItemGroup.ModificationItemList.ModificationItem.Installation.ImplementationMethodList.ImplementationMethod"
"Air Force Active","4","8","15","15","","","","","1.833","5.603","10.695","10.695","","","","","2015-BASE_PROCUREMENT-2015-AIRFORCE_AIRCRAFT_VOL2-PROCUREMENT_JustificationBook_Air_Force_PB_2015.zzz_unzipped-PROCUREMENT_JustificationBook_Air_Force_PB_2015.xml","37a9176d6819849bcd695141407bcbea7c3c0b02a6c4bbb6d05d22c664d601c4","0-f35f6bfa0c1417a793e00da8901cf64f6d9f6ad857efbc7c9c9ba219c3cb4b8d","0-15c119a59ee987e3d20b0b442790c003eeb429a99c5b45b5d4c91ce01bbadb6c","root.record.ItemExhibitList.P3AModificationItemGroup.ModificationItemList.ModificationItem.Installation.ImplementationMethodList.ImplementationMethod"
"Air Force Active","16","10","8","8","","","","","2.044","4.347","0.000","0.000","","","","","2015-BASE_PROCUREMENT-2015-AIRFORCE_AIRCRAFT_VOL2-PROCUREMENT_JustificationBook_Air_Force_PB_2015.zzz_unzipped-PROCUREMENT_JustificationBook_Air_Force_PB_2015.xml","37a9176d6819849bcd695141407bcbea7c3c0b02a6c4bbb6d05d22c664d601c4","0-083fb8b1140bf27516177ec43279189d8992485df43d362d4e1c1aaae1e61736","0-43c187ae078419cfd2915343b3cd772156eb237418ab6317f9dbd285c39a48c2","root.record.ItemExhibitList.P3AModificationItemGroup.ModificationItemList.ModificationItem.Installation.ImplementationMethodList.ImplementationMethod"
"Air National Guard","8","7","13","13","","","","","0.000","0.000","0.000","0.000","","","","","2015-BASE_PROCUREMENT-2015-AIRFORCE_AIRCRAFT_VOL2-PROCUREMENT_JustificationBook_Air_Force_PB_2015.zzz_unzipped-PROCUREMENT_JustificationBook_Air_Force_PB_2015.xml","37a9176d6819849bcd695141407bcbea7c3c0b02a6c4bbb6d05d22c664d601c4","1-52519e3362eb2a8ceaa807957e52776818696d29ddef0636037d05590c906eb9","0-43c187ae078419cfd2915343b3cd772156eb237418ab6317f9dbd285c39a48c2","root.record.ItemExhibitList.P3AModificationItemGroup.ModificationItemList.ModificationItem.Installation.ImplementationMethodList.ImplementationMethod"
"Air Force Active","6","","45","45","","","","","0.000","","3.072","3.072","","","","","2015-BASE_PROCUREMENT-2015-AIRFORCE_AIRCRAFT_VOL2-PROCUREMENT_JustificationBook_Air_Force_PB_2015.zzz_unzipped-PROCUREMENT_JustificationBook_Air_Force_PB_2015.xml","37a9176d6819849bcd695141407bcbea7c3c0b02a6c4bbb6d05d22c664d601c4","0-b07970f859e990d1adffa0f0dc22d1ca21e2c28045b0fe2964cbb3692b72d78c","0-54b03209df1f993e8c21e922ad79649d41aef5af8f8900242fc82d038743bad2","root.record.ItemExhibitList.P3AModificationItemGroup.ModificationItemList.ModificationItem.Installation.ImplementationMethodList.ImplementationMethod"
"Air Force Active","","75","44","44","","","","","","2.817","2.279","2.279","","","","","2015-BASE_PROCUREMENT-2015-AIRFORCE_AIRCRAFT_VOL2-PROCUREMENT_JustificationBook_Air_Force_PB_2015.zzz_unzipped-PROCUREMENT_JustificationBook_Air_Force_PB_2015.xml","37a9176d6819849bcd695141407bcbea7c3c0b02a6c4bbb6d05d22c664d601c4","0-5f994faa92feea04f19367060c698e0d50ca04ce92410b0627cbb691e3cd82ae","0-e23c7a3a0ebdb9f1527f729cebd9e87fe76f247dac97f74f6735eab36ea2de28","root.record.ItemExhibitList.P3AModificationItemGroup.ModificationItemList.ModificationItem.Installation.ImplementationMethodList.ImplementationMethod"
"Air National Guard","","25","","","","","","","","0.615","","","","","","","2015-BASE_PROCUREMENT-2015-AIRFORCE_AIRCRAFT_VOL2-PROCUREMENT_JustificationBook_Air_Force_PB_2015.zzz_unzipped-PROCUREMENT_JustificationBook_Air_Force_PB_2015.xml","37a9176d6819849bcd695141407bcbea7c3c0b02a6c4bbb6d05d22c664d601c4","1-7cc38404d7092ab95c122139ddd4a147dfcb5283d06a8c580b3948d53cd81837","0-e23c7a3a0ebdb9f1527f729cebd9e87fe76f247dac97f74f6735eab36ea2de28","root.record.ItemExhibitList.P3AModificationItemGroup.ModificationItemList.ModificationItem.Installation.ImplementationMethodList.ImplementationMethod"
"Air Force Active","23","27","30","30","13","","","","7.511","12.333","12.4","12.4","5.06","","","","2015-BASE_PROCUREMENT-2015-AIRFORCE_AIRCRAFT_VOL2-PROCUREMENT_JustificationBook_Air_Force_PB_2015.zzz_unzipped-PROCUREMENT_JustificationBook_Air_Force_PB_2015.xml","a8005ce497b4d26a96a0a73b3a202cd9ad0d2cb8833efae151bef5451667fd9e","0-6b468a905c939b7a23a20bd9c75bbdda89e67272566a4716248e154df9b88b83","0-f1693bd8b2a6ed507883f51a453a43e6798f7776ebb20a67a50abd443d3305c2","root.record.ItemExhibitList.P3AModificationItemGroup.ModificationItemList.ModificationItem.Installation.ImplementationMethodList.ImplementationMethod"
"Air National Guard","","","","","11","9","","","","","","","4.281","4.179","","","2015-BASE_PROCUREMENT-2015-AIRFORCE_AIRCRAFT_VOL2-PROCUREMENT_JustificationBook_Air_Force_PB_2015.zzz_unzipped-PROCUREMENT_JustificationBook_Air_Force_PB_2015.xml","a8005ce497b4d26a96a0a73b3a202cd9ad0d2cb8833efae151bef5451667fd9e","1-c2f054541f26b2c224b33a1a330f518e47ca49607c0e1dd3561994123c8346d5","0-f1693bd8b2a6ed507883f51a453a43e6798f7776ebb20a67a50abd443d3305c2","root.record.ItemExhibitList.P3AModificationItemGroup.ModificationItemList.ModificationItem.Installation.ImplementationMethodList.ImplementationMethod"
"Air Force Active","","","248","248","190","221","189","189","","","16.145","16.145","7.778","7.778","7.778","6.824","2015-BASE_PROCUREMENT-2015-AIRFORCE_AIRCRAFT_VOL2-PROCUREMENT_JustificationBook_Air_Force_PB_2015.zzz_unzipped-PROCUREMENT_JustificationBook_Air_Force_PB_2015.xml","a8005ce497b4d26a96a0a73b3a202cd9ad0d2cb8833efae151bef5451667fd9e","0-fb38f5e726fdab1301ce8e1db99488ccd5a6aa5df868bbfbd61899e2ee1970d5","0-4f93a5a10b600c34bfd4f6e4790ce03648439827c086aa204e6f0be2514f9d1e","root.record.ItemExhibitList.P3AModificationItemGroup.ModificationItemList.ModificationItem.Installation.ImplementationMethodList.ImplementationMethod"
"Air Force Active","442","1733","993","993","758","883","757","757","59.508","44.927","34.608","34.608","35.705","29.53","29.85","26.105","2015-BASE_PROCUREMENT-2015-AIRFORCE_AIRCRAFT_VOL2-PROCUREMENT_JustificationBook_Air_Force_PB_2015.zzz_unzipped-PROCUREMENT_JustificationBook_Air_Force_PB_2015.xml","a8005ce497b4d26a96a0a73b3a202cd9ad0d2cb8833efae151bef5451667fd9e","0-402dd0d8ae1e4c2d3364910f8e9a6fdc9f6fa189a79343dd2284efe76193586e","1-5dee2a810f4edde8436abeb849a5e0095cfbcf74814bc1c5b672abc7845da710","root.record.ItemExhibitList.P3AModificationItemGroup.ModificationItemList.ModificationItem.Installation.ImplementationMethodList.ImplementationMethod"
"Air National Guard","59","324","197","197","86","34","14","14","2.6","10.335","5.028","5.028","6.863","6.863","6.863","6.047","2015-BASE_PROCUREMENT-2015-AIRFORCE_AIRCRAFT_VOL2-PROCUREMENT_JustificationBook_Air_Force_PB_2015.zzz_unzipped-PROCUREMENT_JustificationBook_Air_Force_PB_2015.xml","a8005ce497b4d26a96a0a73b3a202cd9ad0d2cb8833efae151bef5451667fd9e","1-e9ef466445e4bdaccf4a544b184018d46f049b40a7c1a6bad96b79a7eecc0ef4","1-5dee2a810f4edde8436abeb849a5e0095cfbcf74814bc1c5b672abc7845da710","root.record.ItemExhibitList.P3AModificationItemGroup.ModificationItemList.ModificationItem.Installation.ImplementationMethodList.ImplementationMethod"
"Air Force Active","","","234","234","275","213","172","196","","","0.571","0.571","0.318","0.335","0.337","0.027","2015-BASE_PROCUREMENT-2015-AIRFORCE_AIRCRAFT_VOL2-PROCUREMENT_JustificationBook_Air_Force_PB_2015.zzz_unzipped-PROCUREMENT_JustificationBook_Air_Force_PB_2015.xml","a8005ce497b4d26a96a0a73b3a202cd9ad0d2cb8833efae151bef5451667fd9e","0-2b39e1100709ccd1bccc74a66bfdc4ef8c081720e407517ea49170caf8556c53","0-fcf7d245d2dd685611e396371edb23da21569a50c698e9ff86c317f9b04b12d3","root.record.ItemExhibitList.P3AModificationItemGroup.ModificationItemList.ModificationItem.Installation.ImplementationMethodList.ImplementationMethod"
"Air Force Active","352","100","938","938","1100","851","737","782","1.142","4.667","2.282","2.282","1.27","7.462","6.347","5.109","2015-BASE_PROCUREMENT-2015-AIRFORCE_AIRCRAFT_VOL2-PROCUREMENT_JustificationBook_Air_Force_PB_2015.zzz_unzipped-PROCUREMENT_JustificationBook_Air_Force_PB_2015.xml","a8005ce497b4d26a96a0a73b3a202cd9ad0d2cb8833efae151bef5451667fd9e","0-ba9a7e35cf24641b4c0de8f1285135b9fe7903703d852ba15c7c1e7fc8559360","1-be8b1aeb035d93f3b922bb8ca1bd57c3fa1274cbe7f118a05ece904c14087577","root.record.ItemExhibitList.P3AModificationItemGroup.ModificationItemList.ModificationItem.Installation.ImplementationMethodList.ImplementationMethod"
"Air National Guard","38","96","104","104","149","116","99","106","0.124","0.069","0.31","0.31","0.173","0.866","0.183","0.015","2015-BASE_PROCUREMENT-2015-AIRFORCE_AIRCRAFT_VOL2-PROCUREMENT_JustificationBook_Air_Force_PB_2015.zzz_unzipped-PROCUREMENT_JustificationBook_Air_Force_PB_2015.xml","a8005ce497b4d26a96a0a73b3a202cd9ad0d2cb8833efae151bef5451667fd9e","1-cfc11f4db1b4028d36b5d6ff6b2e201d70e106eed494f2ab7f01065ebc1a42ec","1-be8b1aeb035d93f3b922bb8ca1bd57c3fa1274cbe7f118a05ece904c14087577","root.record.ItemExhibitList.P3AModificationItemGroup.ModificationItemList.ModificationItem.Installation.ImplementationMethodList.ImplementationMethod"
"Air Force Active","15","15","25","25","21","21","8","","48.614","16.341","30.032","30.032","27.369","33.469","8.4","","2015-BASE_PROCUREMENT-2015-AIRFORCE_AIRCRAFT_VOL2-PROCUREMENT_JustificationBook_Air_Force_PB_2015.zzz_unzipped-PROCUREMENT_JustificationBook_Air_Force_PB_2015.xml","a8005ce497b4d26a96a0a73b3a202cd9ad0d2cb8833efae151bef5451667fd9e","0-a3d3ad2a22f2389001b8a6d35665be4132481bc592324ec21582f78b11711184","0-3f51c11670229c2d2478294bc8fb78deed232b40894d82891c2d67dfc1a8b876","root.record.ItemExhibitList.P3AModificationItemGroup.ModificationItemList.ModificationItem.Installation.ImplementationMethodList.ImplementationMethod"
"Air National Guard","2","3","","","","","7","13","1.68","5.727","","","","","9.602","6.339","2015-BASE_PROCUREMENT-2015-AIRFORCE_AIRCRAFT_VOL2-PROCUREMENT_JustificationBook_Air_Force_PB_2015.zzz_unzipped-PROCUREMENT_JustificationBook_Air_Force_PB_2015.xml","a8005ce497b4d26a96a0a73b3a202cd9ad0d2cb8833efae151bef5451667fd9e","1-8655b3466e6bd221974c9cefc9e6258c9b3f212fc58820499e984c07ac0e2172","0-3f51c11670229c2d2478294bc8fb78deed232b40894d82891c2d67dfc1a8b876","root.record.ItemExhibitList.P3AModificationItemGroup.ModificationItemList.ModificationItem.Installation.ImplementationMethodList.ImplementationMethod"
"Air Force Active","","22","8","8","10","10","10","10","","9.19","6.925","6.925","0.35","0.65","0.677","0.285","2015-BASE_PROCUREMENT-2015-AIRFORCE_AIRCRAFT_VOL2-PROCUREMENT_JustificationBook_Air_Force_PB_2015.zzz_unzipped-PROCUREMENT_JustificationBook_Air_Force_PB_2015.xml","a8005ce497b4d26a96a0a73b3a202cd9ad0d2cb8833efae151bef5451667fd9e","0-6c929c3dbb9a138cb900d2fc3e296492d53d9aefaa1ece74844a45c15a158fb0","0-773a2cd280852138968047dacf9dff1a08c555cc3154e86c055ee50be0440ff6","root.record.ItemExhibitList.P3AModificationItemGroup.ModificationItemList.ModificationItem.Installation.ImplementationMethodList.ImplementationMethod"
"Air Force Active","","","","","","","35","36","","","","","","","9.5","12.285","2015-BASE_PROCUREMENT-2015-AIRFORCE_AIRCRAFT_VOL2-PROCUREMENT_JustificationBook_Air_Force_PB_2015.zzz_unzipped-PROCUREMENT_JustificationBook_Air_Force_PB_2015.xml","0e0c5259a601c4aa4ff961a0ac121c4db369bfa13d87e153e3615741b3479e79","0-4dc2dd7528656a97083d9dc5ad98f399a91197c943c032629ba8adbcceaf14ee","0-43658d96960289e022aed5d64b06bbc80f4fe1c7dfc66052820b395832e1f635","root.record.ItemExhibitList.P3AModificationItemGroup.ModificationItemList.ModificationItem.Installation.ImplementationMethodList.ImplementationMethod"
"Air Force Active","1","4","8","8","","","","","1.132","4.728","6.718","6.718","","","","","2015-BASE_PROCUREMENT-2015-AIRFORCE_AIRCRAFT_VOL2-PROCUREMENT_MasterJustificationBook_Air_Force_PB_2015.zzz_unzipped-PROCUREMENT_MasterJustificationBook_Air_Force_PB_2015.xml","ca9f1e9f848e67edf7e34b76ad9b05e59dfcbeb190b54cb2ec2a178aeaaa3bfa","0-138029ad7f1504861998b1782538fa43ab085ca42b41e4dbfc981cbfe2d7f64d","0-3d84844705553cc2a3ca31a118c7c5cb9eb1aa79330b2c0e8a212d713bd1c9cf","root.record.ItemExhibitList.P3AModificationItemGroup.ModificationItemList.ModificationItem.Installation.ImplementationMethodList.ImplementationMethod"
"Air Force Active","","2","2","2","","","","","","0.675","0.66","0.66","","","","","2015-BASE_PROCUREMENT-2015-AIRFORCE_AIRCRAFT_VOL2-PROCUREMENT_MasterJustificationBook_Air_Force_PB_2015.zzz_unzipped-PROCUREMENT_MasterJustificationBook_Air_Force_PB_2015.xml","ca9f1e9f848e67edf7e34b76ad9b05e59dfcbeb190b54cb2ec2a178aeaaa3bfa","0-adaff0a1abd82521365749f40160f41a92fa2ba8c8af46b10f8e4ddc917e4e16","1-d954946a3655b52ffd6abf42ea47ae4ac8988b2e1047595ff99e253249aeb4e2","root.record.ItemExhibitList.P3AModificationItemGroup.ModificationItemList.ModificationItem.Installation.ImplementationMethodList.ImplementationMethod"
"Air Force Active","","","7","7","","","","","","","4.401","4.401","","","","","2015-BASE_PROCUREMENT-2015-AIRFORCE_AIRCRAFT_VOL2-PROCUREMENT_MasterJustificationBook_Air_Force_PB_2015.zzz_unzipped-PROCUREMENT_MasterJustificationBook_Air_Force_PB_2015.xml","25442f0fc741be383c8f1f024b4ed975774a4a3437a381bef47bf09fa44b0a02","0-9878c24f89f02175264bf2972b235882ff6e870871e68d0ffe3a56787a554526","0-67daceb0b0f7e0ac150135befdf6c4eca2b0278378a81aa2223b9b991b1aa3a5","root.record.ItemExhibitList.P3AModificationItemGroup.ModificationItemList.ModificationItem.Installation.ImplementationMethodList.ImplementationMethod"
"Air Force Active","11","6","","","","","","","222.512","149.612","","","","","","","2015-BASE_PROCUREMENT-2015-AIRFORCE_AIRCRAFT_VOL2-PROCUREMENT_MasterJustificationBook_Air_Force_PB_2015.zzz_unzipped-PROCUREMENT_MasterJustificationBook_Air_Force_PB_2015.xml","aa1014d1730217cf58bd0eb1cf9155036af0caca57bd2ece54304d573c8411a2","0-a0819433ccc309fb41de6ba1644dd7a5d764790db4dd24e30cb66873b22b4404","0-3b72e658543370cbcca3b0ee69a9bbeb07834fddf1e52276fe15db49917dbe8b","root.record.ItemExhibitList.P3AModificationItemGroup.ModificationItemList.ModificationItem.Installation.ImplementationMethodList.ImplementationMethod"
"Air Force Reserve","","5","11","11","","","","","","124.676","254.23","254.23","","","","","2015-BASE_PROCUREMENT-2015-AIRFORCE_AIRCRAFT_VOL2-PROCUREMENT_MasterJustificationBook_Air_Force_PB_2015.zzz_unzipped-PROCUREMENT_MasterJustificationBook_Air_Force_PB_2015.xml","aa1014d1730217cf58bd0eb1cf9155036af0caca57bd2ece54304d573c8411a2","1-24377efdd73a7db6573ce532d0f98ce63faec64b9e7e7b1715d91217906821c0","0-3b72e658543370cbcca3b0ee69a9bbeb07834fddf1e52276fe15db49917dbe8b","root.record.ItemExhibitList.P3AModificationItemGroup.ModificationItemList.ModificationItem.Installation.ImplementationMethodList.ImplementationMethod"
"Air Force Active","10","28","22","22","28","1","","","1.496","3.007","4.975","4.975","5.787","0.213","","","2015-BASE_PROCUREMENT-2015-AIRFORCE_AIRCRAFT_VOL2-PROCUREMENT_MasterJustificationBook_Air_Force_PB_2015.zzz_unzipped-PROCUREMENT_MasterJustificationBook_Air_Force_PB_2015.xml","e0b4c68aca5bcb28bf2a8d6314af11bf878587e1d5636a46ade0d81891a819a1","0-fb86910e854227d18e60d384200ba3e5b6973fd4c261b5c0f48b11b1735d7964","0-17acfc649e72714542c029c9e3f28c96e5e09de02fce2b213fff0f255a981829","root.record.ItemExhibitList.P3AModificationItemGroup.ModificationItemList.ModificationItem.Installation.ImplementationMethodList.ImplementationMethod"
"Air National Guard","5","1","3","3","","13","","","0.748","0.107","0.678","0.678","","2.767","","","2015-BASE_PROCUREMENT-2015-AIRFORCE_AIRCRAFT_VOL2-PROCUREMENT_MasterJustificationBook_Air_Force_PB_2015.zzz_unzipped-PROCUREMENT_MasterJustificationBook_Air_Force_PB_2015.xml","e0b4c68aca5bcb28bf2a8d6314af11bf878587e1d5636a46ade0d81891a819a1","1-9c0001095ac93a2def6d48f498d09a717e95abe486738499d8f0c88aaf1891f3","0-17acfc649e72714542c029c9e3f28c96e5e09de02fce2b213fff0f255a981829","root.record.ItemExhibitList.P3AModificationItemGroup.ModificationItemList.ModificationItem.Installation.ImplementationMethodList.ImplementationMethod"
"Air Force Reserve","","1","4","4","1","3","","","","0.108","0.906","0.906","0.207","0.638","","","2015-BASE_PROCUREMENT-2015-AIRFORCE_AIRCRAFT_VOL2-PROCUREMENT_MasterJustificationBook_Air_Force_PB_2015.zzz_unzipped-PROCUREMENT_MasterJustificationBook_Air_Force_PB_2015.xml","e0b4c68aca5bcb28bf2a8d6314af11bf878587e1d5636a46ade0d81891a819a1","2-887723b948f24d321ff3976e13c7d33463472398a54ae1867e3c084711771175","0-17acfc649e72714542c029c9e3f28c96e5e09de02fce2b213fff0f255a981829","root.record.ItemExhibitList.P3AModificationItemGroup.ModificationItemList.ModificationItem.Installation.ImplementationMethodList.ImplementationMethod"
"Air Force Active","144","79","30","30","","","","","90.713","8.449","9.615","9.615","","","","","2015-BASE_PROCUREMENT-2015-AIRFORCE_AIRCRAFT_VOL2-PROCUREMENT_MasterJustificationBook_Air_Force_PB_2015.zzz_unzipped-PROCUREMENT_MasterJustificationBook_Air_Force_PB_2015.xml","e0b4c68aca5bcb28bf2a8d6314af11bf878587e1d5636a46ade0d81891a819a1","0-3f630bceb7ce82b6f70ef06d63397891514d64ea058e3480be00ff7c356bbd0b","0-92ccd37b067af446071a8c1eaf4c3f8926e9c6d530b5f5210f37b2a30dc6fa67","root.record.ItemExhibitList.P3AModificationItemGroup.ModificationItemList.ModificationItem.Installation.ImplementationMethodList.ImplementationMethod"
"Air National Guard","14","55","51","51","","","","","9.833","10.044","16.898","16.898","","","","","2015-BASE_PROCUREMENT-2015-AIRFORCE_AIRCRAFT_VOL2-PROCUREMENT_MasterJustificationBook_Air_Force_PB_2015.zzz_unzipped-PROCUREMENT_MasterJustificationBook_Air_Force_PB_2015.xml","e0b4c68aca5bcb28bf2a8d6314af11bf878587e1d5636a46ade0d81891a819a1","1-aeb7eb4b69e4e394ddcf4fdeed7d482ddeb8bd38d749386811c8b9f6c1dbf174","0-92ccd37b067af446071a8c1eaf4c3f8926e9c6d530b5f5210f37b2a30dc6fa67","root.record.ItemExhibitList.P3AModificationItemGroup.ModificationItemList.ModificationItem.Installation.ImplementationMethodList.ImplementationMethod"
"Air Force Reserve","12","21","58","58","","","","","8.429","3.653","18.589","18.589","","","","","2015-BASE_PROCUREMENT-2015-AIRFORCE_AIRCRAFT_VOL2-PROCUREMENT_MasterJustificationBook_Air_Force_PB_2015.zzz_unzipped-PROCUREMENT_MasterJustificationBook_Air_Force_PB_2015.xml","e0b4c68aca5bcb28bf2a8d6314af11bf878587e1d5636a46ade0d81891a819a1","2-005aca8c4da3b49d70bdadb8ac60b61c569e1edf84c663a5c2d52789edb556a9","0-92ccd37b067af446071a8c1eaf4c3f8926e9c6d530b5f5210f37b2a30dc6fa67","root.record.ItemExhibitList.P3AModificationItemGroup.ModificationItemList.ModificationItem.Installation.ImplementationMethodList.ImplementationMethod"
"Air Force Active","2","38","33","33","33","33","33","6","1.771","1.447","2.95","2.95","3.04","5.25","5.91","1.105","2015-BASE_PROCUREMENT-2015-AIRFORCE_AIRCRAFT_VOL2-PROCUREMENT_MasterJustificationBook_Air_Force_PB_2015.zzz_unzipped-PROCUREMENT_MasterJustificationBook_Air_Force_PB_2015.xml","e0b4c68aca5bcb28bf2a8d6314af11bf878587e1d5636a46ade0d81891a819a1","0-6f56f74d98f4f761b92087bb0cedee33170359b52bab3a14cf1d3bab65923994","0-b81f13463005e71570a047981b253f02fbe4cc39837600cb35f18c9a1fbef59e","root.record.ItemExhibitList.P3AModificationItemGroup.ModificationItemList.ModificationItem.Installation.ImplementationMethodList.ImplementationMethod"
"Air National Guard","","","","","","","","26","","","","","","","","4.79","2015-BASE_PROCUREMENT-2015-AIRFORCE_AIRCRAFT_VOL2-PROCUREMENT_MasterJustificationBook_Air_Force_PB_2015.zzz_unzipped-PROCUREMENT_MasterJustificationBook_Air_Force_PB_2015.xml","e0b4c68aca5bcb28bf2a8d6314af11bf878587e1d5636a46ade0d81891a819a1","1-d24388678204976818fe07963df2fdfd14c30eafe80a107937364f514f8e8cff","0-b81f13463005e71570a047981b253f02fbe4cc39837600cb35f18c9a1fbef59e","root.record.ItemExhibitList.P3AModificationItemGroup.ModificationItemList.ModificationItem.Installation.ImplementationMethodList.ImplementationMethod"
"Air Force Reserve","","","","","","","","1","","","","","","","","0.184","2015-BASE_PROCUREMENT-2015-AIRFORCE_AIRCRAFT_VOL2-PROCUREMENT_MasterJustificationBook_Air_Force_PB_2015.zzz_unzipped-PROCUREMENT_MasterJustificationBook_Air_Force_PB_2015.xml","e0b4c68aca5bcb28bf2a8d6314af11bf878587e1d5636a46ade0d81891a819a1","2-3ecade596b4541afae0abf7d4ce4df2feafdab487323207ea1c1dea60fa89b7c","0-b81f13463005e71570a047981b253f02fbe4cc39837600cb35f18c9a1fbef59e","root.record.ItemExhibitList.P3AModificationItemGroup.ModificationItemList.ModificationItem.Installation.ImplementationMethodList.ImplementationMethod"
"Air Force Active","","","","","2","52","52","","","","","","3.47","1.37","2.027","","2015-BASE_PROCUREMENT-2015-AIRFORCE_AIRCRAFT_VOL2-PROCUREMENT_MasterJustificationBook_Air_Force_PB_2015.zzz_unzipped-PROCUREMENT_MasterJustificationBook_Air_Force_PB_2015.xml","e0b4c68aca5bcb28bf2a8d6314af11bf878587e1d5636a46ade0d81891a819a1","0-aab859d80f0da4864c4f35dd966ff2c76bf1d6487bad916713587e2e4674ab85","0-d3c7464214629368edc3c138841799e65e38cd79ca62ba084d3c41406d95559a","root.record.ItemExhibitList.P3AModificationItemGroup.ModificationItemList.ModificationItem.Installation.ImplementationMethodList.ImplementationMethod"
"Air Force Active","","","","","","54","52","13","","","","","","0.000","0.000","0.000","2015-BASE_PROCUREMENT-2015-AIRFORCE_AIRCRAFT_VOL2-PROCUREMENT_MasterJustificationBook_Air_Force_PB_2015.zzz_unzipped-PROCUREMENT_MasterJustificationBook_Air_Force_PB_2015.xml","e0b4c68aca5bcb28bf2a8d6314af11bf878587e1d5636a46ade0d81891a819a1","0-9e462bf13080a14589e58bec654087174ea0369f7ea6b604c621aedc6b38dd7d","0-f3ce544770ee0575c9ce4a153315bab8870da5a4ffb88931f441a58bc6c1afdd","root.record.ItemExhibitList.P3AModificationItemGroup.ModificationItemList.ModificationItem.Installation.ImplementationMethodList.ImplementationMethod"
"Air Force Active","","2","2","2","2","3","4","4","","5.474","5.497","5.497","5.53","10.003","13.65","13.328","2015-BASE_PROCUREMENT-2015-AIRFORCE_AIRCRAFT_VOL2-PROCUREMENT_MasterJustificationBook_Air_Force_PB_2015.zzz_unzipped-PROCUREMENT_MasterJustificationBook_Air_Force_PB_2015.xml","e0b4c68aca5bcb28bf2a8d6314af11bf878587e1d5636a46ade0d81891a819a1","0-7af86b09c39db17ae8447e442cd14352b2d17a4071ebb89fec7d63bc602d3656","0-01573941888e96c509ad99d1cc761bcb2e10916cdbe9ded9c78631e4356a6a44","root.record.ItemExhibitList.P3AModificationItemGroup.ModificationItemList.ModificationItem.Installation.ImplementationMethodList.ImplementationMethod"
"Air Force Active","2","38","160","160","54","83","34","","0.000","0.000","1.588","1.588","0.801","1.092","0.718","","2015-BASE_PROCUREMENT-2015-AIRFORCE_AIRCRAFT_VOL2-PROCUREMENT_MasterJustificationBook_Air_Force_PB_2015.zzz_unzipped-PROCUREMENT_MasterJustificationBook_Air_Force_PB_2015.xml","e0b4c68aca5bcb28bf2a8d6314af11bf878587e1d5636a46ade0d81891a819a1","0-7b54b4b3da7db6f4a141f45f781da1e9a6379e18c5b927971e67096fca73b908","0-da1dff5f54b317c6ad175aab9baf24745c64c92e6b8452ca9dd2632500919dbf","root.record.ItemExhibitList.P3AModificationItemGroup.ModificationItemList.ModificationItem.Installation.ImplementationMethodList.ImplementationMethod"
"Air Force Active","","","12","12","","","","","","","0.32","0.32","","","","","2015-BASE_PROCUREMENT-2015-AIRFORCE_AIRCRAFT_VOL2-PROCUREMENT_MasterJustificationBook_Air_Force_PB_2015.zzz_unzipped-PROCUREMENT_MasterJustificationBook_Air_Force_PB_2015.xml","0b3cc84504de3dcd8d9b0ee78b03c6179e180dce85fc9cbee3b0fc0b68f603c4","0-65a486cc42e19ff70d4607793fcdabc7fdbfea9ffe219597c62c1a6601b83c3a","0-e87d7ede5b3a8e563b1d807d9a7f391440e11d8da3a2a07ff20566ab33691614","root.record.ItemExhibitList.P3AModificationItemGroup.ModificationItemList.ModificationItem.Installation.ImplementationMethodList.ImplementationMethod"
"Air Force Reserve","","","3","3","","","","","","","0.08","0.08","","","","","2015-BASE_PROCUREMENT-2015-AIRFORCE_AIRCRAFT_VOL2-PROCUREMENT_MasterJustificationBook_Air_Force_PB_2015.zzz_unzipped-PROCUREMENT_MasterJustificationBook_Air_Force_PB_2015.xml","0b3cc84504de3dcd8d9b0ee78b03c6179e180dce85fc9cbee3b0fc0b68f603c4","1-111aa12af64827433ecb2c83a70a39cc50875c06befeda1a86d4646699f04572","0-e87d7ede5b3a8e563b1d807d9a7f391440e11d8da3a2a07ff20566ab33691614","root.record.ItemExhibitList.P3AModificationItemGroup.ModificationItemList.ModificationItem.Installation.ImplementationMethodList.ImplementationMethod"
"Air Force Active","1","2","9","9","","","","","0.000","4.75","14.796","14.796","","","","","2015-BASE_PROCUREMENT-2015-AIRFORCE_AIRCRAFT_VOL2-PROCUREMENT_MasterJustificationBook_Air_Force_PB_2015.zzz_unzipped-PROCUREMENT_MasterJustificationBook_Air_Force_PB_2015.xml","0b3cc84504de3dcd8d9b0ee78b03c6179e180dce85fc9cbee3b0fc0b68f603c4","0-33725e739e43082bea375152cf00bc914831558d890fd16074bf05e92e09f41b","0-ef52df56f03d80bc45a5d132111e1aca207b29b805428d1262c8895fe05aab69","root.record.ItemExhibitList.P3AModificationItemGroup.ModificationItemList.ModificationItem.Installation.ImplementationMethodList.ImplementationMethod"
"Air Force Reserve","","","1","1","","","","","","","1.644","1.644","","","","","2015-BASE_PROCUREMENT-2015-AIRFORCE_AIRCRAFT_VOL2-PROCUREMENT_MasterJustificationBook_Air_Force_PB_2015.zzz_unzipped-PROCUREMENT_MasterJustificationBook_Air_Force_PB_2015.xml","0b3cc84504de3dcd8d9b0ee78b03c6179e180dce85fc9cbee3b0fc0b68f603c4","1-4b9b8176bd33e508361d9a1c7bd13f7f889361b4f5b531a3fd83861caea9f3c0","0-ef52df56f03d80bc45a5d132111e1aca207b29b805428d1262c8895fe05aab69","root.record.ItemExhibitList.P3AModificationItemGroup.ModificationItemList.ModificationItem.Installation.ImplementationMethodList.ImplementationMethod"
"Air Force Active","","","6","6","","","","","","","1.961","1.961","","","","","2015-BASE_PROCUREMENT-2015-AIRFORCE_AIRCRAFT_VOL2-PROCUREMENT_MasterJustificationBook_Air_Force_PB_2015.zzz_unzipped-PROCUREMENT_MasterJustificationBook_Air_Force_PB_2015.xml","0b3cc84504de3dcd8d9b0ee78b03c6179e180dce85fc9cbee3b0fc0b68f603c4","0-95db4c85f96b179080f0e107c7fae435fe5ed2ad4d0b1d81927afd79bdeecec0","0-67e3637713cc6c804a130675708283d30b074c4c17df169ea56ab9de8235e24b","root.record.ItemExhibitList.P3AModificationItemGroup.ModificationItemList.ModificationItem.Installation.ImplementationMethodList.ImplementationMethod"
"Air Force Active","","","12","12","","","","","","","2.351","2.351","","","","","2015-BASE_PROCUREMENT-2015-AIRFORCE_AIRCRAFT_VOL2-PROCUREMENT_MasterJustificationBook_Air_Force_PB_2015.zzz_unzipped-PROCUREMENT_MasterJustificationBook_Air_Force_PB_2015.xml","0b3cc84504de3dcd8d9b0ee78b03c6179e180dce85fc9cbee3b0fc0b68f603c4","0-d74f13caad2db1f0d5a4172c7f077b5874c8c0976e3d97de5ee0075fcded000a","0-aee362d3dbe643939d344992f0652188214a2739b9b78af769b4cc4c2772c918","root.record.ItemExhibitList.P3AModificationItemGroup.ModificationItemList.ModificationItem.Installation.ImplementationMethodList.ImplementationMethod"
"Air Force Active","1","1","2","2","","","","","2.557","2.716","5.534","5.534","","","","","2015-BASE_PROCUREMENT-2015-AIRFORCE_AIRCRAFT_VOL2-PROCUREMENT_MasterJustificationBook_Air_Force_PB_2015.zzz_unzipped-PROCUREMENT_MasterJustificationBook_Air_Force_PB_2015.xml","238e5085dc0888e77904efb55416822a25ede521b2dc0ac35009e46fc2ba274d","0-2c7229d9621f5508f22156b7ee064df7bb36ad0f7980cd116fd545b7cafd8858","0-1cca30dc27c63ca46a37878ea6498ce0c143991a8379edfdbbf6e39c75dee4b0","root.record.ItemExhibitList.P3AModificationItemGroup.ModificationItemList.ModificationItem.Installation.ImplementationMethodList.ImplementationMethod"
"Air Force Active","4","2","","","","","","","10.585","6.045","","","","","","","2015-BASE_PROCUREMENT-2015-AIRFORCE_AIRCRAFT_VOL2-PROCUREMENT_MasterJustificationBook_Air_Force_PB_2015.zzz_unzipped-PROCUREMENT_MasterJustificationBook_Air_Force_PB_2015.xml","238e5085dc0888e77904efb55416822a25ede521b2dc0ac35009e46fc2ba274d","0-38c4ae804adb456cac2d3db815cec991cf7947fb0ab80572017b847f7deb601b","0-88f4b1234b0b9a301bbb1b761eefd1e86a6579c261541cc54a1d66fe81ace583","root.record.ItemExhibitList.P3AModificationItemGroup.ModificationItemList.ModificationItem.Installation.ImplementationMethodList.ImplementationMethod"
"Air Force Active","1","1","1","1","","","","","2.6","2.6","2.6","2.6","","","","","2015-BASE_PROCUREMENT-2015-AIRFORCE_AIRCRAFT_VOL2-PROCUREMENT_MasterJustificationBook_Air_Force_PB_2015.zzz_unzipped-PROCUREMENT_MasterJustificationBook_Air_Force_PB_2015.xml","238e5085dc0888e77904efb55416822a25ede521b2dc0ac35009e46fc2ba274d","0-a3a76ce7faaf70ce56726f85b228142abce639801b7718587e17b0449a0b265e","0-4d8c05b2463d06dc1498bba5931a0ccd756aa236b8150a5829ccd85b49fd6ba0","root.record.ItemExhibitList.P3AModificationItemGroup.ModificationItemList.ModificationItem.Installation.ImplementationMethodList.ImplementationMethod"
"Air Force Active","","3","","","","","","","","0.334","","","","","","","2015-BASE_PROCUREMENT-2015-AIRFORCE_AIRCRAFT_VOL2-PROCUREMENT_MasterJustificationBook_Air_Force_PB_2015.zzz_unzipped-PROCUREMENT_MasterJustificationBook_Air_Force_PB_2015.xml","915b03b5c79079cef74c1f5fed99ff94d2a961666ffa690a638fb838766b41c1","0-333e8e9be4192b68879db4b522ed7cccbaf1e4504ccee146b35426611d3968ef","0-110b9088657aa10fc2ad77d13de18c1095d435aa0c214f9cc2baa68bef1f4bcb","root.record.ItemExhibitList.P3AModificationItemGroup.ModificationItemList.ModificationItem.Installation.ImplementationMethodList.ImplementationMethod"
"Air Force Active","0","0","0","0","","","","","4.992","0.913","0.913","0.913","","","","","2015-BASE_PROCUREMENT-2015-AIRFORCE_AIRCRAFT_VOL2-PROCUREMENT_MasterJustificationBook_Air_Force_PB_2015.zzz_unzipped-PROCUREMENT_MasterJustificationBook_Air_Force_PB_2015.xml","915b03b5c79079cef74c1f5fed99ff94d2a961666ffa690a638fb838766b41c1","0-30d5c75d4a15e3d529a695ca472a5a3c94e2515c1b570d69138d27843f47041e","0-e3fe343f3f74ffade3f8937a2543b788e637c56366345c920bb88052daab1fd0","root.record.ItemExhibitList.P3AModificationItemGroup.ModificationItemList.ModificationItem.Installation.ImplementationMethodList.ImplementationMethod"
"Air National Guard","0","","","","","","","","1.664","","","","","","","","2015-BASE_PROCUREMENT-2015-AIRFORCE_AIRCRAFT_VOL2-PROCUREMENT_MasterJustificationBook_Air_Force_PB_2015.zzz_unzipped-PROCUREMENT_MasterJustificationBook_Air_Force_PB_2015.xml","915b03b5c79079cef74c1f5fed99ff94d2a961666ffa690a638fb838766b41c1","1-8a9d58725a665de5a9c7df0a7f5289477b39dcfc51eae105cae204239c60bfac","0-e3fe343f3f74ffade3f8937a2543b788e637c56366345c920bb88052daab1fd0","root.record.ItemExhibitList.P3AModificationItemGroup.ModificationItemList.ModificationItem.Installation.ImplementationMethodList.ImplementationMethod"
"Air Force Reserve","0","","","","","","","","0.832","","","","","","","","2015-BASE_PROCUREMENT-2015-AIRFORCE_AIRCRAFT_VOL2-PROCUREMENT_MasterJustificationBook_Air_Force_PB_2015.zzz_unzipped-PROCUREMENT_MasterJustificationBook_Air_Force_PB_2015.xml","915b03b5c79079cef74c1f5fed99ff94d2a961666ffa690a638fb838766b41c1","2-59fb32f78a31033237eec4ce37be767561e8893a8c45db614ce641c1a65921e1","0-e3fe343f3f74ffade3f8937a2543b788e637c56366345c920bb88052daab1fd0","root.record.ItemExhibitList.P3AModificationItemGroup.ModificationItemList.ModificationItem.Installation.ImplementationMethodList.ImplementationMethod"
"Air Force Active","0","","","","","","","","0.385","","","","","","","","2015-BASE_PROCUREMENT-2015-AIRFORCE_AIRCRAFT_VOL2-PROCUREMENT_MasterJustificationBook_Air_Force_PB_2015.zzz_unzipped-PROCUREMENT_MasterJustificationBook_Air_Force_PB_2015.xml","915b03b5c79079cef74c1f5fed99ff94d2a961666ffa690a638fb838766b41c1","0-e3ea390eee265a073fa642de9419c761ca6f946351e7c7896a883342529c1aa3","0-847bed60518706a01addaf1ef2118d942449127252048dad78e6d94b6b8bb485","root.record.ItemExhibitList.P3AModificationItemGroup.ModificationItemList.ModificationItem.Installation.ImplementationMethodList.ImplementationMethod"
"Air Force Active","","","0","0","2","3","0","0","","","4.975","4.975","12.483","0.000","0.000","0.000","2015-BASE_PROCUREMENT-2015-AIRFORCE_AIRCRAFT_VOL2-PROCUREMENT_MasterJustificationBook_Air_Force_PB_2015.zzz_unzipped-PROCUREMENT_MasterJustificationBook_Air_Force_PB_2015.xml","f589edbc06d76a4949c8665cea83963e382985d5b4eea11b3a6abcd51d15beb8","0-a48b233bb7f9c49c13e09a6356c559dedae46045b8808bf0d05018528140070c","0-61679f48e3c06100fcc22c3e815eacd438d83b89a10ce44f1daae1ef2dbabb94","root.record.ItemExhibitList.P3AModificationItemGroup.ModificationItemList.ModificationItem.Installation.ImplementationMethodList.ImplementationMethod"
"Air Force Active","","15","8","8","","","","","","7.25","4.179","4.179","","","","","2015-BASE_PROCUREMENT-2015-AIRFORCE_AIRCRAFT_VOL2-PROCUREMENT_MasterJustificationBook_Air_Force_PB_2015.zzz_unzipped-PROCUREMENT_MasterJustificationBook_Air_Force_PB_2015.xml","1d0ff418bd7c6cd4e0e89bd791631b1a3c0f2af4c9f1aa7bb064636a8d9f282b","0-e0ddb9be4708d5c985ba739b0cc39bc46b75279946b34bb39a4ede6ccf8b1857","0-f2f89d4a8676a882a60a0062834e7fda59a0c95fe71eb0553065a1f7a53f7902","root.record.ItemExhibitList.P3AModificationItemGroup.ModificationItemList.ModificationItem.Installation.ImplementationMethodList.ImplementationMethod"
"Air National Guard","","","8","8","","","","","","","4.179","4.179","","","","","2015-BASE_PROCUREMENT-2015-AIRFORCE_AIRCRAFT_VOL2-PROCUREMENT_MasterJustificationBook_Air_Force_PB_2015.zzz_unzipped-PROCUREMENT_MasterJustificationBook_Air_Force_PB_2015.xml","1d0ff418bd7c6cd4e0e89bd791631b1a3c0f2af4c9f1aa7bb064636a8d9f282b","1-b5801f7d2b58d53cd1dd28b74816615b46c822c5ab177083694e571ca721e6fd","0-f2f89d4a8676a882a60a0062834e7fda59a0c95fe71eb0553065a1f7a53f7902","root.record.ItemExhibitList.P3AModificationItemGroup.ModificationItemList.ModificationItem.Installation.ImplementationMethodList.ImplementationMethod"
"Air Force Reserve","","","3","3","","","","","","","1.568","1.568","","","","","2015-BASE_PROCUREMENT-2015-AIRFORCE_AIRCRAFT_VOL2-PROCUREMENT_MasterJustificationBook_Air_Force_PB_2015.zzz_unzipped-PROCUREMENT_MasterJustificationBook_Air_Force_PB_2015.xml","1d0ff418bd7c6cd4e0e89bd791631b1a3c0f2af4c9f1aa7bb064636a8d9f282b","2-0e15e2ff2598dcd5db7281edb82f1ca1944e4297046be4cbe3139a03d4246dea","0-f2f89d4a8676a882a60a0062834e7fda59a0c95fe71eb0553065a1f7a53f7902","root.record.ItemExhibitList.P3AModificationItemGroup.ModificationItemList.ModificationItem.Installation.ImplementationMethodList.ImplementationMethod"
"Air Force Active","","","7","7","","","","","","","43.127","43.127","","","","","2015-BASE_PROCUREMENT-2015-AIRFORCE_AIRCRAFT_VOL2-PROCUREMENT_MasterJustificationBook_Air_Force_PB_2015.zzz_unzipped-PROCUREMENT_MasterJustificationBook_Air_Force_PB_2015.xml","a48921b64d03b92f38e99229622434b0339f2788458c62c08f23ae8dd17a6497","0-812a183f4d100de302896dd9022bf003d5c494bd0b731000ba9c3c071756f7c6","0-cd6989f0ba32514933fdbefd8aa2b124578f64ac134390c1c20070feb0c1750d","root.record.ItemExhibitList.P3AModificationItemGroup.ModificationItemList.ModificationItem.Installation.ImplementationMethodList.ImplementationMethod"
"Air Force Active","4","8","15","15","","","","","1.833","5.603","10.695","10.695","","","","","2015-BASE_PROCUREMENT-2015-AIRFORCE_AIRCRAFT_VOL2-PROCUREMENT_MasterJustificationBook_Air_Force_PB_2015.zzz_unzipped-PROCUREMENT_MasterJustificationBook_Air_Force_PB_2015.xml","855eae1cbb61b6501bc214ee71975773395e237741d724826b960bf4c434431a","0-5d589a65ae8acffa8fc606f9d9704b3c8e593be58c07beb6eb2d2978eb0803dd","0-4448274128343a717941f5817a3a10a2edf9f5e9a057e1cc204b63afd7709f2d","root.record.ItemExhibitList.P3AModificationItemGroup.ModificationItemList.ModificationItem.Installation.ImplementationMethodList.ImplementationMethod"
"Air Force Active","16","10","8","8","","","","","2.044","4.347","0.000","0.000","","","","","2015-BASE_PROCUREMENT-2015-AIRFORCE_AIRCRAFT_VOL2-PROCUREMENT_MasterJustificationBook_Air_Force_PB_2015.zzz_unzipped-PROCUREMENT_MasterJustificationBook_Air_Force_PB_2015.xml","855eae1cbb61b6501bc214ee71975773395e237741d724826b960bf4c434431a","0-ed180978cd1c1765731cd2a1c89d9bd241a5f7fd7c01a4da9f1825bc313fde12","0-2e810dacc3788e2db8fb252c18b26c494fc1bf563be39bb6f83fe75571ccdb3c","root.record.ItemExhibitList.P3AModificationItemGroup.ModificationItemList.ModificationItem.Installation.ImplementationMethodList.ImplementationMethod"
"Air National Guard","8","7","13","13","","","","","0.000","0.000","0.000","0.000","","","","","2015-BASE_PROCUREMENT-2015-AIRFORCE_AIRCRAFT_VOL2-PROCUREMENT_MasterJustificationBook_Air_Force_PB_2015.zzz_unzipped-PROCUREMENT_MasterJustificationBook_Air_Force_PB_2015.xml","855eae1cbb61b6501bc214ee71975773395e237741d724826b960bf4c434431a","1-44d609a1c8688e8996ea98e05d9133d0b83e5373d6f7a2ee431d947090dd497a","0-2e810dacc3788e2db8fb252c18b26c494fc1bf563be39bb6f83fe75571ccdb3c","root.record.ItemExhibitList.P3AModificationItemGroup.ModificationItemList.ModificationItem.Installation.ImplementationMethodList.ImplementationMethod"
"Air Force Active","6","","45","45","","","","","0.000","","3.072","3.072","","","","","2015-BASE_PROCUREMENT-2015-AIRFORCE_AIRCRAFT_VOL2-PROCUREMENT_MasterJustificationBook_Air_Force_PB_2015.zzz_unzipped-PROCUREMENT_MasterJustificationBook_Air_Force_PB_2015.xml","855eae1cbb61b6501bc214ee71975773395e237741d724826b960bf4c434431a","0-5f7a42b24b31310d3f7897263f787130b6bf85ecef1924efdc343012bbf1d1a3","0-411344932978c39a5985e767a845c0a75fcb8afded96f713241dd504ec7ff7e2","root.record.ItemExhibitList.P3AModificationItemGroup.ModificationItemList.ModificationItem.Installation.ImplementationMethodList.ImplementationMethod"
"Air Force Active","","75","44","44","","","","","","2.817","2.279","2.279","","","","","2015-BASE_PROCUREMENT-2015-AIRFORCE_AIRCRAFT_VOL2-PROCUREMENT_MasterJustificationBook_Air_Force_PB_2015.zzz_unzipped-PROCUREMENT_MasterJustificationBook_Air_Force_PB_2015.xml","855eae1cbb61b6501bc214ee71975773395e237741d724826b960bf4c434431a","0-55c634bd824c9ed6f4e8234915e89ca7f9d4364ff3184f4d7dadb51fdca8d4a8","0-46b6fbb7cedddd0eeae79f0dc4a32f8991870343541c3b78f2584238a0e3667b","root.record.ItemExhibitList.P3AModificationItemGroup.ModificationItemList.ModificationItem.Installation.ImplementationMethodList.ImplementationMethod"
"Air National Guard","","25","","","","","","","","0.615","","","","","","","2015-BASE_PROCUREMENT-2015-AIRFORCE_AIRCRAFT_VOL2-PROCUREMENT_MasterJustificationBook_Air_Force_PB_2015.zzz_unzipped-PROCUREMENT_MasterJustificationBook_Air_Force_PB_2015.xml","855eae1cbb61b6501bc214ee71975773395e237741d724826b960bf4c434431a","1-0dac852a678ea8b146c41ba56d8bc7e73d41d885a9fe3c7568e0af7d36e40f78","0-46b6fbb7cedddd0eeae79f0dc4a32f8991870343541c3b78f2584238a0e3667b","root.record.ItemExhibitList.P3AModificationItemGroup.ModificationItemList.ModificationItem.Installation.ImplementationMethodList.ImplementationMethod"
"Air Force Active","23","27","30","30","13","","","","7.511","12.333","12.4","12.4","5.06","","","","2015-BASE_PROCUREMENT-2015-AIRFORCE_AIRCRAFT_VOL2-PROCUREMENT_MasterJustificationBook_Air_Force_PB_2015.zzz_unzipped-PROCUREMENT_MasterJustificationBook_Air_Force_PB_2015.xml","e0999d2b89817dbe0cc954d07a44ef1ad1938f20a6bca9d4306e26527654e26d","0-e9c39ce9599fa83798d6c44bc4740cebabd967178c303a920f5fb10d56cdd647","0-63aa85493520c51219622c6f2fb791356f53aefa519d3f6d26019b4de8876d50","root.record.ItemExhibitList.P3AModificationItemGroup.ModificationItemList.ModificationItem.Installation.ImplementationMethodList.ImplementationMethod"
"Air National Guard","","","","","11","9","","","","","","","4.281","4.179","","","2015-BASE_PROCUREMENT-2015-AIRFORCE_AIRCRAFT_VOL2-PROCUREMENT_MasterJustificationBook_Air_Force_PB_2015.zzz_unzipped-PROCUREMENT_MasterJustificationBook_Air_Force_PB_2015.xml","e0999d2b89817dbe0cc954d07a44ef1ad1938f20a6bca9d4306e26527654e26d","1-ca127273c1d5a1c836ae4cb7ce22f1fadb1a06a85b9a4a930300dea1c625c4e4","0-63aa85493520c51219622c6f2fb791356f53aefa519d3f6d26019b4de8876d50","root.record.ItemExhibitList.P3AModificationItemGroup.ModificationItemList.ModificationItem.Installation.ImplementationMethodList.ImplementationMethod"
"Air Force Active","","","248","248","190","221","189","189","","","16.145","16.145","7.778","7.778","7.778","6.824","2015-BASE_PROCUREMENT-2015-AIRFORCE_AIRCRAFT_VOL2-PROCUREMENT_MasterJustificationBook_Air_Force_PB_2015.zzz_unzipped-PROCUREMENT_MasterJustificationBook_Air_Force_PB_2015.xml","e0999d2b89817dbe0cc954d07a44ef1ad1938f20a6bca9d4306e26527654e26d","0-1aa5ea562a8c04c8f1eb808e3ed9662e93643d5556602f7d00830bcd117a0973","0-23d34ffc497f97f8526a3e680bff9c196309a16900b5b8413db6d3dea651c381","root.record.ItemExhibitList.P3AModificationItemGroup.ModificationItemList.ModificationItem.Installation.ImplementationMethodList.ImplementationMethod"
"Air Force Active","442","1733","993","993","758","883","757","757","59.508","44.927","34.608","34.608","35.705","29.53","29.85","26.105","2015-BASE_PROCUREMENT-2015-AIRFORCE_AIRCRAFT_VOL2-PROCUREMENT_MasterJustificationBook_Air_Force_PB_2015.zzz_unzipped-PROCUREMENT_MasterJustificationBook_Air_Force_PB_2015.xml","e0999d2b89817dbe0cc954d07a44ef1ad1938f20a6bca9d4306e26527654e26d","0-65c4865883e537b34878426767046b8f2b6ed2327b11af920217332a9cd8774b","1-ea58b81d36374ce7bb959e32edb76535ca9cfebbf4bd2be34ec4042fb111fa18","root.record.ItemExhibitList.P3AModificationItemGroup.ModificationItemList.ModificationItem.Installation.ImplementationMethodList.ImplementationMethod"
"Air National Guard","59","324","197","197","86","34","14","14","2.6","10.335","5.028","5.028","6.863","6.863","6.863","6.047","2015-BASE_PROCUREMENT-2015-AIRFORCE_AIRCRAFT_VOL2-PROCUREMENT_MasterJustificationBook_Air_Force_PB_2015.zzz_unzipped-PROCUREMENT_MasterJustificationBook_Air_Force_PB_2015.xml","e0999d2b89817dbe0cc954d07a44ef1ad1938f20a6bca9d4306e26527654e26d","1-53e921ebd2ba3f381aba046b42d9cb755156256642ba6bb08c8bc55501175dde","1-ea58b81d36374ce7bb959e32edb76535ca9cfebbf4bd2be34ec4042fb111fa18","root.record.ItemExhibitList.P3AModificationItemGroup.ModificationItemList.ModificationItem.Installation.ImplementationMethodList.ImplementationMethod"
"Air Force Active","","","234","234","275","213","172","196","","","0.571","0.571","0.318","0.335","0.337","0.027","2015-BASE_PROCUREMENT-2015-AIRFORCE_AIRCRAFT_VOL2-PROCUREMENT_MasterJustificationBook_Air_Force_PB_2015.zzz_unzipped-PROCUREMENT_MasterJustificationBook_Air_Force_PB_2015.xml","e0999d2b89817dbe0cc954d07a44ef1ad1938f20a6bca9d4306e26527654e26d","0-5585af139636bfa8d52337842b8594f2ad1c3bc1b34af1382cf9db7b9bb24605","0-fbc48864c97c275922df8f99ba829d0d78e0a455dd8e03a8a61c3028fbc44d95","root.record.ItemExhibitList.P3AModificationItemGroup.ModificationItemList.ModificationItem.Installation.ImplementationMethodList.ImplementationMethod"
"Air Force Active","352","100","938","938","1100","851","737","782","1.142","4.667","2.282","2.282","1.27","7.462","6.347","5.109","2015-BASE_PROCUREMENT-2015-AIRFORCE_AIRCRAFT_VOL2-PROCUREMENT_MasterJustificationBook_Air_Force_PB_2015.zzz_unzipped-PROCUREMENT_MasterJustificationBook_Air_Force_PB_2015.xml","e0999d2b89817dbe0cc954d07a44ef1ad1938f20a6bca9d4306e26527654e26d","0-d250e04d72004b9afa8012888cdc3f81f64ac38ec7e7f10a6a341d7cd2a36d95","1-ca1b16d1f897cceb92f76b819550f632f74f1343b3f31dd8254157fe65266755","root.record.ItemExhibitList.P3AModificationItemGroup.ModificationItemList.ModificationItem.Installation.ImplementationMethodList.ImplementationMethod"
"Air National Guard","38","96","104","104","149","116","99","106","0.124","0.069","0.31","0.31","0.173","0.866","0.183","0.015","2015-BASE_PROCUREMENT-2015-AIRFORCE_AIRCRAFT_VOL2-PROCUREMENT_MasterJustificationBook_Air_Force_PB_2015.zzz_unzipped-PROCUREMENT_MasterJustificationBook_Air_Force_PB_2015.xml","e0999d2b89817dbe0cc954d07a44ef1ad1938f20a6bca9d4306e26527654e26d","1-1d89e876780a27fbcee2e44cab3b42512b1539b8312f457e65adcf5acf87ecb0","1-ca1b16d1f897cceb92f76b819550f632f74f1343b3f31dd8254157fe65266755","root.record.ItemExhibitList.P3AModificationItemGroup.ModificationItemList.ModificationItem.Installation.ImplementationMethodList.ImplementationMethod"
"Air Force Active","15","15","25","25","21","21","8","","48.614","16.341","30.032","30.032","27.369","33.469","8.4","","2015-BASE_PROCUREMENT-2015-AIRFORCE_AIRCRAFT_VOL2-PROCUREMENT_MasterJustificationBook_Air_Force_PB_2015.zzz_unzipped-PROCUREMENT_MasterJustificationBook_Air_Force_PB_2015.xml","e0999d2b89817dbe0cc954d07a44ef1ad1938f20a6bca9d4306e26527654e26d","0-8a34017f281532014746971896d1ae8ffce3663a41ae77b0fe1be92274ba6acc","0-fe74bdd9d96310357eee4dbe80a14e066366eef6b80f3e7f41dd8b3c15fd9152","root.record.ItemExhibitList.P3AModificationItemGroup.ModificationItemList.ModificationItem.Installation.ImplementationMethodList.ImplementationMethod"
"Air National Guard","2","3","","","","","7","13","1.68","5.727","","","","","9.602","6.339","2015-BASE_PROCUREMENT-2015-AIRFORCE_AIRCRAFT_VOL2-PROCUREMENT_MasterJustificationBook_Air_Force_PB_2015.zzz_unzipped-PROCUREMENT_MasterJustificationBook_Air_Force_PB_2015.xml","e0999d2b89817dbe0cc954d07a44ef1ad1938f20a6bca9d4306e26527654e26d","1-b666ca5e125e1f8afdbafaaa986803cc891626014239987678d7e4fa6e1c8ef2","0-fe74bdd9d96310357eee4dbe80a14e066366eef6b80f3e7f41dd8b3c15fd9152","root.record.ItemExhibitList.P3AModificationItemGroup.ModificationItemList.ModificationItem.Installation.ImplementationMethodList.ImplementationMethod"
"Air Force Active","","22","8","8","10","10","10","10","","9.19","6.925","6.925","0.35","0.65","0.677","0.285","2015-BASE_PROCUREMENT-2015-AIRFORCE_AIRCRAFT_VOL2-PROCUREMENT_MasterJustificationBook_Air_Force_PB_2015.zzz_unzipped-PROCUREMENT_MasterJustificationBook_Air_Force_PB_2015.xml","e0999d2b89817dbe0cc954d07a44ef1ad1938f20a6bca9d4306e26527654e26d","0-f7556ed36e90cd67d488d40812153c89406daa5e8d4d8923e995dafa126e9b01","0-0851adbb001c0f1ec3295aca623f401d95b60e7b1f02ef0d6b7f457e2e6e8417","root.record.ItemExhibitList.P3AModificationItemGroup.ModificationItemList.ModificationItem.Installation.ImplementationMethodList.ImplementationMethod"
"Air Force Active","","","","","","","35","36","","","","","","","9.5","12.285","2015-BASE_PROCUREMENT-2015-AIRFORCE_AIRCRAFT_VOL2-PROCUREMENT_MasterJustificationBook_Air_Force_PB_2015.zzz_unzipped-PROCUREMENT_MasterJustificationBook_Air_Force_PB_2015.xml","a8a6e5bc3013496d237ccecb8631798e1f6fde8d6f32dd9210c3a80ded847d47","0-2d83fff2ad8389ed767661dc5d325f157d9ae542088e6680e57871434d6b1971","0-7aab7b4f5bcdc889b62bdd09adfe43662c2ad57e6dc1d7de54edf2ece671ed5f","root.record.ItemExhibitList.P3AModificationItemGroup.ModificationItemList.ModificationItem.Installation.ImplementationMethodList.ImplementationMethod"
"Air Force Active","20","31","12","12","","","","","0.98","1.922","0.756","0.756","","","","","2015-BASE_PROCUREMENT-2015-AIRFORCE_OTHER-PROCUREMENT_JustificationBook_Air_Force_PB_2015.zzz_unzipped-PROCUREMENT_JustificationBook_Air_Force_PB_2015.xml","468bc985f6e66df36e06ea9a96c28ec64edcebf0d6674e83420127564b1094c0","0-568ba483d680592242518342eebb959849dc75cbfae209f1bc802c61b45e5e71","0-ba2e505dcf3b57aa565d62568d1d829e246326ea99e6cc7f9820b4fc6e7eb773","root.record.ItemExhibitList.P3AModificationItemGroup.ModificationItemList.ModificationItem.Installation.ImplementationMethodList.ImplementationMethod"
"Air National Guard","","2","","","","","","","","0.124","","","","","","","2015-BASE_PROCUREMENT-2015-AIRFORCE_OTHER-PROCUREMENT_JustificationBook_Air_Force_PB_2015.zzz_unzipped-PROCUREMENT_JustificationBook_Air_Force_PB_2015.xml","468bc985f6e66df36e06ea9a96c28ec64edcebf0d6674e83420127564b1094c0","1-34f4b79e50f7a79224862ac08a593f726462804a7b00f93810abac99a851c63e","0-ba2e505dcf3b57aa565d62568d1d829e246326ea99e6cc7f9820b4fc6e7eb773","root.record.ItemExhibitList.P3AModificationItemGroup.ModificationItemList.ModificationItem.Installation.ImplementationMethodList.ImplementationMethod"
"Air Force Reserve","","6","3","3","","","","","","0.372","0.189","0.189","","","","","2015-BASE_PROCUREMENT-2015-AIRFORCE_OTHER-PROCUREMENT_JustificationBook_Air_Force_PB_2015.zzz_unzipped-PROCUREMENT_JustificationBook_Air_Force_PB_2015.xml","468bc985f6e66df36e06ea9a96c28ec64edcebf0d6674e83420127564b1094c0","2-1387639213e0c4159615dc2964652d6a2f999e689af26f1e3706075386253da6","0-ba2e505dcf3b57aa565d62568d1d829e246326ea99e6cc7f9820b4fc6e7eb773","root.record.ItemExhibitList.P3AModificationItemGroup.ModificationItemList.ModificationItem.Installation.ImplementationMethodList.ImplementationMethod"
"Air Force Active","20","31","12","12","","","","","0.98","1.922","0.756","0.756","","","","","2015-BASE_PROCUREMENT-2015-AIRFORCE_OTHER-PROCUREMENT_MasterJustificationBook_Air_Force_PB_2015.zzz_unzipped-PROCUREMENT_MasterJustificationBook_Air_Force_PB_2015.xml","38574a0eb107b9f7269a65b5cd9e3370a0cecba368536b676cf0c3e78bac69ac","0-a7ea154bcc3f6bb3d2e4fd55546bbd99cb383ce4f2d2717df277f1eee0d2420f","0-bf94c54cace91a0d85b83cc8ea54381b4187ed75cfd1aef57de4ce7f53b5190a","root.record.ItemExhibitList.P3AModificationItemGroup.ModificationItemList.ModificationItem.Installation.ImplementationMethodList.ImplementationMethod"
"Air National Guard","","2","","","","","","","","0.124","","","","","","","2015-BASE_PROCUREMENT-2015-AIRFORCE_OTHER-PROCUREMENT_MasterJustificationBook_Air_Force_PB_2015.zzz_unzipped-PROCUREMENT_MasterJustificationBook_Air_Force_PB_2015.xml","38574a0eb107b9f7269a65b5cd9e3370a0cecba368536b676cf0c3e78bac69ac","1-8eb83a6d345a0aee2ba4e7d7b604c7b317c21ad8bc8f921fcb29dbc510124a23","0-bf94c54cace91a0d85b83cc8ea54381b4187ed75cfd1aef57de4ce7f53b5190a","root.record.ItemExhibitList.P3AModificationItemGroup.ModificationItemList.ModificationItem.Installation.ImplementationMethodList.ImplementationMethod"
"Air Force Reserve","","6","3","3","","","","","","0.372","0.189","0.189","","","","","2015-BASE_PROCUREMENT-2015-AIRFORCE_OTHER-PROCUREMENT_MasterJustificationBook_Air_Force_PB_2015.zzz_unzipped-PROCUREMENT_MasterJustificationBook_Air_Force_PB_2015.xml","38574a0eb107b9f7269a65b5cd9e3370a0cecba368536b676cf0c3e78bac69ac","2-eb056c95d834144707d09ca82c394a73b6b8bc5d95c1b465dcd17eae304b06c8","0-bf94c54cace91a0d85b83cc8ea54381b4187ed75cfd1aef57de4ce7f53b5190a","root.record.ItemExhibitList.P3AModificationItemGroup.ModificationItemList.ModificationItem.Installation.ImplementationMethodList.ImplementationMethod"
"Air Force Active","1","1","2","2","","","","","2.557","2.716","5.534","5.534","","","","","2015-AMENDED_PROCUREMENT_AND_RDTE-2015-AIRFORCE_AMMO-PROCUREMENT_JustificationBook_Air_Force_PBAmended_2015.zzz_unzipped-PROCUREMENT_JustificationBook_Air_Force_PBAmended_2015.xml","5d0eeab0e5f827704ba2a685913a7359c919753ae300be7e875ee61ae60888e4","0-5aaa66858c70caac29d3f35595889bf13f351a6a61fa89189b321e84245e6068","0-5c844b9cdc41a5e30887ef4b2d0c1625d46faf94e0654d8b7ed20b48ff6b9c1e","root.record.ItemExhibitList.P3AModificationItemGroup.ModificationItemList.ModificationItem.Installation.ImplementationMethodList.ImplementationMethod"
"Air Force Active","4","2","","","","","","","10.585","6.045","","","","","","","2015-AMENDED_PROCUREMENT_AND_RDTE-2015-AIRFORCE_AMMO-PROCUREMENT_JustificationBook_Air_Force_PBAmended_2015.zzz_unzipped-PROCUREMENT_JustificationBook_Air_Force_PBAmended_2015.xml","5d0eeab0e5f827704ba2a685913a7359c919753ae300be7e875ee61ae60888e4","0-183951e3bc14210166d40d615968921767ba3f5539c1f580853eb713b2e7a05d","0-967fff33fe4ce4d8f86ce75b84a8338b277c027bebb7be3dcf4ca9d03d4c9035","root.record.ItemExhibitList.P3AModificationItemGroup.ModificationItemList.ModificationItem.Installation.ImplementationMethodList.ImplementationMethod"
"Air Force Active","1","1","1","1","","","","","2.6","2.6","2.6","2.6","","","","","2015-AMENDED_PROCUREMENT_AND_RDTE-2015-AIRFORCE_AMMO-PROCUREMENT_JustificationBook_Air_Force_PBAmended_2015.zzz_unzipped-PROCUREMENT_JustificationBook_Air_Force_PBAmended_2015.xml","5d0eeab0e5f827704ba2a685913a7359c919753ae300be7e875ee61ae60888e4","0-562a0118f3a37c011213fa3e1d848b5b85f43a2b61e92bd55100c0d54e6d6998","0-0131c0523e686a7f854b0cb3bf8fb429aceae000e55981e7bb5f5f7d171046e9","root.record.ItemExhibitList.P3AModificationItemGroup.ModificationItemList.ModificationItem.Installation.ImplementationMethodList.ImplementationMethod"
"Air Force Active","","","0","0","2","3","2","0","","","6.68","6.68","12.483","0.000","0.000","0.000","2015-AMENDED_PROCUREMENT_AND_RDTE-2015-AIRFORCE_AMMO-PROCUREMENT_JustificationBook_Air_Force_PBAmended_2015.zzz_unzipped-PROCUREMENT_JustificationBook_Air_Force_PBAmended_2015.xml","3cdf5370d6aa06ad598534cb0c149c4f22f6fb738ead93645d4b6f4becdfa971","0-6c9b1933d761f335bf869373ae8e7aa2e246618761b189ef789569284c907ba3","0-86a6f5c382993d5b009c1c076826f4076ebda6ee49a83b0d7c99b5aa8c5e1f0b","root.record.ItemExhibitList.P3AModificationItemGroup.ModificationItemList.ModificationItem.Installation.ImplementationMethodList.ImplementationMethod"
"Air Force Active","1","1","2","2","","","","","2.557","2.716","5.534","5.534","","","","","2015-AMENDED_PROCUREMENT_AND_RDTE-2015-AIRFORCE_AMMO-PROCUREMENT_MasterJustificationBook_Air_Force_PBAmended_2015.zzz_unzipped-PROCUREMENT_MasterJustificationBook_Air_Force_PBAmended_2015.xml","308f697704d8ddc7394defea12f143515a17c085f8cd1988f241494e4852d23c","0-2d7e4b6c6c557412308bda82f3760de0a5e106b75fe4773879d1977bc2e5e63e","0-521ee2e6d05ece1715c1b93487d57ea7cdb1fbb6260fde755da868c7996394ce","root.record.ItemExhibitList.P3AModificationItemGroup.ModificationItemList.ModificationItem.Installation.ImplementationMethodList.ImplementationMethod"
"Air Force Active","4","2","","","","","","","10.585","6.045","","","","","","","2015-AMENDED_PROCUREMENT_AND_RDTE-2015-AIRFORCE_AMMO-PROCUREMENT_MasterJustificationBook_Air_Force_PBAmended_2015.zzz_unzipped-PROCUREMENT_MasterJustificationBook_Air_Force_PBAmended_2015.xml","308f697704d8ddc7394defea12f143515a17c085f8cd1988f241494e4852d23c","0-65148fafdb605fb2471a86135d1c3f9db1d3e7e2546ebb82e1927dce807ebade","0-7529ebb280b37a76ce485dd6e9cafe9a228c8b0e12bf303bb98344be3aa25495","root.record.ItemExhibitList.P3AModificationItemGroup.ModificationItemList.ModificationItem.Installation.ImplementationMethodList.ImplementationMethod"
"Air Force Active","1","1","1","1","","","","","2.6","2.6","2.6","2.6","","","","","2015-AMENDED_PROCUREMENT_AND_RDTE-2015-AIRFORCE_AMMO-PROCUREMENT_MasterJustificationBook_Air_Force_PBAmended_2015.zzz_unzipped-PROCUREMENT_MasterJustificationBook_Air_Force_PBAmended_2015.xml","308f697704d8ddc7394defea12f143515a17c085f8cd1988f241494e4852d23c","0-f23911adcae81fd8957e48cf1f888a1ce5c6866061cab2cc67c678e23efaf3b4","0-4abfac30e032942916631bf6dacdd41aa079fcfd4d0c1578c0360d137ddf23da","root.record.ItemExhibitList.P3AModificationItemGroup.ModificationItemList.ModificationItem.Installation.ImplementationMethodList.ImplementationMethod"
"Air Force Active","","","0","0","2","3","2","0","","","6.68","6.68","12.483","0.000","0.000","0.000","2015-AMENDED_PROCUREMENT_AND_RDTE-2015-AIRFORCE_AMMO-PROCUREMENT_MasterJustificationBook_Air_Force_PBAmended_2015.zzz_unzipped-PROCUREMENT_MasterJustificationBook_Air_Force_PBAmended_2015.xml","3422ac66d0ea6fb81b14f56ab36db4a0f72d47732900596259b15b9bc0499223","0-4f07b029c964ff240a8d577d1232ed14d693f4d35fc66451cf6f594c2bf2ebcd","0-70bac1b1857387b01af872e958c588e363625760239f1e471326ee12b0c63875","root.record.ItemExhibitList.P3AModificationItemGroup.ModificationItemList.ModificationItem.Installation.ImplementationMethodList.ImplementationMethod"
