FiscalYear_val,PCOLocation_val,AwardDate_val,FirstDeliveryDate_val,Quantity_val,UnitCost_val,SpecsAvailableNow_val,RFPIssueDate_val,ContractMethod_val,ContractType_val,MonthlyDeliveryScheduleList_MonthlyDeliverySchedule_ServiceAgencyName_val,MonthlyDeliveryScheduleList_MonthlyDeliverySchedule_ServiceAgencyName_@footnote,MonthlyDeliveryScheduleList_MonthlyDeliverySchedule_ProcQuantity_val,MonthlyDeliveryScheduleList_MonthlyDeliverySchedule_AcceptedBeforeOct1_val,@SOURCE_FILENAME,@RECORDID,@ROWID,FundingVehicle_val,MonthlyDeliveryScheduleTotal_ProcQuantity_val,MonthlyDeliveryScheduleTotal_MonthlyDeliveryList_MonthlyDelivery,RevisionsAvailableDate_val,@PARENTROWID,@PARENT
"2011","303 AESG/PK","2011-12","2014-03","2","103.702","true","2010-03","SS","FPIF","Air Force","","2","0","2013-BASE_PROCUREMENT-2013-AIRFORCE_AIRCRAFT_VOL1-JustificationBook_Air_Force_PB_2013.zzz_unzipped-JustificationBook_Air_Force_PB_2013.xml","b8fa5f8711ad2e5472ab82f8ae7a634c0ce171a77ff119a3b27bbb1b6f64f8eb","0-a700fe5104dfa79e8a683183ec7b1f0687683ec6b352424f21fbb6c926b75b0e","","","","","2-c8e59047052eae586adcf23719a2752245655f482e495c233647c8889656c275","root.record.ItemExhibitList.P5Item.CostElementCategoryList.Vehicles.Recurring.CostElementList.CostElement"
"2012","303 AESG/PK","2012-12","2014-12","3","121.047","true","2012-01","SS","FPIF","Air Force","","3","0","2013-BASE_PROCUREMENT-2013-AIRFORCE_AIRCRAFT_VOL1-JustificationBook_Air_Force_PB_2013.zzz_unzipped-JustificationBook_Air_Force_PB_2013.xml","b8fa5f8711ad2e5472ab82f8ae7a634c0ce171a77ff119a3b27bbb1b6f64f8eb","1-45ca58336fe3b68eeffa9a84ba382f8ca36b3604ace769107e2d6b6c435bcddf","","","","","2-c8e59047052eae586adcf23719a2752245655f482e495c233647c8889656c275","root.record.ItemExhibitList.P5Item.CostElementCategoryList.Vehicles.Recurring.CostElementList.CostElement"
"2011","303 AESG/PK","2011-12","2014-04","2","105.294","true","2010-03","SS","FPIF","Air Force","","2","0","2013-BASE_PROCUREMENT-2013-AIRFORCE_AIRCRAFT_VOL1-JustificationBook_Air_Force_PB_2013.zzz_unzipped-JustificationBook_Air_Force_PB_2013.xml","b8fa5f8711ad2e5472ab82f8ae7a634c0ce171a77ff119a3b27bbb1b6f64f8eb","0-b60f1682939926ac6ebcffb95a9d8ca29c530b019bf25413d0a6e6202ae0302c","","","","","3-f47bba6b09578b9c706e5bc9abd2a0175110b435d8a56abb5685c75b4844df40","root.record.ItemExhibitList.P5Item.CostElementCategoryList.Vehicles.Recurring.CostElementList.CostElement"
"2009","303 AESG/PK","2011-02","2011-05","2","21.821","true","2008-01","SS","FPIF","Air Force","","2","0","2013-BASE_PROCUREMENT-2013-AIRFORCE_AIRCRAFT_VOL1-JustificationBook_Air_Force_PB_2013.zzz_unzipped-JustificationBook_Air_Force_PB_2013.xml","b8fa5f8711ad2e5472ab82f8ae7a634c0ce171a77ff119a3b27bbb1b6f64f8eb","0-be0cb7e42f659d29ab76de0d95d8521d4bf67ce998746bb8605dfdfc03c76956","","","","","0-b8a3be0afc816eff28f5578671cb7015d352b48849073a726ec2639dc37c5ab7","root.record.ItemExhibitList.P5Item.CostElementCategoryList.Vehicles.Recurring.CostElementList.CostElement"
"2011","303 AESG/PK","2011-12","2014-03","2","103.702","true","2010-03","SS","FPIF","Air Force","","2","0","2013-BASE_PROCUREMENT-2013-AIRFORCE_AIRCRAFT_VOL2-MasterJustificationBook_Air_Force_PB_2013.zzz_unzipped-MasterJustificationBook_Air_Force_PB_2013.xml","1f4f127078b801cf69bd1d343ce10449d87168a46400edc6f8142cdafd8b4153","0-186226d2bb5a818eb6b7d170c779345c5ecdbf37ba18c3c5f384e967065ff6e9","","","","","2-233c21c7a3ca50af43d9ed643c554f8bf01632bb1318ae1ab4b126525e1198aa","root.record.ItemExhibitList.P5Item.CostElementCategoryList.Vehicles.Recurring.CostElementList.CostElement"
"2012","303 AESG/PK","2012-12","2014-12","3","121.047","true","2012-01","SS","FPIF","Air Force","","3","0","2013-BASE_PROCUREMENT-2013-AIRFORCE_AIRCRAFT_VOL2-MasterJustificationBook_Air_Force_PB_2013.zzz_unzipped-MasterJustificationBook_Air_Force_PB_2013.xml","1f4f127078b801cf69bd1d343ce10449d87168a46400edc6f8142cdafd8b4153","1-35e1432a68a53b208b5ea6b97ccd6e0dfa7f8edf3b57340746a93f64eaccad08","","","","","2-233c21c7a3ca50af43d9ed643c554f8bf01632bb1318ae1ab4b126525e1198aa","root.record.ItemExhibitList.P5Item.CostElementCategoryList.Vehicles.Recurring.CostElementList.CostElement"
"2011","303 AESG/PK","2011-12","2014-04","2","105.294","true","2010-03","SS","FPIF","Air Force","","2","0","2013-BASE_PROCUREMENT-2013-AIRFORCE_AIRCRAFT_VOL2-MasterJustificationBook_Air_Force_PB_2013.zzz_unzipped-MasterJustificationBook_Air_Force_PB_2013.xml","1f4f127078b801cf69bd1d343ce10449d87168a46400edc6f8142cdafd8b4153","0-c5392601b9d0cc5a1c2da28fe93b32587fd8c4e9f1ae34f71f29722d4428e882","","","","","3-1c446e8138a7fbc61cc39d9e794a5cf6f85563b260e7e8881a8dc9f8b01b1ad3","root.record.ItemExhibitList.P5Item.CostElementCategoryList.Vehicles.Recurring.CostElementList.CostElement"
"2009","303 AESG/PK","2011-02","2011-05","2","21.821","true","2008-01","SS","FPIF","Air Force","","2","0","2013-BASE_PROCUREMENT-2013-AIRFORCE_AIRCRAFT_VOL2-MasterJustificationBook_Air_Force_PB_2013.zzz_unzipped-MasterJustificationBook_Air_Force_PB_2013.xml","1f4f127078b801cf69bd1d343ce10449d87168a46400edc6f8142cdafd8b4153","0-784d00b315a949d4dcac202a6ef3b32e3b222b6d148b88ef5300c24268798b09","","","","","0-0c01f614823288510a7e6b03370f491175cd815ab1ceb8a98521ef9db4b03f71","root.record.ItemExhibitList.P5Item.CostElementCategoryList.Vehicles.Recurring.CostElementList.CostElement"
"2011","303 AESG/PK","2011-12","2014-03","2","103.702","true","2010-03","SS","FPIF","Air Force","","2","0","2013-BASE_PROCUREMENT-2013-AIRFORCE_AIRCRAFT_VOL1-MasterJustificationBook_Air_Force_PB_2013.zzz_unzipped-MasterJustificationBook_Air_Force_PB_2013.xml","a7c6bab01f0a3102b466c221b8193722f8b6637d9b29cc98c18c29fc94b0ad9b","0-b9df1346d4306b0fe81bc269cfe95aee361be9833f6a06043f6893bf9d7dd34a","","","","","2-90fdfae02aa1e0bf1009c8c30fd01fac46e95458370518a54b2e95f44a5f19b0","root.record.ItemExhibitList.P5Item.CostElementCategoryList.Vehicles.Recurring.CostElementList.CostElement"
"2012","303 AESG/PK","2012-12","2014-12","3","121.047","true","2012-01","SS","FPIF","Air Force","","3","0","2013-BASE_PROCUREMENT-2013-AIRFORCE_AIRCRAFT_VOL1-MasterJustificationBook_Air_Force_PB_2013.zzz_unzipped-MasterJustificationBook_Air_Force_PB_2013.xml","a7c6bab01f0a3102b466c221b8193722f8b6637d9b29cc98c18c29fc94b0ad9b","1-0660614ff1921d028c6018bae635190c5f0448ced49e6f9e6c275c1c04072309","","","","","2-90fdfae02aa1e0bf1009c8c30fd01fac46e95458370518a54b2e95f44a5f19b0","root.record.ItemExhibitList.P5Item.CostElementCategoryList.Vehicles.Recurring.CostElementList.CostElement"
"2011","303 AESG/PK","2011-12","2014-04","2","105.294","true","2010-03","SS","FPIF","Air Force","","2","0","2013-BASE_PROCUREMENT-2013-AIRFORCE_AIRCRAFT_VOL1-MasterJustificationBook_Air_Force_PB_2013.zzz_unzipped-MasterJustificationBook_Air_Force_PB_2013.xml","a7c6bab01f0a3102b466c221b8193722f8b6637d9b29cc98c18c29fc94b0ad9b","0-7a9e7bcd27f65bb11647855965244278c5ba792bd64695f5f0e3137f17a31739","","","","","3-b1f2f47223d000f384bdd83f1ed0a2a491c728951d0bc7525141bdcd252d5068","root.record.ItemExhibitList.P5Item.CostElementCategoryList.Vehicles.Recurring.CostElementList.CostElement"
"2009","303 AESG/PK","2011-02","2011-05","2","21.821","true","2008-01","SS","FPIF","Air Force","","2","0","2013-BASE_PROCUREMENT-2013-AIRFORCE_AIRCRAFT_VOL1-MasterJustificationBook_Air_Force_PB_2013.zzz_unzipped-MasterJustificationBook_Air_Force_PB_2013.xml","a7c6bab01f0a3102b466c221b8193722f8b6637d9b29cc98c18c29fc94b0ad9b","0-0547d3d0c30473464d7bc104c2eeda5e5273747cc516798b7b35fbe10024eab3","","","","","0-005f41033eee334f48191107f850038aecbc4652b25d358f01f3aba85ea5d67b","root.record.ItemExhibitList.P5Item.CostElementCategoryList.Vehicles.Recurring.CostElementList.CostElement"
"2010","80","2011-01","2012-06","2","102.853","true","2009-06","SS","FPIF","Air Force","","2","0","2014-BASE_PROCUREMENT-2014-AIRFORCE_AIRCRAFT_VOL1-PROCUREMENT_JustificationBook_Air_Force_PB_2014.zzz_unzipped-PROCUREMENT_JustificationBook_Air_Force_PB_2014.xml","6344ffaffcd0dcf02df1b26345df842a688214ceb4388fac2c0f9d260faa4e49","0-c2c0c3bb2820f58ae2f6279f42b94d08d4bef8db9245c4d1c3f6d89363e56f55","","","","","2-501d8a3c28c9ae9e48205995f29ba4a1e03e4a19537baded108d9051d9e990c3","root.record.ItemExhibitList.P5Item.CostElementCategoryList.Vehicles.Recurring.CostElementList.CostElement"
"2011","TBD","2013-03","2014-03","2","118.480","true","2010-03","SS","FPIF","Air Force","","2","0","2014-BASE_PROCUREMENT-2014-AIRFORCE_AIRCRAFT_VOL1-PROCUREMENT_JustificationBook_Air_Force_PB_2014.zzz_unzipped-PROCUREMENT_JustificationBook_Air_Force_PB_2014.xml","6344ffaffcd0dcf02df1b26345df842a688214ceb4388fac2c0f9d260faa4e49","1-e913ca6d69272b9847cd327fea0210d03b04812504c3c507c65ca53f26db6f06","","","","","2-501d8a3c28c9ae9e48205995f29ba4a1e03e4a19537baded108d9051d9e990c3","root.record.ItemExhibitList.P5Item.CostElementCategoryList.Vehicles.Recurring.CostElementList.CostElement"
"2010","TBD","2011-01","2013-03","2","94.887","true","2009-06","SS","FPIF","Air Force","","2","0","2014-BASE_PROCUREMENT-2014-AIRFORCE_AIRCRAFT_VOL1-PROCUREMENT_JustificationBook_Air_Force_PB_2014.zzz_unzipped-PROCUREMENT_JustificationBook_Air_Force_PB_2014.xml","6344ffaffcd0dcf02df1b26345df842a688214ceb4388fac2c0f9d260faa4e49","0-861393a8d02074657b31091e970c63140b76059c513205ba4ca713e1f940a9f9","","","","","3-c088c6b874bc528ea2e52a97f1bf47d4874763ad50f15cf128620420eb4cb544","root.record.ItemExhibitList.P5Item.CostElementCategoryList.Vehicles.Recurring.CostElementList.CostElement"
"2011","TBD","2013-03","2014-04","2","108.581","true","2010-03","SS","FPIF","Air Force","","2","0","2014-BASE_PROCUREMENT-2014-AIRFORCE_AIRCRAFT_VOL1-PROCUREMENT_JustificationBook_Air_Force_PB_2014.zzz_unzipped-PROCUREMENT_JustificationBook_Air_Force_PB_2014.xml","6344ffaffcd0dcf02df1b26345df842a688214ceb4388fac2c0f9d260faa4e49","1-6b3733446c5f9002d60ebe8113308083d4f15dbbfc2ac46b089eb3420efc088a","","","","","3-c088c6b874bc528ea2e52a97f1bf47d4874763ad50f15cf128620420eb4cb544","root.record.ItemExhibitList.P5Item.CostElementCategoryList.Vehicles.Recurring.CostElementList.CostElement"
"2009","80","2011-02","2011-05","2","21.821","true","2008-01","SS","FPIF","Air Force","Prior Year contracts with undelivered assets have all deliveries occurring before Oct 2011 loaded in the month of first delivery.","2","0","2014-BASE_PROCUREMENT-2014-AIRFORCE_AIRCRAFT_VOL1-PROCUREMENT_JustificationBook_Air_Force_PB_2014.zzz_unzipped-PROCUREMENT_JustificationBook_Air_Force_PB_2014.xml","6344ffaffcd0dcf02df1b26345df842a688214ceb4388fac2c0f9d260faa4e49","0-15c62483cafc67cb1e367fdf2cc8f20b6177c4946862fec90e18e904da1f7ca3","","","","","0-054988a68a5fd3cd9ea95ca78cac8569fb0ba5705f8db9c75e6ac2e03a556186","root.record.ItemExhibitList.P5Item.CostElementCategoryList.Vehicles.Recurring.CostElementList.CostElement"
"2010","80","2011-01","2012-06","2","102.853","true","2009-06","SS","FPIF","Air Force","","2","0","2014-BASE_PROCUREMENT-2014-AIRFORCE_AIRCRAFT_VOL2-PROCUREMENT_MasterJustificationBook_Air_Force_PB_2014.zzz_unzipped-PROCUREMENT_MasterJustificationBook_Air_Force_PB_2014.xml","4b41aab551dd5963369d5d6c772fbe316cd8c2c012a1e3a665053b2726d13344","0-e76667ab2330526fd756790cf79c870ad74c69fe3ca13e0e9dba6fc2c3c494b8","","","","","2-39d90cbf8a9d0c6f511da6130a4966ce12114a25f911ea2c641135f079ef540a","root.record.ItemExhibitList.P5Item.CostElementCategoryList.Vehicles.Recurring.CostElementList.CostElement"
"2011","TBD","2013-03","2014-03","2","118.480","true","2010-03","SS","FPIF","Air Force","","2","0","2014-BASE_PROCUREMENT-2014-AIRFORCE_AIRCRAFT_VOL2-PROCUREMENT_MasterJustificationBook_Air_Force_PB_2014.zzz_unzipped-PROCUREMENT_MasterJustificationBook_Air_Force_PB_2014.xml","4b41aab551dd5963369d5d6c772fbe316cd8c2c012a1e3a665053b2726d13344","1-3e45bddf5de7baebdb42556e74d5d5cfec6a1db1b2a6cc586963335a1274bdbb","","","","","2-39d90cbf8a9d0c6f511da6130a4966ce12114a25f911ea2c641135f079ef540a","root.record.ItemExhibitList.P5Item.CostElementCategoryList.Vehicles.Recurring.CostElementList.CostElement"
"2010","TBD","2011-01","2013-03","2","94.887","true","2009-06","SS","FPIF","Air Force","","2","0","2014-BASE_PROCUREMENT-2014-AIRFORCE_AIRCRAFT_VOL2-PROCUREMENT_MasterJustificationBook_Air_Force_PB_2014.zzz_unzipped-PROCUREMENT_MasterJustificationBook_Air_Force_PB_2014.xml","4b41aab551dd5963369d5d6c772fbe316cd8c2c012a1e3a665053b2726d13344","0-99f4ed583a254ba544422aea1079bfd48a6dff68affe813655d05610c4c6c4ec","","","","","3-9e75de05ee19db6db2688a3c9ad87c0278aafb577228d58f0b8400330da826ae","root.record.ItemExhibitList.P5Item.CostElementCategoryList.Vehicles.Recurring.CostElementList.CostElement"
"2011","TBD","2013-03","2014-04","2","108.581","true","2010-03","SS","FPIF","Air Force","","2","0","2014-BASE_PROCUREMENT-2014-AIRFORCE_AIRCRAFT_VOL2-PROCUREMENT_MasterJustificationBook_Air_Force_PB_2014.zzz_unzipped-PROCUREMENT_MasterJustificationBook_Air_Force_PB_2014.xml","4b41aab551dd5963369d5d6c772fbe316cd8c2c012a1e3a665053b2726d13344","1-d3a237cb6ba8b22cb893bb914bc17a7a1974062db88233a8de733b6b88db2ee8","","","","","3-9e75de05ee19db6db2688a3c9ad87c0278aafb577228d58f0b8400330da826ae","root.record.ItemExhibitList.P5Item.CostElementCategoryList.Vehicles.Recurring.CostElementList.CostElement"
"2009","80","2011-02","2011-05","2","21.821","true","2008-01","SS","FPIF","Air Force","Prior Year contracts with undelivered assets have all deliveries occurring before Oct 2011 loaded in the month of first delivery.","2","0","2014-BASE_PROCUREMENT-2014-AIRFORCE_AIRCRAFT_VOL2-PROCUREMENT_MasterJustificationBook_Air_Force_PB_2014.zzz_unzipped-PROCUREMENT_MasterJustificationBook_Air_Force_PB_2014.xml","4b41aab551dd5963369d5d6c772fbe316cd8c2c012a1e3a665053b2726d13344","0-c5509f3464db99781695daf949d0dba8c2384eb4b9fe5a2d307d7a5a8ebb1d23","","","","","0-543d68d0e553780062d89c97f535f261b00411f336e913dcaac75d92d1dd7905","root.record.ItemExhibitList.P5Item.CostElementCategoryList.Vehicles.Recurring.CostElementList.CostElement"
"2010","80","2011-01","2012-06","2","102.853","true","2009-06","SS","FPIF","Air Force","","2","0","2014-BASE_PROCUREMENT-2014-AIRFORCE_AIRCRAFT_VOL1-PROCUREMENT_MasterJustificationBook_Air_Force_PB_2014.zzz_unzipped-PROCUREMENT_MasterJustificationBook_Air_Force_PB_2014.xml","c7c6d00203955f967ca1e12a0c654fc7454b59fa0b67d85d18a4e4ca82ed730f","0-9ee19cb8d2497a17a9c8d2bbb73200f5f15227e208d4b0e4e329ea3dc89be9f3","","","","","2-e07bd427e505af1cfa571d321736ae49504c5a7a448d9d92d3b26afb25d6793c","root.record.ItemExhibitList.P5Item.CostElementCategoryList.Vehicles.Recurring.CostElementList.CostElement"
"2011","TBD","2013-03","2014-03","2","118.480","true","2010-03","SS","FPIF","Air Force","","2","0","2014-BASE_PROCUREMENT-2014-AIRFORCE_AIRCRAFT_VOL1-PROCUREMENT_MasterJustificationBook_Air_Force_PB_2014.zzz_unzipped-PROCUREMENT_MasterJustificationBook_Air_Force_PB_2014.xml","c7c6d00203955f967ca1e12a0c654fc7454b59fa0b67d85d18a4e4ca82ed730f","1-4dccac092697585076f2868b3e5e39f5f4fe9fcd92b95d8858c3ede8c0c87744","","","","","2-e07bd427e505af1cfa571d321736ae49504c5a7a448d9d92d3b26afb25d6793c","root.record.ItemExhibitList.P5Item.CostElementCategoryList.Vehicles.Recurring.CostElementList.CostElement"
"2010","TBD","2011-01","2013-03","2","94.887","true","2009-06","SS","FPIF","Air Force","","2","0","2014-BASE_PROCUREMENT-2014-AIRFORCE_AIRCRAFT_VOL1-PROCUREMENT_MasterJustificationBook_Air_Force_PB_2014.zzz_unzipped-PROCUREMENT_MasterJustificationBook_Air_Force_PB_2014.xml","c7c6d00203955f967ca1e12a0c654fc7454b59fa0b67d85d18a4e4ca82ed730f","0-3ceae037937d8d538911d3588f6f9f3d648f03d36c2d5b323bd882f3a38335c3","","","","","3-efc43253b53c61b908e7f899a8350848f80ee6a1f6de0ed5c5b15e6edc817579","root.record.ItemExhibitList.P5Item.CostElementCategoryList.Vehicles.Recurring.CostElementList.CostElement"
"2011","TBD","2013-03","2014-04","2","108.581","true","2010-03","SS","FPIF","Air Force","","2","0","2014-BASE_PROCUREMENT-2014-AIRFORCE_AIRCRAFT_VOL1-PROCUREMENT_MasterJustificationBook_Air_Force_PB_2014.zzz_unzipped-PROCUREMENT_MasterJustificationBook_Air_Force_PB_2014.xml","c7c6d00203955f967ca1e12a0c654fc7454b59fa0b67d85d18a4e4ca82ed730f","1-ef232f18715809cd8d252c4462a37d5a343a65af23890d028e8e818e0844745c","","","","","3-efc43253b53c61b908e7f899a8350848f80ee6a1f6de0ed5c5b15e6edc817579","root.record.ItemExhibitList.P5Item.CostElementCategoryList.Vehicles.Recurring.CostElementList.CostElement"
"2009","80","2011-02","2011-05","2","21.821","true","2008-01","SS","FPIF","Air Force","Prior Year contracts with undelivered assets have all deliveries occurring before Oct 2011 loaded in the month of first delivery.","2","0","2014-BASE_PROCUREMENT-2014-AIRFORCE_AIRCRAFT_VOL1-PROCUREMENT_MasterJustificationBook_Air_Force_PB_2014.zzz_unzipped-PROCUREMENT_MasterJustificationBook_Air_Force_PB_2014.xml","c7c6d00203955f967ca1e12a0c654fc7454b59fa0b67d85d18a4e4ca82ed730f","0-1802dcb7128d630a12e216337c51d2f9452595bb3b26ebf03f9b43842ebf27f5","","","","","0-6f1432806c96c8843ce169a00b81627d8425ea4399628aa422dd046077721ea5","root.record.ItemExhibitList.P5Item.CostElementCategoryList.Vehicles.Recurring.CostElementList.CostElement"
"2012","DTRA","2012-03","2012-04","4","0.050","true","","","","","","","","","2014-BASE_PROCUREMENT-2014-DEFENSE_DTRA-PROCUREMENT_JustificationBook_Defense_Threat_Reduction_Agency_PB_2014.zzz_unzipped-PROCUREMENT_JustificationBook_Defense_Threat_Reduction_Agency_PB_2014.xml","e5c07248140d72d9b5dea8974d6d5f68c27551826c109b54444a8653264410f0","0-aaea33e3375f09b09ae802f0f1d2668f46e92bb483c9258954c9c0bda7b19ae0","PO","","","","8-84d1b7a16d587f578fd910787169c100c7123bad34d2d9b6b306ec87e038693d","root.record.ItemExhibitList.P5Item.CostElementCategoryList.Vehicles.Recurring.CostElementList.CostElement"
"2014","DTRA","2014-03","2014-04","2","0.050","true","","","","","","","","","2014-BASE_PROCUREMENT-2014-DEFENSE_DTRA-PROCUREMENT_JustificationBook_Defense_Threat_Reduction_Agency_PB_2014.zzz_unzipped-PROCUREMENT_JustificationBook_Defense_Threat_Reduction_Agency_PB_2014.xml","e5c07248140d72d9b5dea8974d6d5f68c27551826c109b54444a8653264410f0","1-5113b19bd40a42d72b71afee68d77a808f71ca231f1000149e3e87a3cb7c0f78","PO","","","","8-84d1b7a16d587f578fd910787169c100c7123bad34d2d9b6b306ec87e038693d","root.record.ItemExhibitList.P5Item.CostElementCategoryList.Vehicles.Recurring.CostElementList.CostElement"
"2013","DTRA","2013-03","2013-04","1","0.050","true","","","","","","","","","2014-BASE_PROCUREMENT-2014-DEFENSE_DTRA-PROCUREMENT_JustificationBook_Defense_Threat_Reduction_Agency_PB_2014.zzz_unzipped-PROCUREMENT_JustificationBook_Defense_Threat_Reduction_Agency_PB_2014.xml","e5c07248140d72d9b5dea8974d6d5f68c27551826c109b54444a8653264410f0","2-e19c599848776b74dfa7a82d2c0d05a1eb5ab78645edaa87f95f3504ea63588d","PO","","","","8-84d1b7a16d587f578fd910787169c100c7123bad34d2d9b6b306ec87e038693d","root.record.ItemExhibitList.P5Item.CostElementCategoryList.Vehicles.Recurring.CostElementList.CostElement"
"2012","DTRA","2012-03","2012-04","4","0.050","true","","","","","","","","","2014-BASE_PROCUREMENT-2014-DEFENSE_VOL1-PROCUREMENT_MasterJustificationBook_Defense-Wide_PB_2014.zzz_unzipped-PROCUREMENT_MasterJustificationBook_Defense-Wide_PB_2014.xml","cb9726bb5886bbb4d5fbd9a27b2f81d23f2bb0160876e23b4d49c64e3c94012d","0-ea10127f0d97ec688f298c1c0d3d91dd00613dcf0694dea4cd0a2984ac7c8fbb","PO","","","","8-dedfb466584294fc1939e2940d11ef9905b53c2d29632ee47b1c3c3eac9d54d3","root.record.ItemExhibitList.P5Item.CostElementCategoryList.Vehicles.Recurring.CostElementList.CostElement"
"2014","DTRA","2014-03","2014-04","2","0.050","true","","","","","","","","","2014-BASE_PROCUREMENT-2014-DEFENSE_VOL1-PROCUREMENT_MasterJustificationBook_Defense-Wide_PB_2014.zzz_unzipped-PROCUREMENT_MasterJustificationBook_Defense-Wide_PB_2014.xml","cb9726bb5886bbb4d5fbd9a27b2f81d23f2bb0160876e23b4d49c64e3c94012d","1-8fba391542fa52695648d69202e90b5f3e639bdf17641c8f17b9fcb557643c3d","PO","","","","8-dedfb466584294fc1939e2940d11ef9905b53c2d29632ee47b1c3c3eac9d54d3","root.record.ItemExhibitList.P5Item.CostElementCategoryList.Vehicles.Recurring.CostElementList.CostElement"
"2013","DTRA","2013-03","2013-04","1","0.050","true","","","","","","","","","2014-BASE_PROCUREMENT-2014-DEFENSE_VOL1-PROCUREMENT_MasterJustificationBook_Defense-Wide_PB_2014.zzz_unzipped-PROCUREMENT_MasterJustificationBook_Defense-Wide_PB_2014.xml","cb9726bb5886bbb4d5fbd9a27b2f81d23f2bb0160876e23b4d49c64e3c94012d","2-e8224172eba2026b60ba608632c1ffaa4c9555cb5cad1360ff79a31efe5b63b7","PO","","","","8-dedfb466584294fc1939e2940d11ef9905b53c2d29632ee47b1c3c3eac9d54d3","root.record.ItemExhibitList.P5Item.CostElementCategoryList.Vehicles.Recurring.CostElementList.CostElement"
"2010","AFLCMC Wright Patterson AFB","2011-01","2012-06","2","86.500","true","2009-06","SS","FPIF","Air Force","Prior Year contracts with undelivered assets have all deliveries occurring before Oct 2012 loaded in the month of first delivery.","2","","2015-BASE_PROCUREMENT-2015-AIRFORCE_AIRCRAFT_VOL1-PROCUREMENT_JustificationBook_Air_Force_PB_2015.zzz_unzipped-PROCUREMENT_JustificationBook_Air_Force_PB_2015.xml","ec976f28f64d06b6cdd6198f93851889e1b9beb1edb572669f3c69e02093017a","0-fc5061722e2a6bdcd27f41e5e6d45b47a524dcaa4bf987176f529bb86f796463","","2","","2-5ccfe29910656b36ea2062a119d5a14590f8137ee8774e9976f3b592b78fa80a","root.record.ItemExhibitList.P5Item.CostElementCategoryList.Vehicles.Recurring.CostElementList.CostElement"
"2011","AFLCMC Wright Patterson AFB","2013-03","2013-11","2","107.900","true","2010-03","SS","FPIF","Air Force","","2","","2015-BASE_PROCUREMENT-2015-AIRFORCE_AIRCRAFT_VOL1-PROCUREMENT_JustificationBook_Air_Force_PB_2015.zzz_unzipped-PROCUREMENT_JustificationBook_Air_Force_PB_2015.xml","ec976f28f64d06b6cdd6198f93851889e1b9beb1edb572669f3c69e02093017a","1-6583f65f429753fe16e900452e1318dae4e3699a60bb41867b1e76bbf3d3900d","","2","","2-5ccfe29910656b36ea2062a119d5a14590f8137ee8774e9976f3b592b78fa80a","root.record.ItemExhibitList.P5Item.CostElementCategoryList.Vehicles.Recurring.CostElementList.CostElement"
"2012","AFLCMC Wright Patterson AFB","2014-07","2017-01","3","118.700","true","2013-08","SS","FFP","Air Force","","3","","2015-BASE_PROCUREMENT-2015-AIRFORCE_AIRCRAFT_VOL1-PROCUREMENT_JustificationBook_Air_Force_PB_2015.zzz_unzipped-PROCUREMENT_JustificationBook_Air_Force_PB_2015.xml","ec976f28f64d06b6cdd6198f93851889e1b9beb1edb572669f3c69e02093017a","2-ebe52217c84028c1b99580d204f401c804b7cf352dd16a310d7ca3a0cf56cc47","","3","","2-5ccfe29910656b36ea2062a119d5a14590f8137ee8774e9976f3b592b78fa80a","root.record.ItemExhibitList.P5Item.CostElementCategoryList.Vehicles.Recurring.CostElementList.CostElement"
"2010","AFLCMC Wright Patterson AFB","2011-01","2013-02","2","65.800","true","2009-06","SS","FPIF","Air Force","","2","","2015-BASE_PROCUREMENT-2015-AIRFORCE_AIRCRAFT_VOL1-PROCUREMENT_JustificationBook_Air_Force_PB_2015.zzz_unzipped-PROCUREMENT_JustificationBook_Air_Force_PB_2015.xml","ec976f28f64d06b6cdd6198f93851889e1b9beb1edb572669f3c69e02093017a","0-1f2d41bc4b0d337b90e26513813c9615cd16e6146dc2755ed1db71ada8cf0626","","2","","3-e7706e41d19b26bcfcc4ac1c4b4168fcf2d6d9313dfeb6c7017e3ae646625c9b","root.record.ItemExhibitList.P5Item.CostElementCategoryList.Vehicles.Recurring.CostElementList.CostElement"
"2011","AFLCMC Wright Patterson AFB","2013-03","2014-04","2","86.500","true","2010-03","SS","FPIF","Air Force","","2","","2015-BASE_PROCUREMENT-2015-AIRFORCE_AIRCRAFT_VOL1-PROCUREMENT_JustificationBook_Air_Force_PB_2015.zzz_unzipped-PROCUREMENT_JustificationBook_Air_Force_PB_2015.xml","ec976f28f64d06b6cdd6198f93851889e1b9beb1edb572669f3c69e02093017a","1-4ef2e01fc545eb8388e951a0d8d7aabd4e8927be4d11e7cece7b83fcb9be3640","","2","","3-e7706e41d19b26bcfcc4ac1c4b4168fcf2d6d9313dfeb6c7017e3ae646625c9b","root.record.ItemExhibitList.P5Item.CostElementCategoryList.Vehicles.Recurring.CostElementList.CostElement"
"2010","AFLCMC Wright Patterson AFB","2011-01","2012-06","2","86.500","true","2009-06","SS","FPIF","Air Force","Prior Year contracts with undelivered assets have all deliveries occurring before Oct 2012 loaded in the month of first delivery.","2","","2015-BASE_PROCUREMENT-2015-AIRFORCE_AIRCRAFT_VOL2-PROCUREMENT_MasterJustificationBook_Air_Force_PB_2015.zzz_unzipped-PROCUREMENT_MasterJustificationBook_Air_Force_PB_2015.xml","16648ff2f063095212525067f95f94d1ab1e5d0f22d30259c24225f3f227ab5f","0-799c291b62fef2aa5e5747730473cb654930ce185c7fa9e614caabd13085f7b7","","2","","2-98bfe69c52386aa2e17133bcf871dd6e5d3c5a78760e9e8aa8a2fb3304bc740d","root.record.ItemExhibitList.P5Item.CostElementCategoryList.Vehicles.Recurring.CostElementList.CostElement"
"2011","AFLCMC Wright Patterson AFB","2013-03","2013-11","2","107.900","true","2010-03","SS","FPIF","Air Force","","2","","2015-BASE_PROCUREMENT-2015-AIRFORCE_AIRCRAFT_VOL2-PROCUREMENT_MasterJustificationBook_Air_Force_PB_2015.zzz_unzipped-PROCUREMENT_MasterJustificationBook_Air_Force_PB_2015.xml","16648ff2f063095212525067f95f94d1ab1e5d0f22d30259c24225f3f227ab5f","1-0145c67d9a150c5ea7319f1abfd46ab7a79af66502647708dfdff45d3dd0fc9e","","2","","2-98bfe69c52386aa2e17133bcf871dd6e5d3c5a78760e9e8aa8a2fb3304bc740d","root.record.ItemExhibitList.P5Item.CostElementCategoryList.Vehicles.Recurring.CostElementList.CostElement"
"2012","AFLCMC Wright Patterson AFB","2014-07","2017-01","3","118.700","true","2013-08","SS","FFP","Air Force","","3","","2015-BASE_PROCUREMENT-2015-AIRFORCE_AIRCRAFT_VOL2-PROCUREMENT_MasterJustificationBook_Air_Force_PB_2015.zzz_unzipped-PROCUREMENT_MasterJustificationBook_Air_Force_PB_2015.xml","16648ff2f063095212525067f95f94d1ab1e5d0f22d30259c24225f3f227ab5f","2-6f5cd9e68290f500faafdea580600f0b36a6e5f054591690a765db32a360004b","","3","","2-98bfe69c52386aa2e17133bcf871dd6e5d3c5a78760e9e8aa8a2fb3304bc740d","root.record.ItemExhibitList.P5Item.CostElementCategoryList.Vehicles.Recurring.CostElementList.CostElement"
"2010","AFLCMC Wright Patterson AFB","2011-01","2013-02","2","65.800","true","2009-06","SS","FPIF","Air Force","","2","","2015-BASE_PROCUREMENT-2015-AIRFORCE_AIRCRAFT_VOL2-PROCUREMENT_MasterJustificationBook_Air_Force_PB_2015.zzz_unzipped-PROCUREMENT_MasterJustificationBook_Air_Force_PB_2015.xml","16648ff2f063095212525067f95f94d1ab1e5d0f22d30259c24225f3f227ab5f","0-8d9661c9b9eaa7d35ecea3443512771863adfcbe45783e161a33952b673f2b2e","","2","","3-f668626cba0f82243edc2bb9773f9c1ab0c3ed93cd3c4fbea8479a7d55859c6a","root.record.ItemExhibitList.P5Item.CostElementCategoryList.Vehicles.Recurring.CostElementList.CostElement"
"2011","AFLCMC Wright Patterson AFB","2013-03","2014-04","2","86.500","true","2010-03","SS","FPIF","Air Force","","2","","2015-BASE_PROCUREMENT-2015-AIRFORCE_AIRCRAFT_VOL2-PROCUREMENT_MasterJustificationBook_Air_Force_PB_2015.zzz_unzipped-PROCUREMENT_MasterJustificationBook_Air_Force_PB_2015.xml","16648ff2f063095212525067f95f94d1ab1e5d0f22d30259c24225f3f227ab5f","1-12268a596f461d606049b76e8c91cd82be3c131aea3d022bcef4eb82deb72140","","2","","3-f668626cba0f82243edc2bb9773f9c1ab0c3ed93cd3c4fbea8479a7d55859c6a","root.record.ItemExhibitList.P5Item.CostElementCategoryList.Vehicles.Recurring.CostElementList.CostElement"
"2013","DTRA","2014-05","2014-06","1.000","0.046","false","","","","","","","","","2015-BASE_PROCUREMENT-2015-DEFENSE_DTRA-PROCUREMENT_JustificationBook_Defense_Threat_Reduction_Agency_PB_2015.zzz_unzipped-PROCUREMENT_JustificationBook_Defense_Threat_Reduction_Agency_PB_2015.xml","e81d045cb6665780c45562863b98515cc5b88427215d979d0d18208155a82d3e","0-a9e88c96bad202dbe31a44c0fc37b2a60cb6753c1bc9d1670c549a73f96d874e","PO","","","","8-874e3867beadc188820d73989573e40aa9c00f268dca1ea92ebe63f01c41a647","root.record.ItemExhibitList.P5Item.CostElementCategoryList.Vehicles.Recurring.CostElementList.CostElement"
"2014","DTRA","2014-03","2014-04","2.000","0.050","false","","","","","","","","","2015-BASE_PROCUREMENT-2015-DEFENSE_DTRA-PROCUREMENT_JustificationBook_Defense_Threat_Reduction_Agency_PB_2015.zzz_unzipped-PROCUREMENT_JustificationBook_Defense_Threat_Reduction_Agency_PB_2015.xml","e81d045cb6665780c45562863b98515cc5b88427215d979d0d18208155a82d3e","1-498b0831b2a91ae4f978002d72bb2af9a9df96e3d786aebad989dd7e8a26511d","PO","","","","8-874e3867beadc188820d73989573e40aa9c00f268dca1ea92ebe63f01c41a647","root.record.ItemExhibitList.P5Item.CostElementCategoryList.Vehicles.Recurring.CostElementList.CostElement"
"2015","DTRA","2015-03","2015-04","1.000","0.050","false","","","","","","","","","2015-BASE_PROCUREMENT-2015-DEFENSE_DTRA-PROCUREMENT_JustificationBook_Defense_Threat_Reduction_Agency_PB_2015.zzz_unzipped-PROCUREMENT_JustificationBook_Defense_Threat_Reduction_Agency_PB_2015.xml","e81d045cb6665780c45562863b98515cc5b88427215d979d0d18208155a82d3e","2-d62e3084f0c76ca42c3ef3540d8b9012ee2e885f94974ab21d635c88a7840dea","PO","","","","8-874e3867beadc188820d73989573e40aa9c00f268dca1ea92ebe63f01c41a647","root.record.ItemExhibitList.P5Item.CostElementCategoryList.Vehicles.Recurring.CostElementList.CostElement"
"2013","DTRA","2014-05","2014-06","1.000","0.046","false","","","","","","","","","2015-BASE_PROCUREMENT-2015-DEFENSE_DTRA-PROCUREMENT_MasterJustificationBook_Defense_Threat_Reduction_Agency_PB_2015.zzz_unzipped-PROCUREMENT_MasterJustificationBook_Defense_Threat_Reduction_Agency_PB_2015.xml","e245f26dacf3abda8e492a2a3c282fae95da9637f04bb57bd8218a2ae3a38edd","0-8daac127fd5604efe514c8a3f326a10a7216600971dd3ae5c2d995790473112b","PO","","","","8-a14263ff587fdadcdb4e1ee5d2c8a4466b825c8946cf90892f3f41aa41a4c16b","root.record.ItemExhibitList.P5Item.CostElementCategoryList.Vehicles.Recurring.CostElementList.CostElement"
"2014","DTRA","2014-03","2014-04","2.000","0.050","false","","","","","","","","","2015-BASE_PROCUREMENT-2015-DEFENSE_DTRA-PROCUREMENT_MasterJustificationBook_Defense_Threat_Reduction_Agency_PB_2015.zzz_unzipped-PROCUREMENT_MasterJustificationBook_Defense_Threat_Reduction_Agency_PB_2015.xml","e245f26dacf3abda8e492a2a3c282fae95da9637f04bb57bd8218a2ae3a38edd","1-f3cd9e98ace43a6076777aedd7a7a3308900d0354158af9b3eea772b988d83a1","PO","","","","8-a14263ff587fdadcdb4e1ee5d2c8a4466b825c8946cf90892f3f41aa41a4c16b","root.record.ItemExhibitList.P5Item.CostElementCategoryList.Vehicles.Recurring.CostElementList.CostElement"
"2015","DTRA","2015-03","2015-04","1.000","0.050","false","","","","","","","","","2015-BASE_PROCUREMENT-2015-DEFENSE_DTRA-PROCUREMENT_MasterJustificationBook_Defense_Threat_Reduction_Agency_PB_2015.zzz_unzipped-PROCUREMENT_MasterJustificationBook_Defense_Threat_Reduction_Agency_PB_2015.xml","e245f26dacf3abda8e492a2a3c282fae95da9637f04bb57bd8218a2ae3a38edd","2-a4d25be29805041a52e72ab77cb12ffcae2d5d78f79e7e32b13348d04b35df38","PO","","","","8-a14263ff587fdadcdb4e1ee5d2c8a4466b825c8946cf90892f3f41aa41a4c16b","root.record.ItemExhibitList.P5Item.CostElementCategoryList.Vehicles.Recurring.CostElementList.CostElement"
"2013","DTRA","2014-05","2014-06","1.000","0.046","false","","","","","","","","","2015-BASE_PROCUREMENT-2015-DEFENSE_VOL1-PROCUREMENT_MasterJustificationBook_Defense-Wide_PB_2015.zzz_unzipped-PROCUREMENT_MasterJustificationBook_Defense-Wide_PB_2015.xml","ae347f3ab5abd8665f0015d559831ca237cf3fa64844baddd7e172a192375f40","0-e18e2cf62bef35ce4fd3cb506c306d47e2db483c3a99842f735c4705e6c0d0fb","PO","","","","8-b73f57172e460ed0c7a8977fe82c5cc59d24f8795d52f08147ecbbf0a73ed119","root.record.ItemExhibitList.P5Item.CostElementCategoryList.Vehicles.Recurring.CostElementList.CostElement"
"2014","DTRA","2014-03","2014-04","2.000","0.050","false","","","","","","","","","2015-BASE_PROCUREMENT-2015-DEFENSE_VOL1-PROCUREMENT_MasterJustificationBook_Defense-Wide_PB_2015.zzz_unzipped-PROCUREMENT_MasterJustificationBook_Defense-Wide_PB_2015.xml","ae347f3ab5abd8665f0015d559831ca237cf3fa64844baddd7e172a192375f40","1-f929aebff58b1223ee091f0e700e93fbd482e8b696db85d660c753dd41b6d541","PO","","","","8-b73f57172e460ed0c7a8977fe82c5cc59d24f8795d52f08147ecbbf0a73ed119","root.record.ItemExhibitList.P5Item.CostElementCategoryList.Vehicles.Recurring.CostElementList.CostElement"
"2015","DTRA","2015-03","2015-04","1.000","0.050","false","","","","","","","","","2015-BASE_PROCUREMENT-2015-DEFENSE_VOL1-PROCUREMENT_MasterJustificationBook_Defense-Wide_PB_2015.zzz_unzipped-PROCUREMENT_MasterJustificationBook_Defense-Wide_PB_2015.xml","ae347f3ab5abd8665f0015d559831ca237cf3fa64844baddd7e172a192375f40","2-dd00c1a40a78c8e6c9ef36f0e391e21f1c48731f1ac2a593b98cd228d11be3e2","PO","","","","8-b73f57172e460ed0c7a8977fe82c5cc59d24f8795d52f08147ecbbf0a73ed119","root.record.ItemExhibitList.P5Item.CostElementCategoryList.Vehicles.Recurring.CostElementList.CostElement"
"2016","AFLCMC Wright Patterson AFB","2016-06","2017-04","1","8.000","true","","SS","FPIF","Air Force","","1","","2016-BASE_PROCUREMENT-2016-AIRFORCE_AIRCRAFT_VOL1-PROCUREMENT_JustificationBook_Air_Force_PB_2016.zzz_unzipped-PROCUREMENT_JustificationBook_Air_Force_PB_2016.xml","6feb0208aa26d6550229bdf370d3886d34e07818e615e22e029c46fb827c9409","0-d29d1ddae44147cee40db1fc92e15e3e9b29c3cb939bac0389777dec316de9a8","","1","","0-47f0dcc09b8b0bb4aab87f83dc802531f18b63602da4a90ab93fa4426e534971","root.record.ItemExhibitList.P5Item.CostElementCategoryList.Vehicles.Recurring.CostElementList.CostElement"
"2017","AFLCMC Wright Patterson AFB","2017-06","2018-04","1","8.000","true","","SS","FPIF","Air Force","","1","","2016-BASE_PROCUREMENT-2016-AIRFORCE_AIRCRAFT_VOL1-PROCUREMENT_JustificationBook_Air_Force_PB_2016.zzz_unzipped-PROCUREMENT_JustificationBook_Air_Force_PB_2016.xml","6feb0208aa26d6550229bdf370d3886d34e07818e615e22e029c46fb827c9409","1-f861f38c660d436c6be68163db481b009ce798473b8c48a81860290bbecd7e6c","","1","","0-47f0dcc09b8b0bb4aab87f83dc802531f18b63602da4a90ab93fa4426e534971","root.record.ItemExhibitList.P5Item.CostElementCategoryList.Vehicles.Recurring.CostElementList.CostElement"
"2012","AFLCMC Wright Patterson AFB","2014-08","2017-01","3","118.700","true","2013-08","SS","FFP","Air Force","","3","","2016-BASE_PROCUREMENT-2016-AIRFORCE_AIRCRAFT_VOL1-PROCUREMENT_JustificationBook_Air_Force_PB_2016.zzz_unzipped-PROCUREMENT_JustificationBook_Air_Force_PB_2016.xml","6feb0208aa26d6550229bdf370d3886d34e07818e615e22e029c46fb827c9409","0-4944142d84de5ec0c7833fbc5f8a5c1a1a132f5fad1b682fd568a636b0bd9e0c","","3","","2-8548f2a20c4e6b69cccba8974c6604b5d2cfb765ecb5075cb0a647125bd0345c","root.record.ItemExhibitList.P5Item.CostElementCategoryList.Vehicles.Recurring.CostElementList.CostElement"
"2016","AFLCMC Wright Patterson AFB","2016-06","2017-04","1","8.000","true","","SS","FPIF","Air Force","","1","","2016-BASE_PROCUREMENT-2016-AIRFORCE_AIRCRAFT_VOL2-PROCUREMENT_MasterJustificationBook_Air_Force_PB_2016.zzz_unzipped-PROCUREMENT_MasterJustificationBook_Air_Force_PB_2016.xml","0bd719ef621e4942ddcec6c35d76388658f5b2fe25e160e294e9186a3aa77111","0-b004e41d5a28b1abab478338192ace0c577bfe4b82c9fb0768531067a5d47c0e","","1","","0-41d32473a28cee43bea614f8e6a6777c63f9cc4725820930522415dbaeb0f552","root.record.ItemExhibitList.P5Item.CostElementCategoryList.Vehicles.Recurring.CostElementList.CostElement"
"2017","AFLCMC Wright Patterson AFB","2017-06","2018-04","1","8.000","true","","SS","FPIF","Air Force","","1","","2016-BASE_PROCUREMENT-2016-AIRFORCE_AIRCRAFT_VOL2-PROCUREMENT_MasterJustificationBook_Air_Force_PB_2016.zzz_unzipped-PROCUREMENT_MasterJustificationBook_Air_Force_PB_2016.xml","0bd719ef621e4942ddcec6c35d76388658f5b2fe25e160e294e9186a3aa77111","1-46f14cbe2ac3983c7515e0c029ad3673eeab0b830c4bac9ca8fc0cb725c2038a","","1","","0-41d32473a28cee43bea614f8e6a6777c63f9cc4725820930522415dbaeb0f552","root.record.ItemExhibitList.P5Item.CostElementCategoryList.Vehicles.Recurring.CostElementList.CostElement"
"2012","AFLCMC Wright Patterson AFB","2014-08","2017-01","3","118.700","true","2013-08","SS","FFP","Air Force","","3","","2016-BASE_PROCUREMENT-2016-AIRFORCE_AIRCRAFT_VOL2-PROCUREMENT_MasterJustificationBook_Air_Force_PB_2016.zzz_unzipped-PROCUREMENT_MasterJustificationBook_Air_Force_PB_2016.xml","0bd719ef621e4942ddcec6c35d76388658f5b2fe25e160e294e9186a3aa77111","0-cc134a940fbbbce5fd882d8b3d551a522cc10048f0d146f01d73688235218215","","3","","2-fd772bc0c28651c06ce38e89fbecfa4539bd9dff630a95b47c0975299e5e0985","root.record.ItemExhibitList.P5Item.CostElementCategoryList.Vehicles.Recurring.CostElementList.CostElement"
"2014","DTRA","2014-05","2014-06","2.000","0.050","true","","","","","","","","","2016-BASE_PROCUREMENT-2016-DEFENSE_DTRA-PROCUREMENT_JustificationBook_Defense_Threat_Reduction_Agency_PB_2016.zzz_unzipped-PROCUREMENT_JustificationBook_Defense_Threat_Reduction_Agency_PB_2016.xml","d01d5f144c6060094f27d3bac0e12460b4656338db81041b8ca1051538f51ab3","0-bec084d5f8178b3c43a0e242081185aebd530150568e96e41bba891685948d74","PO","","","","3-4e9464f042390a68b8cbe0cd89fd3fa8071a77b157f951c3b6bdcc836428f3fb","root.record.ItemExhibitList.P5Item.CostElementCategoryList.Vehicles.Recurring.CostElementList.CostElement"
"2015","DTRA","2015-03","2015-04","1.000","0.050","false","","","","","","","","","2016-BASE_PROCUREMENT-2016-DEFENSE_DTRA-PROCUREMENT_JustificationBook_Defense_Threat_Reduction_Agency_PB_2016.zzz_unzipped-PROCUREMENT_JustificationBook_Defense_Threat_Reduction_Agency_PB_2016.xml","d01d5f144c6060094f27d3bac0e12460b4656338db81041b8ca1051538f51ab3","0-0ab9828d45fdaef698f7e11a1c9f539526a0994a0599b430ff73b1223dfb6f68","PO","","","","8-eedb30409ac2a5695a2f95718fb53e1722ddf7a11b57b62d042d84c4cd965d3f","root.record.ItemExhibitList.P5Item.CostElementCategoryList.Vehicles.Recurring.CostElementList.CostElement"
"2016","DTRA","2016-03","2016-04","2.000","0.050","false","","","","","","","","","2016-BASE_PROCUREMENT-2016-DEFENSE_DTRA-PROCUREMENT_JustificationBook_Defense_Threat_Reduction_Agency_PB_2016.zzz_unzipped-PROCUREMENT_JustificationBook_Defense_Threat_Reduction_Agency_PB_2016.xml","d01d5f144c6060094f27d3bac0e12460b4656338db81041b8ca1051538f51ab3","1-0e685f32ece42f4fb0bbcbd9c75059321ebf9270944cda7430b320727db1cd65","PO","","","","8-eedb30409ac2a5695a2f95718fb53e1722ddf7a11b57b62d042d84c4cd965d3f","root.record.ItemExhibitList.P5Item.CostElementCategoryList.Vehicles.Recurring.CostElementList.CostElement"
"2014","DTRA","2014-05","2014-06","2.000","0.050","true","","","","","","","","","2016-BASE_PROCUREMENT-2016-DEFENSE_DTRA-PROCUREMENT_MasterJustificationBook_Defense_Threat_Reduction_Agency_PB_2016.zzz_unzipped-PROCUREMENT_MasterJustificationBook_Defense_Threat_Reduction_Agency_PB_2016.xml","a7fd5ccf120cd85414aac295662842f4a1520e3e144b3aa1477d86e62536ba58","0-576965cac8f79248d6c4279bfc7308baf77fdf82b73f13c2e7f1506611216b66","PO","","","","3-566ca941a088045d409fae8ba69312ea7ac38a26a4f5908565f9182a85fdd1b1","root.record.ItemExhibitList.P5Item.CostElementCategoryList.Vehicles.Recurring.CostElementList.CostElement"
"2015","DTRA","2015-03","2015-04","1.000","0.050","false","","","","","","","","","2016-BASE_PROCUREMENT-2016-DEFENSE_DTRA-PROCUREMENT_MasterJustificationBook_Defense_Threat_Reduction_Agency_PB_2016.zzz_unzipped-PROCUREMENT_MasterJustificationBook_Defense_Threat_Reduction_Agency_PB_2016.xml","a7fd5ccf120cd85414aac295662842f4a1520e3e144b3aa1477d86e62536ba58","0-f0da4be1d706a0238c27f8496ccb23d7a44c85c38f0d6b3777beae16558cfaae","PO","","","","8-94c738fa1d97543c8326efdf9b5f11550a871658f341373a28296ac8b8c36333","root.record.ItemExhibitList.P5Item.CostElementCategoryList.Vehicles.Recurring.CostElementList.CostElement"
"2016","DTRA","2016-03","2016-04","2.000","0.050","false","","","","","","","","","2016-BASE_PROCUREMENT-2016-DEFENSE_DTRA-PROCUREMENT_MasterJustificationBook_Defense_Threat_Reduction_Agency_PB_2016.zzz_unzipped-PROCUREMENT_MasterJustificationBook_Defense_Threat_Reduction_Agency_PB_2016.xml","a7fd5ccf120cd85414aac295662842f4a1520e3e144b3aa1477d86e62536ba58","1-45d8822b831f6b220f0b68cdc6881035c673f8f59d8d9ce7d3bb3009d52c861b","PO","","","","8-94c738fa1d97543c8326efdf9b5f11550a871658f341373a28296ac8b8c36333","root.record.ItemExhibitList.P5Item.CostElementCategoryList.Vehicles.Recurring.CostElementList.CostElement"
"2014","DTRA","2014-05","2014-06","2.000","0.050","true","","","","","","","","","2016-BASE_PROCUREMENT-2016-DEFENSE_VOL1_ALL-PROCUREMENT_MasterJustificationBook_Defense-Wide_PB_2016.zzz_unzipped-PROCUREMENT_MasterJustificationBook_Defense-Wide_PB_2016.xml","4bf38c5be4b25d9014c9222d7de1781e92d901605a4d8452b09f95cfc3df9e1b","0-13e8a42f736cb60494a524f1c5f099386c866731a04cc2e615fd3dbd5ce583c2","PO","","","","3-ec1850aac79da65849a698b825a41b31c80d34e530f1e8a2bae72352ea8a3d0a","root.record.ItemExhibitList.P5Item.CostElementCategoryList.Vehicles.Recurring.CostElementList.CostElement"
"2015","DTRA","2015-03","2015-04","1.000","0.050","false","","","","","","","","","2016-BASE_PROCUREMENT-2016-DEFENSE_VOL1_ALL-PROCUREMENT_MasterJustificationBook_Defense-Wide_PB_2016.zzz_unzipped-PROCUREMENT_MasterJustificationBook_Defense-Wide_PB_2016.xml","4bf38c5be4b25d9014c9222d7de1781e92d901605a4d8452b09f95cfc3df9e1b","0-34820b9b44b61d97a50dbfc0bb2e1bca865e42104b0462877546c403622363af","PO","","","","8-e1e2753ef47b5aaa4c8a533634b808e654426f0c5f55667ce972b2750c1dbf91","root.record.ItemExhibitList.P5Item.CostElementCategoryList.Vehicles.Recurring.CostElementList.CostElement"
"2016","DTRA","2016-03","2016-04","2.000","0.050","false","","","","","","","","","2016-BASE_PROCUREMENT-2016-DEFENSE_VOL1_ALL-PROCUREMENT_MasterJustificationBook_Defense-Wide_PB_2016.zzz_unzipped-PROCUREMENT_MasterJustificationBook_Defense-Wide_PB_2016.xml","4bf38c5be4b25d9014c9222d7de1781e92d901605a4d8452b09f95cfc3df9e1b","1-98cc04019413c9e2114e112c80b3e29e3d8fc8f5371c47aa4ce5dbcd019df04c","PO","","","","8-e1e2753ef47b5aaa4c8a533634b808e654426f0c5f55667ce972b2750c1dbf91","root.record.ItemExhibitList.P5Item.CostElementCategoryList.Vehicles.Recurring.CostElementList.CostElement"
"2016","AFLCMC/WI - ISR & SOF","2016-06","2017-04","1","8.000","true","","SS","FPIF","Air Force","","1","","2017-BASE_PROCUREMENT-2017-AIRFORCE_AIRCRAFT_VOL1-U_PROCUREMENT_JustificationBook_Air_Force_PB_2017.zzz_unzipped-U_PROCUREMENT_JustificationBook_Air_Force_PB_2017.xml","81dc98969cc058d3b6f1ff5aa54a0e25b6c25eea9f72e3b6dfd8300acd9e0625","0-4b605c2908c2ce916451785ac79e0d8d03ba59cc898041448006231b2d7404af","","1","","0-7dc297a98a5aa33ae60187168cbb768bf557b7dd3f35c83b04d07bb692118a73","root.record.ItemExhibitList.P5Item.CostElementCategoryList.Vehicles.Recurring.CostElementList.CostElement"
"2012","AFLCMC Wright Patterson AFB","2014-08","2017-01","3","118.700","true","2013-08","SS","FFP","Air Force","","3","","2017-BASE_PROCUREMENT-2017-AIRFORCE_AIRCRAFT_VOL1-U_PROCUREMENT_JustificationBook_Air_Force_PB_2017.zzz_unzipped-U_PROCUREMENT_JustificationBook_Air_Force_PB_2017.xml","81dc98969cc058d3b6f1ff5aa54a0e25b6c25eea9f72e3b6dfd8300acd9e0625","0-ecd559918b3ebbfc23be0abaa753f8e9eac49a017864660b5d05526a3343fbdd","","3","","2-2b4177879262f72e6d0215d1bb0106cff85cdd42589855021d4bb145f35ff578","root.record.ItemExhibitList.P5Item.CostElementCategoryList.Vehicles.Recurring.CostElementList.CostElement"
"2016","AFLCMC/WI - ISR & SOF","2016-06","2017-04","1","8.000","true","","SS","FPIF","Air Force","","1","","2017-BASE_PROCUREMENT-2017-AIRFORCE_AIRCRAFT_VOL1-U_PROCUREMENT_MasterJustificationBook_Air_Force_PB_2017.zzz_unzipped-U_PROCUREMENT_MasterJustificationBook_Air_Force_PB_2017.xml","669eef17e400acbfbeb5c5d1ae58cdd3f6dc4a1cc89036c8af26096e7fe8e9ba","0-6512d3959118fb22e3e878d773f00436146d8802d306eff149ab71c90a0bcf63","","1","","0-05f00dfe5b4b8d176b4f2ff643c0be31aab33a180edd15a7ca4f45ba3c753b23","root.record.ItemExhibitList.P5Item.CostElementCategoryList.Vehicles.Recurring.CostElementList.CostElement"
"2012","AFLCMC Wright Patterson AFB","2014-08","2017-01","3","118.700","true","2013-08","SS","FFP","Air Force","","3","","2017-BASE_PROCUREMENT-2017-AIRFORCE_AIRCRAFT_VOL1-U_PROCUREMENT_MasterJustificationBook_Air_Force_PB_2017.zzz_unzipped-U_PROCUREMENT_MasterJustificationBook_Air_Force_PB_2017.xml","669eef17e400acbfbeb5c5d1ae58cdd3f6dc4a1cc89036c8af26096e7fe8e9ba","0-92bd6c8fa1963d51669ec2f95574995b21873748d595ee1051aeaacc5349b45a","","3","","2-fbf830280cafff6ada27d6d3fb64686211ba7cd3972d14e97d2273a9fe55e385","root.record.ItemExhibitList.P5Item.CostElementCategoryList.Vehicles.Recurring.CostElementList.CostElement"
"2016","AFLCMC/WI - ISR & SOF","2016-06","2017-04","1","8.000","true","","SS","FPIF","Air Force","","1","","2017-BASE_PROCUREMENT-2017-AIRFORCE_AIRCRAFT_VOL2-U_PROCUREMENT_MasterJustificationBook_Air_Force_PB_2017.zzz_unzipped-U_PROCUREMENT_MasterJustificationBook_Air_Force_PB_2017.xml","9605ed7828ffd68e4eba9c314ca91e834dff51a5ab9e44c5de1713497796ec59","0-771b966ae791b5f890752bc82a6f247f289fcd3deb96c459b58ccbd92fe0ab87","","1","","0-b02cfeb23e973b746b8821ef05ff1bd58d08037a7e90f1decd6d93f0d5da843c","root.record.ItemExhibitList.P5Item.CostElementCategoryList.Vehicles.Recurring.CostElementList.CostElement"
"2012","AFLCMC Wright Patterson AFB","2014-08","2017-01","3","118.700","true","2013-08","SS","FFP","Air Force","","3","","2017-BASE_PROCUREMENT-2017-AIRFORCE_AIRCRAFT_VOL2-U_PROCUREMENT_MasterJustificationBook_Air_Force_PB_2017.zzz_unzipped-U_PROCUREMENT_MasterJustificationBook_Air_Force_PB_2017.xml","9605ed7828ffd68e4eba9c314ca91e834dff51a5ab9e44c5de1713497796ec59","0-39e0a0ea4eb09b55187c961645129d6558c30d76aa2c4d28f13bd7bbef054cec","","3","","2-6895291c8954e79946ebe70eda4a4c6ec43effff97a6168bfe67474bd7fc6859","root.record.ItemExhibitList.P5Item.CostElementCategoryList.Vehicles.Recurring.CostElementList.CostElement"
"2017","AFLCMC/WI - ISR & SOF","2017-08","2022-12","1","101.791","true","2017-05","SS","CPFF","Air Force","","1","","2019-BASE_PROCUREMENT-2019-AIRFORCE_AIRCRAFT_VOL1-U_PROCUREMENT_JustificationBook_Air_Force_PB_2019.zzz_unzipped-U_PROCUREMENT_JustificationBook_Air_Force_PB_2019.xml","a591dcdfcf7a402c2264871052dd9286c3cb51812bc0b67f14b07c1cd8109fd7","0-b45b317bd81661c24a900a3c2f83e7fd93e1982f07d1f6b490fcd7a7d6d5863c","","1","2017-08","0-eee913982283c8aaf9dc26f5750024f3a376c4ebe83674daf65152d91c2c14af","root.record.ItemExhibitList.P5Item.CostElementCategoryList.Vehicles.Recurring.CostElementList.CostElement"
"2019","AFLCMC/WI - ISR & SOF","2018-11","2023-02","1","108.113","true","2018-04","SS","CPFF","Air Force","","1","","2019-BASE_PROCUREMENT-2019-AIRFORCE_AIRCRAFT_VOL1-U_PROCUREMENT_JustificationBook_Air_Force_PB_2019.zzz_unzipped-U_PROCUREMENT_JustificationBook_Air_Force_PB_2019.xml","a591dcdfcf7a402c2264871052dd9286c3cb51812bc0b67f14b07c1cd8109fd7","1-fad657303fa91f67a567db714c829d757a418813b27e3e885f597abcb54ab461","","1","2018-10","0-eee913982283c8aaf9dc26f5750024f3a376c4ebe83674daf65152d91c2c14af","root.record.ItemExhibitList.P5Item.CostElementCategoryList.Vehicles.Recurring.CostElementList.CostElement"
"2012","AFLCMC Wright Patterson AFB","2014-08","2017-11","3","118.700","true","2013-08","SS","FFP","Air Force","","3","","2019-BASE_PROCUREMENT-2019-AIRFORCE_AIRCRAFT_VOL1-U_PROCUREMENT_JustificationBook_Air_Force_PB_2019.zzz_unzipped-U_PROCUREMENT_JustificationBook_Air_Force_PB_2019.xml","a7bee76edab57bb6622e96039d6c914aab1dbb0736a4caefd4111b976889fd0e","0-d3cdd8fe172cc0bf0497c79206deda8fbbfa06cde87e72c04fce85617f45ab4e","","3","","2-0be7946b55b0a2c31662a8a60f9890aaa4cd938c41c702b3de8b44cb0ccc2201","root.record.ItemExhibitList.P5Item.CostElementCategoryList.Vehicles.Recurring.CostElementList.CostElement"
"2017","AFLCMC/WI - ISR & SOF","2017-08","2022-12","1","101.791","true","2017-05","SS","CPFF","Air Force","","1","","2019-BASE_PROCUREMENT-2019-AIRFORCE_AIRCRAFT_VOL2-U_PROCUREMENT_MasterJustificationBook_Air_Force_PB_2019.zzz_unzipped-U_PROCUREMENT_MasterJustificationBook_Air_Force_PB_2019.xml","05f36df23affdc21dfc3cefcdfa407fdb3e501809d6c1d183092bc441677ebd0","0-fe02f48662ef7edffdd2c8a954ec89ccf1eaefd69e4f605486f90dec2038a69f","","1","2017-08","0-498d85ac450808e49bbc9c81f60be53f7868e6b16d16f4fa8a985a9edeccfb82","root.record.ItemExhibitList.P5Item.CostElementCategoryList.Vehicles.Recurring.CostElementList.CostElement"
"2019","AFLCMC/WI - ISR & SOF","2018-11","2023-02","1","108.113","true","2018-04","SS","CPFF","Air Force","","1","","2019-BASE_PROCUREMENT-2019-AIRFORCE_AIRCRAFT_VOL2-U_PROCUREMENT_MasterJustificationBook_Air_Force_PB_2019.zzz_unzipped-U_PROCUREMENT_MasterJustificationBook_Air_Force_PB_2019.xml","05f36df23affdc21dfc3cefcdfa407fdb3e501809d6c1d183092bc441677ebd0","1-748fe683eb5109ad6a12c136ec4231b9c0466897a73571f653ccfe96926cd3ce","","1","2018-10","0-498d85ac450808e49bbc9c81f60be53f7868e6b16d16f4fa8a985a9edeccfb82","root.record.ItemExhibitList.P5Item.CostElementCategoryList.Vehicles.Recurring.CostElementList.CostElement"
"2012","AFLCMC Wright Patterson AFB","2014-08","2017-11","3","118.700","true","2013-08","SS","FFP","Air Force","","3","","2019-BASE_PROCUREMENT-2019-AIRFORCE_AIRCRAFT_VOL2-U_PROCUREMENT_MasterJustificationBook_Air_Force_PB_2019.zzz_unzipped-U_PROCUREMENT_MasterJustificationBook_Air_Force_PB_2019.xml","abc4db74ab1f4ce6330e7152230a4802f710f076f9c17d8863ed18455613b877","0-4b313e6f9b56d0bb00452cb17a78dbdba534b28831fcef1f3bfb99d6a864f3c6","","3","","2-4afbbdfe844963d843de6debc0ff0789df27c92300d36d5ca8d1c1b72db979bd","root.record.ItemExhibitList.P5Item.CostElementCategoryList.Vehicles.Recurring.CostElementList.CostElement"
"2017","AFLCMC/WI - ISR & SOF","2017-08","2023-03","1","103.000","true","2017-05","SS","FFP","Air Force","","1","","2020-BASE_PROCUREMENT-2020-AIRFORCE_AIRCRAFT_VOL1-U_PROCUREMENT_JustificationBook_Air_Force_PB_2020.zzz_unzipped-U_PROCUREMENT_JustificationBook_Air_Force_PB_2020.xml","005ddeaa4ed6e661bbe977c64adc29c5146cef98ddfdfcf229a669eb9aae562d","0-715b9d1134349a098468f6f5fdfb22a25e70e2c8ccf4700ff547b5b98470911c","","1","","0-c484cf5359dec0c2d75c82e1db525dab7b8876c88c44d0d7bd652515e03e4aba","root.record.ItemExhibitList.P5Item.CostElementCategoryList.Vehicles.Recurring.CostElementList.CostElement"
"2018","AFLCMC/WI - ISR & SOF","2018-06","2023-03","1","111.366","true","2018-06","SS","FFP","Air Force","","1","","2020-BASE_PROCUREMENT-2020-AIRFORCE_AIRCRAFT_VOL1-U_PROCUREMENT_JustificationBook_Air_Force_PB_2020.zzz_unzipped-U_PROCUREMENT_JustificationBook_Air_Force_PB_2020.xml","005ddeaa4ed6e661bbe977c64adc29c5146cef98ddfdfcf229a669eb9aae562d","1-7e2c0ca94e43342018e554b55829cef832a435ee350a6a116c9ac564bc9d1441","","1","","0-c484cf5359dec0c2d75c82e1db525dab7b8876c88c44d0d7bd652515e03e4aba","root.record.ItemExhibitList.P5Item.CostElementCategoryList.Vehicles.Recurring.CostElementList.CostElement"
"2019","AFLCMC/WI - ISR & SOF","2019-03","2023-03","2","108.057","true","2018-08","SS","FFP","Air Force","","2","","2020-BASE_PROCUREMENT-2020-AIRFORCE_AIRCRAFT_VOL1-U_PROCUREMENT_JustificationBook_Air_Force_PB_2020.zzz_unzipped-U_PROCUREMENT_JustificationBook_Air_Force_PB_2020.xml","005ddeaa4ed6e661bbe977c64adc29c5146cef98ddfdfcf229a669eb9aae562d","2-68a6ca657efb27f7bf338fef8ea0542e2467775c194e0f3e3eb3fd470765604f","","2","","0-c484cf5359dec0c2d75c82e1db525dab7b8876c88c44d0d7bd652515e03e4aba","root.record.ItemExhibitList.P5Item.CostElementCategoryList.Vehicles.Recurring.CostElementList.CostElement"
"2020","AFLCMC/WI - ISR & SOF","2020-02","2023-03","1","114.095","true","2019-08","SS","FFP","Air Force","","1","","2020-BASE_PROCUREMENT-2020-AIRFORCE_AIRCRAFT_VOL1-U_PROCUREMENT_JustificationBook_Air_Force_PB_2020.zzz_unzipped-U_PROCUREMENT_JustificationBook_Air_Force_PB_2020.xml","005ddeaa4ed6e661bbe977c64adc29c5146cef98ddfdfcf229a669eb9aae562d","3-e33132d677de570b70b5a76306b6545b4f48db9e3c256c77da4ef14e6bc8456b","","1","","0-c484cf5359dec0c2d75c82e1db525dab7b8876c88c44d0d7bd652515e03e4aba","root.record.ItemExhibitList.P5Item.CostElementCategoryList.Vehicles.Recurring.CostElementList.CostElement"
"2017","AFLCMC/WI - ISR & SOF","2017-08","2023-03","1","103.000","true","2017-05","SS","FFP","Air Force","","1","","2020-BASE_PROCUREMENT-2020-AIRFORCE_AIRCRAFT_VOL2-U_PROCUREMENT_MasterJustificationBook_Air_Force_PB_2020.zzz_unzipped-U_PROCUREMENT_MasterJustificationBook_Air_Force_PB_2020.xml","16d64327fa3f84aa8c929a4167374d7517b6cb0663b68f01ecb3d9f18a3b3e9b","0-70990bfba5b110f1972a29e8361a64ecc46f049bc81f7e343e41d72a31c7e6b8","","1","","0-0d32d4f67a1ac984aa298de4c80b14def8cdd16ad741f374b5c61ea1b78df12a","root.record.ItemExhibitList.P5Item.CostElementCategoryList.Vehicles.Recurring.CostElementList.CostElement"
"2018","AFLCMC/WI - ISR & SOF","2018-06","2023-03","1","111.366","true","2018-06","SS","FFP","Air Force","","1","","2020-BASE_PROCUREMENT-2020-AIRFORCE_AIRCRAFT_VOL2-U_PROCUREMENT_MasterJustificationBook_Air_Force_PB_2020.zzz_unzipped-U_PROCUREMENT_MasterJustificationBook_Air_Force_PB_2020.xml","16d64327fa3f84aa8c929a4167374d7517b6cb0663b68f01ecb3d9f18a3b3e9b","1-736242b1ccf60751fe8953143b5b9ebfa492df21a8dbf318bca7372ac0715b22","","1","","0-0d32d4f67a1ac984aa298de4c80b14def8cdd16ad741f374b5c61ea1b78df12a","root.record.ItemExhibitList.P5Item.CostElementCategoryList.Vehicles.Recurring.CostElementList.CostElement"
"2019","AFLCMC/WI - ISR & SOF","2019-03","2023-03","2","108.057","true","2018-08","SS","FFP","Air Force","","2","","2020-BASE_PROCUREMENT-2020-AIRFORCE_AIRCRAFT_VOL2-U_PROCUREMENT_MasterJustificationBook_Air_Force_PB_2020.zzz_unzipped-U_PROCUREMENT_MasterJustificationBook_Air_Force_PB_2020.xml","16d64327fa3f84aa8c929a4167374d7517b6cb0663b68f01ecb3d9f18a3b3e9b","2-e39a99175b14a579e40cd69eb9db1416bf3040bfb99733183d137defea98f6cd","","2","","0-0d32d4f67a1ac984aa298de4c80b14def8cdd16ad741f374b5c61ea1b78df12a","root.record.ItemExhibitList.P5Item.CostElementCategoryList.Vehicles.Recurring.CostElementList.CostElement"
"2020","AFLCMC/WI - ISR & SOF","2020-02","2023-03","1","114.095","true","2019-08","SS","FFP","Air Force","","1","","2020-BASE_PROCUREMENT-2020-AIRFORCE_AIRCRAFT_VOL2-U_PROCUREMENT_MasterJustificationBook_Air_Force_PB_2020.zzz_unzipped-U_PROCUREMENT_MasterJustificationBook_Air_Force_PB_2020.xml","16d64327fa3f84aa8c929a4167374d7517b6cb0663b68f01ecb3d9f18a3b3e9b","3-103747021c93b3b9d9b010d00368c2f74c330bf316daebc6f9de27e646778346","","1","","0-0d32d4f67a1ac984aa298de4c80b14def8cdd16ad741f374b5c61ea1b78df12a","root.record.ItemExhibitList.P5Item.CostElementCategoryList.Vehicles.Recurring.CostElementList.CostElement"
