Name_val,Location_val,InitialQuantity_ProductionLeadTimeAfterOct1InMonths_val,InitialQuantity_TotalLeadTimeAfterOct1InMonths_val,InitialQuantity_AdminLeadTimeBeforeOct1InMonths_val,InitialQuantity_AdminLeadTimeAfterOct1InMonths_val,@SOURCE_FILENAME,@RECORDID,@ROWID,@PARENTROWID,@PARENT
"Lockheed Martin","Fort Worth, TX","36","36","","","2015-BASE_PROCUREMENT-2015-AIRFORCE_AIRCRAFT_VOL1-PROCUREMENT_JustificationBook_Air_Force_PB_2015.zzz_unzipped-PROCUREMENT_JustificationBook_Air_Force_PB_2015.xml","72e89ccc766fe3f87d2e7ce15feb0d55fcd0fa99a93b32c43e51b37db5c84475","0-ba15ee7a9f9c466ee3ba980dc556f7b69d73b1a94a8e98221b26a0ce45953a80","0-e8b7d7a5e008dd49852d7141b52d87e3914b324b2b4fbfbcd16f3791976e5999","root.record.ItemExhibitList.P5Item.P10AdvanceProcurement.APCostElementCategoryList.CFE.APCostElement"
"Lockheed Martin","Marietta GA","0","0","","","2015-BASE_PROCUREMENT-2015-AIRFORCE_AIRCRAFT_VOL1-PROCUREMENT_JustificationBook_Air_Force_PB_2015.zzz_unzipped-PROCUREMENT_JustificationBook_Air_Force_PB_2015.xml","6ba238e5761c0b5cdb4005cd9d3b0ebd730c7a47c72ec72a3cb63b26a07450e3","0-17a640ac8abc4a70526ef08a434bf3095518d58a7e12c0c60cd0c5133df6dcb6","0-c6577e357bbbd10e5bdc03afee002b3a75f4d35cfc793cea835dfec281cecbed","root.record.ItemExhibitList.P5Item.P10AdvanceProcurement.APCostElementCategoryList.CFE.APCostElement"
"Lockheed Martin","Marietta GA","0","0","","","2015-BASE_PROCUREMENT-2015-AIRFORCE_AIRCRAFT_VOL1-PROCUREMENT_JustificationBook_Air_Force_PB_2015.zzz_unzipped-PROCUREMENT_JustificationBook_Air_Force_PB_2015.xml","565aa015362bd445cc082985b6e24c13e2957f8c30a9dfbe4c0bd8a663cbe70f","0-c224734b23117f9af5d64e5bbb1fcbfb21b3dc679740c21e3f0b064fa28bf83b","0-b54aa8dd137fb1ad02086f89ae9bc7b98949909deb6806e82fbb1aca95eaf56e","root.record.ItemExhibitList.P5Item.P10AdvanceProcurement.APCostElementCategoryList.CFE.APCostElement"
"Lockheed Martin","Marietta GA","0","0","","","2015-BASE_PROCUREMENT-2015-AIRFORCE_AIRCRAFT_VOL1-PROCUREMENT_JustificationBook_Air_Force_PB_2015.zzz_unzipped-PROCUREMENT_JustificationBook_Air_Force_PB_2015.xml","17ab19c784929a028c69ad970f12cd0eee00de512acf9833a5336d1e8a33db11","0-4cfb72f736725f6fee8cedaf652919bad4b7f9ddca3b54b765a5817a74082988","0-6f334c07b28232a21886442c09eca5bac6587c9a92e759f2992af3bcfc37f992","root.record.ItemExhibitList.P5Item.P10AdvanceProcurement.APCostElementCategoryList.CFE.APCostElement"
"BELL BOEING","RIDLEY PARK, PA FT WORTH, TX AND AMARILLO, TX","0","0","","","2015-BASE_PROCUREMENT-2015-AIRFORCE_AIRCRAFT_VOL1-PROCUREMENT_JustificationBook_Air_Force_PB_2015.zzz_unzipped-PROCUREMENT_JustificationBook_Air_Force_PB_2015.xml","ba7a55b890941cc9f4565d78cfacfc7950f69af2644c25b93e58b8043154ba13","0-426701a87534abaca2fac96f8529aed03ce1cf2314c8cd8d4bc0053ce12f8b07","0-c356584152e28f21eec90f05b2d95bd42180699d2e0318dc71070ee31fdb3444","root.record.ItemExhibitList.P5Item.P10AdvanceProcurement.APCostElementCategoryList.CFE.APCostElement"
"Lockheed Martin","Marietta GA","0","0","","","2015-BASE_PROCUREMENT-2015-AIRFORCE_AIRCRAFT_VOL1-PROCUREMENT_JustificationBook_Air_Force_PB_2015.zzz_unzipped-PROCUREMENT_JustificationBook_Air_Force_PB_2015.xml","d17d6ee2f2b2d7f3a6fe2a2b61898c3ff891fdea63f7b83d1db336a7c6f0ec04","0-f1100ed22f96d7096fec5fb01f94bcbd0e66e4aa40831f2b5e39f2ac3be88563","0-6fa5619113bda5c8affed879fcbc4fbb6bad9c93430192b30dd09747df691a76","root.record.ItemExhibitList.P5Item.P10AdvanceProcurement.APCostElementCategoryList.CFE.APCostElement"
"Lockheeed Martin","Marietta GA","0","0","","","2015-BASE_PROCUREMENT-2015-AIRFORCE_AIRCRAFT_VOL1-PROCUREMENT_JustificationBook_Air_Force_PB_2015.zzz_unzipped-PROCUREMENT_JustificationBook_Air_Force_PB_2015.xml","d17d6ee2f2b2d7f3a6fe2a2b61898c3ff891fdea63f7b83d1db336a7c6f0ec04","1-36a2da180efaa562bee5256a9be8aabde40a9603b4ae448e39dba6b5551eeeda","0-6fa5619113bda5c8affed879fcbc4fbb6bad9c93430192b30dd09747df691a76","root.record.ItemExhibitList.P5Item.P10AdvanceProcurement.APCostElementCategoryList.CFE.APCostElement"
"Lockheed Martin","Fort Worth, TX","36","36","","","2015-BASE_PROCUREMENT-2015-AIRFORCE_AIRCRAFT_VOL2-PROCUREMENT_MasterJustificationBook_Air_Force_PB_2015.zzz_unzipped-PROCUREMENT_MasterJustificationBook_Air_Force_PB_2015.xml","a90a3faa8661f0958a0901808890d67093da1edc0728f26e9236e37ed3b54059","0-6cf8bb704b26e8f5677ab85d063cd89f77f7dc5f4d73a3075e43a52911f5c624","0-d9928ae34bbedbc9ef0f21ffd0388cf27995836b9115fcf82352661866a11fac","root.record.ItemExhibitList.P5Item.P10AdvanceProcurement.APCostElementCategoryList.CFE.APCostElement"
"Lockheed Martin","Marietta GA","0","0","","","2015-BASE_PROCUREMENT-2015-AIRFORCE_AIRCRAFT_VOL2-PROCUREMENT_MasterJustificationBook_Air_Force_PB_2015.zzz_unzipped-PROCUREMENT_MasterJustificationBook_Air_Force_PB_2015.xml","8e9b86220f90ce455a14b686aeeb045957500e61279471fc35c4187b1270e5ed","0-60b6828f90b5fc681a93b11e202684a81f70b1108fa5a84943027dde3e713160","0-7eac57ae5a5cdca058ef04a8d198235b662af036f8ba17dd5ec90a7a5e624514","root.record.ItemExhibitList.P5Item.P10AdvanceProcurement.APCostElementCategoryList.CFE.APCostElement"
"Lockheed Martin","Marietta GA","0","0","","","2015-BASE_PROCUREMENT-2015-AIRFORCE_AIRCRAFT_VOL2-PROCUREMENT_MasterJustificationBook_Air_Force_PB_2015.zzz_unzipped-PROCUREMENT_MasterJustificationBook_Air_Force_PB_2015.xml","9d38bc75efdc1bb24fa15dd6fdcc79dd0ddabb23d16bb5fb0fb72b4ecbbd10cc","0-eecbcf995a4963aed386745255efc62000f8e131f0e0d273668309829300b79c","0-b860e4d8bf6fe9e6b9ecf297018408399d1ef75276e7dafe68646ad65e167b4c","root.record.ItemExhibitList.P5Item.P10AdvanceProcurement.APCostElementCategoryList.CFE.APCostElement"
"Lockheed Martin","Marietta GA","0","0","","","2015-BASE_PROCUREMENT-2015-AIRFORCE_AIRCRAFT_VOL2-PROCUREMENT_MasterJustificationBook_Air_Force_PB_2015.zzz_unzipped-PROCUREMENT_MasterJustificationBook_Air_Force_PB_2015.xml","a97dfc5ffa5535857cd61c3c158de84a1441decc875ced08ad568ff95d020f85","0-38c75f421f8c6cf7cf566d1b7205900d8a66288e60cce758cce0493436397587","0-438eedd8631ffd304faf2780d97de4f72a8428eb40360fe7b4c5243a70bbb919","root.record.ItemExhibitList.P5Item.P10AdvanceProcurement.APCostElementCategoryList.CFE.APCostElement"
"BELL BOEING","RIDLEY PARK, PA FT WORTH, TX AND AMARILLO, TX","0","0","","","2015-BASE_PROCUREMENT-2015-AIRFORCE_AIRCRAFT_VOL2-PROCUREMENT_MasterJustificationBook_Air_Force_PB_2015.zzz_unzipped-PROCUREMENT_MasterJustificationBook_Air_Force_PB_2015.xml","b1952ce40545e9f4efa9c33592b95ccb07e147da54dfcd401b9d7ac8ae77b263","0-437caea42c25096a5c297778e1c6a99209e51572f4b455ef2687ca8cc5b6ebaa","0-03068b217ac07ab502e116f1e7e76c4e17177a35c9fa8e5f3880f6ff33e08195","root.record.ItemExhibitList.P5Item.P10AdvanceProcurement.APCostElementCategoryList.CFE.APCostElement"
"Lockheed Martin","Marietta GA","0","0","","","2015-BASE_PROCUREMENT-2015-AIRFORCE_AIRCRAFT_VOL2-PROCUREMENT_MasterJustificationBook_Air_Force_PB_2015.zzz_unzipped-PROCUREMENT_MasterJustificationBook_Air_Force_PB_2015.xml","fa565585ea6b9180349b6eeae04250ac133fa69073cf4dd01888b01b70af6ea2","0-b000ab8d761174bb8dc1182e89eaab7a6dfeef49777967a713a7c7789984cd68","0-12af7dbd574741c3f8bee54585fe77b5bef83db3dd6250621f5588da0a4019dd","root.record.ItemExhibitList.P5Item.P10AdvanceProcurement.APCostElementCategoryList.CFE.APCostElement"
"Lockheeed Martin","Marietta GA","0","0","","","2015-BASE_PROCUREMENT-2015-AIRFORCE_AIRCRAFT_VOL2-PROCUREMENT_MasterJustificationBook_Air_Force_PB_2015.zzz_unzipped-PROCUREMENT_MasterJustificationBook_Air_Force_PB_2015.xml","fa565585ea6b9180349b6eeae04250ac133fa69073cf4dd01888b01b70af6ea2","1-e85eedc8fa4453d0491f58d1501b4d48b1f7cd97db192061132447fb9461c640","0-12af7dbd574741c3f8bee54585fe77b5bef83db3dd6250621f5588da0a4019dd","root.record.ItemExhibitList.P5Item.P10AdvanceProcurement.APCostElementCategoryList.CFE.APCostElement"
"Lockheed Martin","Marietta GA","0","0","","","2015-AMENDED_PROCUREMENT_AND_RDTE-2015-AIRFORCE_AMMO-PROCUREMENT_JustificationBook_Air_Force_PBAmended_2015.zzz_unzipped-PROCUREMENT_JustificationBook_Air_Force_PBAmended_2015.xml","d27cefc2bb72e82de7748f7a1d1ff2a8ff7ad30cf7027a91e47ee29dad986610","0-25af3de827b32a8fd0b8a6ce0a6906785793d4358df124c4d6793d00a834ce0d","0-73ebf07a9c38f344ce844accd5c2425f70a59692bea775467ce586a9e7b5e808","root.record.ItemExhibitList.P5Item.P10AdvanceProcurement.APCostElementCategoryList.CFE.APCostElement"
"Lockheed Martin","Marietta GA","0","0","","","2015-AMENDED_PROCUREMENT_AND_RDTE-2015-AIRFORCE_AMMO-PROCUREMENT_MasterJustificationBook_Air_Force_PBAmended_2015.zzz_unzipped-PROCUREMENT_MasterJustificationBook_Air_Force_PBAmended_2015.xml","04277271467c34157fc353a716c1236673a9ef09c1f838c7ec2af5d1128b21cc","0-bb728a44f7fc4e1549309ba28f93e09d509288fb931365710fe574729a0134ac","0-380802747c203401b70881dce221a356ead04e40f02959250cb5eb89e493779d","root.record.ItemExhibitList.P5Item.P10AdvanceProcurement.APCostElementCategoryList.CFE.APCostElement"
"Lockheed Martin","Fort Worth, TX","36","36","","","2016-BASE_PROCUREMENT-2016-AIRFORCE_AIRCRAFT_VOL1-PROCUREMENT_JustificationBook_Air_Force_PB_2016.zzz_unzipped-PROCUREMENT_JustificationBook_Air_Force_PB_2016.xml","f44d2c667314c228d741f2c842043a3825974c3652ac39e3bfd27328ff6d2fa2","0-c21fea87ce0462bef87ed79cad704c65baa2162e97f0bc651f84b030bd1a5fef","0-3c059ad5a5fa3d0939ebe564d9eb225216ee047821e5b3f25d44dd4723531902","root.record.ItemExhibitList.P5Item.P10AdvanceProcurement.APCostElementCategoryList.CFE.APCostElement"
"Lockheed Martin","Marietta Ga","12","12","","","2016-BASE_PROCUREMENT-2016-AIRFORCE_AIRCRAFT_VOL1-PROCUREMENT_JustificationBook_Air_Force_PB_2016.zzz_unzipped-PROCUREMENT_JustificationBook_Air_Force_PB_2016.xml","2a3f7563d0ca311b4f7fc69de771b398377fd3242ec19b62e816a6fb3042cf7f","0-5ac5d206a333c9a52750f1c791602ce83a6af4b8394a39cd3f0a580c2198d3ee","0-4dff3a6129c916721f633380ad32e401938669f4775daad2b7072f62d1a46d89","root.record.ItemExhibitList.P5Item.P10AdvanceProcurement.APCostElementCategoryList.CFE.APCostElement"
"Lockheed Martin","Marietta GA","12","12","","","2016-BASE_PROCUREMENT-2016-AIRFORCE_AIRCRAFT_VOL1-PROCUREMENT_JustificationBook_Air_Force_PB_2016.zzz_unzipped-PROCUREMENT_JustificationBook_Air_Force_PB_2016.xml","9535a6b720b678b9fbd2222189c9490baa2e3868115637b4c43aca3f4a4572c5","0-48e67f498bac08d61d9af216f01f4eba78a6c2ec29b25660681a673b0fb220b8","0-38130eafca295b26b7aed6af1996e2f9ca18d663551f53b4fc2de3091356990f","root.record.ItemExhibitList.P5Item.P10AdvanceProcurement.APCostElementCategoryList.CFE.APCostElement"
"Lockheed Martin","Marietta GA","12","12","","","2016-BASE_PROCUREMENT-2016-AIRFORCE_AIRCRAFT_VOL1-PROCUREMENT_JustificationBook_Air_Force_PB_2016.zzz_unzipped-PROCUREMENT_JustificationBook_Air_Force_PB_2016.xml","81dae8c956c8274f566e8fb91367c91324c122720a6e6a82f0ee4c46eb84be60","0-42c494d650ded561fd6b827308744b5fde040637c3b61fc8d3c8ec5137b593c0","0-81e319680e5dfa2db134fa22e9aca24f2bbf23d370cdd07c58a3fb29e220c173","root.record.ItemExhibitList.P5Item.P10AdvanceProcurement.APCostElementCategoryList.CFE.APCostElement"
"Lockheed Martin","Fort Worth, TX","36","36","","","2016-BASE_PROCUREMENT-2016-AIRFORCE_AIRCRAFT_VOL2-PROCUREMENT_MasterJustificationBook_Air_Force_PB_2016.zzz_unzipped-PROCUREMENT_MasterJustificationBook_Air_Force_PB_2016.xml","0485cf02b8635a606917d60c2337e492c40ded75ff14634776a8126fa7df23d7","0-135340db0e738a3079732b17ca89479dceedfe4feda04dcbcdceb0564ade877c","0-9b39bb42050a416fd6752b7aad2f460056091876545991703e2db1cf81ad91d7","root.record.ItemExhibitList.P5Item.P10AdvanceProcurement.APCostElementCategoryList.CFE.APCostElement"
"Lockheed Martin","Marietta Ga","12","12","","","2016-BASE_PROCUREMENT-2016-AIRFORCE_AIRCRAFT_VOL2-PROCUREMENT_MasterJustificationBook_Air_Force_PB_2016.zzz_unzipped-PROCUREMENT_MasterJustificationBook_Air_Force_PB_2016.xml","06413109f09458e1d20d0d8c668a4bfde7b94137945d7743cd97c2331c8391ee","0-4bdc55c167e16a82f330bc617b82960550c62374ac4b2e076db75ba03a651b6f","0-50d90d5663b99ffdc29b2b659d2c34b68908b1743ef18bc4fb119bbf1f968b35","root.record.ItemExhibitList.P5Item.P10AdvanceProcurement.APCostElementCategoryList.CFE.APCostElement"
"Lockheed Martin","Marietta GA","12","12","","","2016-BASE_PROCUREMENT-2016-AIRFORCE_AIRCRAFT_VOL2-PROCUREMENT_MasterJustificationBook_Air_Force_PB_2016.zzz_unzipped-PROCUREMENT_MasterJustificationBook_Air_Force_PB_2016.xml","065dabc8f50bb8c11fd03386b9b77f91b86bd31b64e57f28cf3442d5cb994770","0-5b892099050e75be6e5101a352bb5e2303879b8710d02d0f7b908f06b063a7b0","0-a67fc6582959c15eb8d3f0ced8c9b52233411064e0644901fc709086bdec6278","root.record.ItemExhibitList.P5Item.P10AdvanceProcurement.APCostElementCategoryList.CFE.APCostElement"
"Lockheed Martin","Marietta GA","12","12","","","2016-BASE_PROCUREMENT-2016-AIRFORCE_AIRCRAFT_VOL2-PROCUREMENT_MasterJustificationBook_Air_Force_PB_2016.zzz_unzipped-PROCUREMENT_MasterJustificationBook_Air_Force_PB_2016.xml","6c8b943a6de5398b0f3fdd5e076ae0cc947b82b18fb0c8528c7c34e5c1ca33d3","0-b9928a4a9a35131b0c058660bbc1838135d0d58018afed367bb31c0a165713e6","0-2e92e202085bc28bb904432ea6804ceabee1616f01c595c2c9695aae1053be6f","root.record.ItemExhibitList.P5Item.P10AdvanceProcurement.APCostElementCategoryList.CFE.APCostElement"
"Raytheon","Tucson, AZ","29","29","0","0","2016-BASE_PROCUREMENT-2016-MDA-PROCUREMENT_JustificationBook_Missile_Defense_Agency_PB_2016.zzz_unzipped-PROCUREMENT_JustificationBook_Missile_Defense_Agency_PB_2016.xml","8fe681ed2a7b4397677aa6bf70676f250b32ded3546a6adb5424a1cf3206bbc3","0-fffd1e9b8597b2c5ae16cbf09c93c84b3f99b6ac8c6d6de932bce12d28b7c58c","0-31eb803688585e05ea1dee637a9f84194c418b521c7f9415645e9bb977a08d22","root.record.ItemExhibitList.P5Item.P10AdvanceProcurement.APCostElementCategoryList.CFE.APCostElement"
"Raytheon","Tucson, AZ","29","29","0","0","2016-BASE_PROCUREMENT-2016-MDA-PROCUREMENT_MasterJustificationBook_Missile_Defense_Agency_PB_2016.zzz_unzipped-PROCUREMENT_MasterJustificationBook_Missile_Defense_Agency_PB_2016.xml","b4f2202771c2bfc95fdafd93a11aada31a8b14c6b9c5880fd0d937560581322f","0-2583bbd93a77d6c121a4ae7669a6252eb1126408abbb714e62229a49b7598ee7","0-5c0ff64b77998d345c9aa40610f35695b5425aa46d9802b78d3178ea5c695a37","root.record.ItemExhibitList.P5Item.P10AdvanceProcurement.APCostElementCategoryList.CFE.APCostElement"
"Bell Helicopter Textron, Inc","Hurst, TX","24","26","12","2","2016-BASE_PROCUREMENT-2016-NAVY_AIRCRAFT_BA1-4-PROCUREMENT_JustificationBook_Navy_PB_2016.zzz_unzipped-PROCUREMENT_JustificationBook_Navy_PB_2016.xml","eff48ca8dae347ca306f114bb715daec4def72353d74752d8add160f4080c2fe","0-f6592afa81d3698ab57a7cc4d1ebfd6250ab5d5877fce44d171fe5bff683f772","0-2b30d1edef11f57c63d57a1167f82629cfd15e5d4dd267c54ded580f4ab2eb7a","root.record.ItemExhibitList.P5Item.P10AdvanceProcurement.APCostElementCategoryList.CFE.APCostElement"
"Bell Helicopter Textron, Inc","Hurst, TX","24","26","12","2","2016-BASE_PROCUREMENT-2016-NAVY_AIRCRAFT_BA1-4-PROCUREMENT_JustificationBook_Navy_PB_2016.zzz_unzipped-PROCUREMENT_JustificationBook_Navy_PB_2016.xml","eff48ca8dae347ca306f114bb715daec4def72353d74752d8add160f4080c2fe","0-1fb5d834aae4d78e7b1b220aaad882e2f9b58f2ff707cbc7ae9f782590bdafa7","1-7c3a28cea07d616964ef950dcab633472c5f8d09a34626629682a994250a8b0f","root.record.ItemExhibitList.P5Item.P10AdvanceProcurement.APCostElementCategoryList.CFE.APCostElement"
"Bell Helicopter Textron, Inc","Hurst, TX","24","26","12","2","2016-BASE_PROCUREMENT-2016-NAVY_AIRCRAFT_BA1-4-PROCUREMENT_JustificationBook_Navy_PB_2016.zzz_unzipped-PROCUREMENT_JustificationBook_Navy_PB_2016.xml","eff48ca8dae347ca306f114bb715daec4def72353d74752d8add160f4080c2fe","0-70bf39d69fc1b3b6c9b1906ccb6e99c1318e1a18fdf9d202984b084bbadfe768","2-d3f401410c7bd7f6e4e2f69b611f8673095a6dd90f91b66a9368a2a488e1eac9","root.record.ItemExhibitList.P5Item.P10AdvanceProcurement.APCostElementCategoryList.CFE.APCostElement"
"Bell Helicopter Textron, Inc","Hurst, TX","24","26","12","2","2016-BASE_PROCUREMENT-2016-NAVY_AIRCRAFT_BA1-4-PROCUREMENT_JustificationBook_Navy_PB_2016.zzz_unzipped-PROCUREMENT_JustificationBook_Navy_PB_2016.xml","eff48ca8dae347ca306f114bb715daec4def72353d74752d8add160f4080c2fe","0-cf98bde5e5f8475fe0431ada4128f6569bf7390a273fc6c6ea35b3b23573c6f6","0-4fee2ebc2ea39bfc6688308d439d9789bfef27abb1b8e3dcac39690524cb4d03","root.record.ItemExhibitList.P5Item.P10AdvanceProcurement.APCostElementCategoryList.CFE.APCostElement"
"Bell Helicopter Textron, Inc","Hurst, TX","24","26","12","2","2016-BASE_PROCUREMENT-2016-NAVY_AIRCRAFT_BA5-PROCUREMENT_MasterJustificationBook_Navy_PB_2016.zzz_unzipped-PROCUREMENT_MasterJustificationBook_Navy_PB_2016.xml","7bea2f559dc52dc7b29a49a1646bc05d4ef7fbf1ec3cb0fe1ea61c2c6d87b261","0-04598800503a779e0a26c2d4697a3060e9b4bcdaec6c3e03c178df47ce77fe42","0-7aef9cbd9327f58255c5503a0494e6fb19ac988cfd67c2ac0128caea02c87dc8","root.record.ItemExhibitList.P5Item.P10AdvanceProcurement.APCostElementCategoryList.CFE.APCostElement"
"Bell Helicopter Textron, Inc","Hurst, TX","24","26","12","2","2016-BASE_PROCUREMENT-2016-NAVY_AIRCRAFT_BA5-PROCUREMENT_MasterJustificationBook_Navy_PB_2016.zzz_unzipped-PROCUREMENT_MasterJustificationBook_Navy_PB_2016.xml","7bea2f559dc52dc7b29a49a1646bc05d4ef7fbf1ec3cb0fe1ea61c2c6d87b261","0-be6aa127c3dc03295f4f3ed1fe5b4d9676b982260ae6b0a58f9c958949ab34b5","1-9d3d39b60129af201cdbb067389867969d85a9a790560646390af102f87fa2ab","root.record.ItemExhibitList.P5Item.P10AdvanceProcurement.APCostElementCategoryList.CFE.APCostElement"
"Bell Helicopter Textron, Inc","Hurst, TX","24","26","12","2","2016-BASE_PROCUREMENT-2016-NAVY_AIRCRAFT_BA5-PROCUREMENT_MasterJustificationBook_Navy_PB_2016.zzz_unzipped-PROCUREMENT_MasterJustificationBook_Navy_PB_2016.xml","7bea2f559dc52dc7b29a49a1646bc05d4ef7fbf1ec3cb0fe1ea61c2c6d87b261","0-5a8e3d866c6142e665aef30758f7193d53fb5360985678beb151e2924d510e22","2-3cb9f0271d4fb32bb82363e51451ee16258cd024411f8b92a249a462445b59ca","root.record.ItemExhibitList.P5Item.P10AdvanceProcurement.APCostElementCategoryList.CFE.APCostElement"
"Bell Helicopter Textron, Inc","Hurst, TX","24","26","12","2","2016-BASE_PROCUREMENT-2016-NAVY_AIRCRAFT_BA5-PROCUREMENT_MasterJustificationBook_Navy_PB_2016.zzz_unzipped-PROCUREMENT_MasterJustificationBook_Navy_PB_2016.xml","7bea2f559dc52dc7b29a49a1646bc05d4ef7fbf1ec3cb0fe1ea61c2c6d87b261","0-59da9ffd4bcfebca8815c9429035b214474672e12d220c0e6c7b3ae1e4cc0ce5","0-cd56779a346099a5265586f5b6507e819a2ad981788c68407d237ec4490b87fc","root.record.ItemExhibitList.P5Item.P10AdvanceProcurement.APCostElementCategoryList.CFE.APCostElement"
"Lockheed Martin","Fort Worth, TX","18","18","","","2017-BASE_PROCUREMENT-2017-AIRFORCE_AIRCRAFT_VOL1-U_PROCUREMENT_JustificationBook_Air_Force_PB_2017.zzz_unzipped-U_PROCUREMENT_JustificationBook_Air_Force_PB_2017.xml","ee296b91c541d56100cb2ac046f671d1a95422b7bfedefe8ed6f428e04be3c20","0-4a56c52def72008e04fc510e96a0ac7d8d97d311937b57c9ceb7c1ffed4862ff","0-33de303f56d66f25c1e219bf1b718f2a9fe9dc3f07429948e1d40c4f77438af1","root.record.ItemExhibitList.P5Item.P10AdvanceProcurement.APCostElementCategoryList.CFE.APCostElement"
"Lockheed Martin","Marietta GA","0","0","","","2017-BASE_PROCUREMENT-2017-AIRFORCE_AIRCRAFT_VOL1-U_PROCUREMENT_JustificationBook_Air_Force_PB_2017.zzz_unzipped-U_PROCUREMENT_JustificationBook_Air_Force_PB_2017.xml","317e5965462e9d7678fc4f02896e5cee9bbda817cad2e5ad9c2290b851dba197","0-476e1a23277796cb82f4f6420c8bd47ce864a1f367ecf1657c2d29bd35803c61","0-9e009a392ec109d3f36ba5305f85335df9c109514117beb872f1b33d5c9599a3","root.record.ItemExhibitList.P5Item.P10AdvanceProcurement.APCostElementCategoryList.CFE.APCostElement"
"Lockheed Martin","Marietta GA","12","12","","","2017-BASE_PROCUREMENT-2017-AIRFORCE_AIRCRAFT_VOL1-U_PROCUREMENT_JustificationBook_Air_Force_PB_2017.zzz_unzipped-U_PROCUREMENT_JustificationBook_Air_Force_PB_2017.xml","04b39301635aa03a7b974c8a1151aafada20c596b5345242252608dac900590d","0-d7b5a50af227618e289848cbff14e6f8686e6deccca6df08052be0b6447932a8","0-528be76d459f31b1b359c3a3b58d4826b2907b54be68b043cf00e5edaa1167c9","root.record.ItemExhibitList.P5Item.P10AdvanceProcurement.APCostElementCategoryList.CFE.APCostElement"
"Lockheed Martin","Marietta GA","12","12","","","2017-BASE_PROCUREMENT-2017-AIRFORCE_AIRCRAFT_VOL1-U_PROCUREMENT_JustificationBook_Air_Force_PB_2017.zzz_unzipped-U_PROCUREMENT_JustificationBook_Air_Force_PB_2017.xml","dfceced65c92fa65682ab45ae434a30edc54231102355ccb2d0cccb8c70865c0","0-c2d9154d9b16a07c53b11b695383e77e4bb1a52e61c5f3bf203562b50557e3a8","0-23af82c341447a753eefb1e50ef8cfc4a96a8b869bfc4fad3da0823d00f054bb","root.record.ItemExhibitList.P5Item.P10AdvanceProcurement.APCostElementCategoryList.CFE.APCostElement"
"Lockheed Martin","Fort Worth, TX","18","18","","","2017-BASE_PROCUREMENT-2017-AIRFORCE_AIRCRAFT_VOL1-U_PROCUREMENT_MasterJustificationBook_Air_Force_PB_2017.zzz_unzipped-U_PROCUREMENT_MasterJustificationBook_Air_Force_PB_2017.xml","54ceb5c06156f9c55e6b849926ac030a11c42ee97375688e8ebb955b86c8ae13","0-08479455f28e73f8e6a9c7e063e095f5c81e2202b1d0c0396bb8dbb8c9b875bd","0-8cdf31e729ee7d2c02e5101e7204e209e17097b239209d3238100b2f12d7a109","root.record.ItemExhibitList.P5Item.P10AdvanceProcurement.APCostElementCategoryList.CFE.APCostElement"
"Lockheed Martin","Marietta GA","0","0","","","2017-BASE_PROCUREMENT-2017-AIRFORCE_AIRCRAFT_VOL1-U_PROCUREMENT_MasterJustificationBook_Air_Force_PB_2017.zzz_unzipped-U_PROCUREMENT_MasterJustificationBook_Air_Force_PB_2017.xml","1e24abaeefbb873f569d9b38ff04ead3b13c188ded0a995438fc26ef309c4d70","0-40f1eb1cdf49d9e31210ad6df5464fc6539d8d703ddd82cb34a57913c3f5e22f","0-7aab97d4bf85d1736ec398012ec1a14154a380ccebda5a121fbe4fe0e7d3d7d8","root.record.ItemExhibitList.P5Item.P10AdvanceProcurement.APCostElementCategoryList.CFE.APCostElement"
"Lockheed Martin","Marietta GA","12","12","","","2017-BASE_PROCUREMENT-2017-AIRFORCE_AIRCRAFT_VOL1-U_PROCUREMENT_MasterJustificationBook_Air_Force_PB_2017.zzz_unzipped-U_PROCUREMENT_MasterJustificationBook_Air_Force_PB_2017.xml","aaa3897ab1e9054e10ccba0b0bb9ce360d96a0672f9728a2ddce5dfd5536a8e9","0-b900d882e1e163183c44138c5e3f3c363a23b1b6aa0b62e8e4e154fb30f3f1a9","0-b7c0b2cac05a3deab286c86ccfec63c7564e1ac1c4653fae3c6d8b145f4b673c","root.record.ItemExhibitList.P5Item.P10AdvanceProcurement.APCostElementCategoryList.CFE.APCostElement"
"Lockheed Martin","Marietta GA","12","12","","","2017-BASE_PROCUREMENT-2017-AIRFORCE_AIRCRAFT_VOL1-U_PROCUREMENT_MasterJustificationBook_Air_Force_PB_2017.zzz_unzipped-U_PROCUREMENT_MasterJustificationBook_Air_Force_PB_2017.xml","f8d8f61e907a74fdbcc61c2f963800089af997881e4e9977e7629b29e606e7f9","0-ac3d6d109837de9f558050678c224f1ddbfc45c0b55830c822ec7c7473282797","0-6a21e61a0dbcdfcb2d33a871d6687d0adff56b3796fca64ff3013bf9e2460dfe","root.record.ItemExhibitList.P5Item.P10AdvanceProcurement.APCostElementCategoryList.CFE.APCostElement"
"Lockheed Martin","Fort Worth, TX","18","18","","","2017-BASE_PROCUREMENT-2017-AIRFORCE_AIRCRAFT_VOL2-U_PROCUREMENT_MasterJustificationBook_Air_Force_PB_2017.zzz_unzipped-U_PROCUREMENT_MasterJustificationBook_Air_Force_PB_2017.xml","078d421d81190ecf8a486faab49d2e8ea4d456b0d51f6459cc6c7199455602cd","0-4196d7baa453f43b6677abdac672985b72dea48c03dcce6af17a97d03c77fd6f","0-873dc91114b181409c8ff2f5f9242670d883466d41c8c8d86fe046efcacc10e1","root.record.ItemExhibitList.P5Item.P10AdvanceProcurement.APCostElementCategoryList.CFE.APCostElement"
"Lockheed Martin","Marietta GA","0","0","","","2017-BASE_PROCUREMENT-2017-AIRFORCE_AIRCRAFT_VOL2-U_PROCUREMENT_MasterJustificationBook_Air_Force_PB_2017.zzz_unzipped-U_PROCUREMENT_MasterJustificationBook_Air_Force_PB_2017.xml","e69e07728276534fdfa55b2844b939d33d50eb19a45e7ddc2b78cbe832e14bba","0-5810d5793dfc09255dbe3bf7f52ff521885933162d5ace31dc5396dc76f892b3","0-abd8d714e628c161d2bc4548ba60b3f0a31296929fdb25299bce2364cd659a0a","root.record.ItemExhibitList.P5Item.P10AdvanceProcurement.APCostElementCategoryList.CFE.APCostElement"
"Lockheed Martin","Marietta GA","12","12","","","2017-BASE_PROCUREMENT-2017-AIRFORCE_AIRCRAFT_VOL2-U_PROCUREMENT_MasterJustificationBook_Air_Force_PB_2017.zzz_unzipped-U_PROCUREMENT_MasterJustificationBook_Air_Force_PB_2017.xml","04c0c41116e5f6904b16bf76340a6959e7f09069c196fcfad2d2be879207724f","0-8a2509fcb9c4359bf48119e5ed4815771de5bac35327aa411efa2ad396bea82b","0-495b7fe2a1a6067aba8ea562fd61bfa710cceb70bd248bada5bd23c716d188b3","root.record.ItemExhibitList.P5Item.P10AdvanceProcurement.APCostElementCategoryList.CFE.APCostElement"
"Lockheed Martin","Marietta GA","12","12","","","2017-BASE_PROCUREMENT-2017-AIRFORCE_AIRCRAFT_VOL2-U_PROCUREMENT_MasterJustificationBook_Air_Force_PB_2017.zzz_unzipped-U_PROCUREMENT_MasterJustificationBook_Air_Force_PB_2017.xml","0dd91f4446d3575886727ff6a8249093ad91205b21e77ef7cfe082bffa942faf","0-502d04faecf0487d8541e53da83df59e18a211db4fd831b0118db31f87871113","0-cb3d74eea35b005b6c1cf9139a28c9af8bf4c48a7ebb15dcbcd5c935bae23a13","root.record.ItemExhibitList.P5Item.P10AdvanceProcurement.APCostElementCategoryList.CFE.APCostElement"
"Bell Helicopter Textron, Inc","Hurst, TX","24","26","12","2","2017-BASE_PROCUREMENT-2017-NAVY_AIRCRAFT_BA1-4-U_PROCUREMENT_JustificationBook_Navy_PB_2017.zzz_unzipped-U_PROCUREMENT_JustificationBook_Navy_PB_2017.xml","1936e4723702c1ff211c3d30084fcc5c0d895218ba10b3bbe06db44ee16a628f","0-6a9d38eaad70418d5cbaada77be8f71aa97a2876f5cc08ce8b8b7d7f460112a2","0-d926285d7c769e3675110ecf3eb0424a3003e392ac7adea804c7896c6c0f804a","root.record.ItemExhibitList.P5Item.P10AdvanceProcurement.APCostElementCategoryList.CFE.APCostElement"
"Bell Helicopter Textron, Inc","Hurst, TX","24","26","12","2","2017-BASE_PROCUREMENT-2017-NAVY_AIRCRAFT_BA1-4-U_PROCUREMENT_JustificationBook_Navy_PB_2017.zzz_unzipped-U_PROCUREMENT_JustificationBook_Navy_PB_2017.xml","1936e4723702c1ff211c3d30084fcc5c0d895218ba10b3bbe06db44ee16a628f","0-821a3ac0947448f2c792257186c7b81f5c7792fee9559b06b32009051b921062","1-bc4d2522fae8f7fd8d1713c2f21e4945befbaefa6bfe9dd00fb463aac0d92247","root.record.ItemExhibitList.P5Item.P10AdvanceProcurement.APCostElementCategoryList.CFE.APCostElement"
"Bell Helicopter Textron, Inc","Hurst, TX","24","26","12","2","2017-BASE_PROCUREMENT-2017-NAVY_AIRCRAFT_BA1-4-U_PROCUREMENT_JustificationBook_Navy_PB_2017.zzz_unzipped-U_PROCUREMENT_JustificationBook_Navy_PB_2017.xml","1936e4723702c1ff211c3d30084fcc5c0d895218ba10b3bbe06db44ee16a628f","0-c3d727a6cfa5c8d06bbf41e73ba081702f3c360917c0fc622e67dee9296e71f7","2-a21579b9962319f9b8aa64a798fc8b6abac921e57e563dbbc95cf9f43054fc4c","root.record.ItemExhibitList.P5Item.P10AdvanceProcurement.APCostElementCategoryList.CFE.APCostElement"
"Bell Helicopter Textron, Inc","Hurst, TX","24","26","12","2","2017-BASE_PROCUREMENT-2017-NAVY_AIRCRAFT_BA1-4-U_PROCUREMENT_JustificationBook_Navy_PB_2017.zzz_unzipped-U_PROCUREMENT_JustificationBook_Navy_PB_2017.xml","1936e4723702c1ff211c3d30084fcc5c0d895218ba10b3bbe06db44ee16a628f","0-2a51f6d962c5813046c88fad585a57c81e180054156bd116d6aad3a1ec2a2e43","0-64b9a35565f11df1c0382fd44789a99c12cf2eece5570bb543d22e3d221bda15","root.record.ItemExhibitList.P5Item.P10AdvanceProcurement.APCostElementCategoryList.CFE.APCostElement"
"Bell Helicopter Textron, Inc","Hurst, TX","24","26","12","2","2017-BASE_PROCUREMENT-2017-NAVY_AIRCRAFT_BA1-4-U_PROCUREMENT_MasterJustificationBook_Navy_PB_2017.zzz_unzipped-U_PROCUREMENT_MasterJustificationBook_Navy_PB_2017.xml","b74251d985a4af1a6c0d55df2a4cb30f1e1a3fc2f34ea51f8ef53d0edb073e87","0-621b1e9c15e40ab6ffdb762e9c0311f8fe59bb124645c3c93c617b744c262274","0-e5715e9cb26b7f4d32eed50797e7857c103bbe28302fb576559132c9dfb615bd","root.record.ItemExhibitList.P5Item.P10AdvanceProcurement.APCostElementCategoryList.CFE.APCostElement"
"Bell Helicopter Textron, Inc","Hurst, TX","24","26","12","2","2017-BASE_PROCUREMENT-2017-NAVY_AIRCRAFT_BA1-4-U_PROCUREMENT_MasterJustificationBook_Navy_PB_2017.zzz_unzipped-U_PROCUREMENT_MasterJustificationBook_Navy_PB_2017.xml","b74251d985a4af1a6c0d55df2a4cb30f1e1a3fc2f34ea51f8ef53d0edb073e87","0-2a93c6024f861d196031d62a6bdcd263e83c1274d217d8809657e7fbbd087d8e","1-5c2579f8b0f0eb6ac72ec4407222efb0952ef4277da8da0a8b7fde9ccde87001","root.record.ItemExhibitList.P5Item.P10AdvanceProcurement.APCostElementCategoryList.CFE.APCostElement"
"Bell Helicopter Textron, Inc","Hurst, TX","24","26","12","2","2017-BASE_PROCUREMENT-2017-NAVY_AIRCRAFT_BA1-4-U_PROCUREMENT_MasterJustificationBook_Navy_PB_2017.zzz_unzipped-U_PROCUREMENT_MasterJustificationBook_Navy_PB_2017.xml","b74251d985a4af1a6c0d55df2a4cb30f1e1a3fc2f34ea51f8ef53d0edb073e87","0-41316d83af7a12cd58e4bf973f400c2c2338a6775c7f10e6114e0927144d3778","2-a8e645e7a2e77fedd64c0acb9a3224e35533bcbb5ab92dcff47bf4c72d520912","root.record.ItemExhibitList.P5Item.P10AdvanceProcurement.APCostElementCategoryList.CFE.APCostElement"
"Bell Helicopter Textron, Inc","Hurst, TX","24","26","12","2","2017-BASE_PROCUREMENT-2017-NAVY_AIRCRAFT_BA1-4-U_PROCUREMENT_MasterJustificationBook_Navy_PB_2017.zzz_unzipped-U_PROCUREMENT_MasterJustificationBook_Navy_PB_2017.xml","b74251d985a4af1a6c0d55df2a4cb30f1e1a3fc2f34ea51f8ef53d0edb073e87","0-0f94ac8bbb0c9f4e3eeb33fb4adb6724495885bdd5befc7255265d82be671c82","0-1c83bd03dce86c189ab56c31747f8bd2c62bbe00cad011e97e4741b4e57097ac","root.record.ItemExhibitList.P5Item.P10AdvanceProcurement.APCostElementCategoryList.CFE.APCostElement"
"Lockheed Martin","Fort Worth, TX","18","18","","","2018-BASE_PROCUREMENT-2018-AIRFORCE_AIRCRAFT_VOL1-U_PROCUREMENT_JustificationBook_Air_Force_PB_2018.zzz_unzipped-U_PROCUREMENT_JustificationBook_Air_Force_PB_2018.xml","a30f2c236c5384ee16ac505377b81d18639f300a5bc38116f7a4b25eef710752","0-2bc14a1a50496edbfe36e440bb8574f61c4213ad955c50aadde38f469dc9ae23","0-b1f11bd0233e4a77179b73105aedcb3656bca71d7742bc0090745bc53efe39ed","root.record.ItemExhibitList.P5Item.P10AdvanceProcurement.APCostElementCategoryList.CFE.APCostElement"
"Lockheed Martin","Fort Worth, TX","18","18","","","2018-BASE_PROCUREMENT-2018-AIRFORCE_AIRCRAFT_VOL1-U_PROCUREMENT_JustificationBook_Air_Force_PB_2018.zzz_unzipped-U_PROCUREMENT_JustificationBook_Air_Force_PB_2018.xml","a30f2c236c5384ee16ac505377b81d18639f300a5bc38116f7a4b25eef710752","0-d39da0bb3d3b504bf4bab1386310363886ea050860722ac7583f11b29462163e","1-47757de15ea59798a9126ce64cf23c19950d022a2debd12fa16659bdb5166d98","root.record.ItemExhibitList.P5Item.P10AdvanceProcurement.APCostElementCategoryList.CFE.APCostElement"
"Lockheed Martin","Fort Worth, TX","30","30","","","2018-BASE_PROCUREMENT-2018-AIRFORCE_AIRCRAFT_VOL1-U_PROCUREMENT_JustificationBook_Air_Force_PB_2018.zzz_unzipped-U_PROCUREMENT_JustificationBook_Air_Force_PB_2018.xml","a30f2c236c5384ee16ac505377b81d18639f300a5bc38116f7a4b25eef710752","0-b0104874ac3a852657388b8c2dfa98020ed341eb16948fa3327fae4e53986370","2-ce52271bc7a185edc0a0efba4a54d84bc3c99d955768f3321f880f44953aac7b","root.record.ItemExhibitList.P5Item.P10AdvanceProcurement.APCostElementCategoryList.CFE.APCostElement"
"Lockheed Martin","Fort Worth, TX","0","0","","","2018-BASE_PROCUREMENT-2018-AIRFORCE_AIRCRAFT_VOL1-U_PROCUREMENT_JustificationBook_Air_Force_PB_2018.zzz_unzipped-U_PROCUREMENT_JustificationBook_Air_Force_PB_2018.xml","a30f2c236c5384ee16ac505377b81d18639f300a5bc38116f7a4b25eef710752","0-02146ab3d8b2d361a80a86911bb5bd6bcdc90ec2d5ab89f6ee54edb4cd3ba62c","3-d1efad472c22b9b29190ef898b6339328f3f0de531766e31625de627b3dd497d","root.record.ItemExhibitList.P5Item.P10AdvanceProcurement.APCostElementCategoryList.CFE.APCostElement"
"Lockheed Martin","Fort Worth, TX","0","0","","","2018-BASE_PROCUREMENT-2018-AIRFORCE_AIRCRAFT_VOL1-U_PROCUREMENT_JustificationBook_Air_Force_PB_2018.zzz_unzipped-U_PROCUREMENT_JustificationBook_Air_Force_PB_2018.xml","a30f2c236c5384ee16ac505377b81d18639f300a5bc38116f7a4b25eef710752","0-e75e2b8d3af17d0c04a217b47cf6ec384b73e8416b4a2d2f3228aa91e6242b7a","4-d58f27b0939929851696873200f1795f828424b98fe58acd5eb8751b3d40ab35","root.record.ItemExhibitList.P5Item.P10AdvanceProcurement.APCostElementCategoryList.CFE.APCostElement"
"Lockheed Martin","Fort Worth, TX","0","0","","","2018-BASE_PROCUREMENT-2018-AIRFORCE_AIRCRAFT_VOL1-U_PROCUREMENT_JustificationBook_Air_Force_PB_2018.zzz_unzipped-U_PROCUREMENT_JustificationBook_Air_Force_PB_2018.xml","a30f2c236c5384ee16ac505377b81d18639f300a5bc38116f7a4b25eef710752","0-6b0081ae842d4f1ea27b8b115123f59dc0f4b4b3ddfb31d8c2dd3ccbaf3c759e","5-63889da923d923d15452faacbd505b137eb49724d6d00f8f946736dfae77c1ef","root.record.ItemExhibitList.P5Item.P10AdvanceProcurement.APCostElementCategoryList.CFE.APCostElement"
"Lockheed Martin","Fort Worth, TX","0","0","","","2018-BASE_PROCUREMENT-2018-AIRFORCE_AIRCRAFT_VOL1-U_PROCUREMENT_JustificationBook_Air_Force_PB_2018.zzz_unzipped-U_PROCUREMENT_JustificationBook_Air_Force_PB_2018.xml","a30f2c236c5384ee16ac505377b81d18639f300a5bc38116f7a4b25eef710752","0-43184ff3f86de006920fead5d91183498ba83c5da1a402976da8ee9ca68192ee","6-ea8b6b829264841d1348740d86dd39c6c90c851a0fd94bd026f954e7a028f800","root.record.ItemExhibitList.P5Item.P10AdvanceProcurement.APCostElementCategoryList.CFE.APCostElement"
"N//A","N/A","12","12","","","2018-BASE_PROCUREMENT-2018-AIRFORCE_AIRCRAFT_VOL1-U_PROCUREMENT_JustificationBook_Air_Force_PB_2018.zzz_unzipped-U_PROCUREMENT_JustificationBook_Air_Force_PB_2018.xml","3013d2c99ef7883e19c7b93224fdff50f8c7263434425601604d25632bc020a5","0-54c369032d3bc2de58309cdf9460aeae98f803b8b116677e93d2abba44475758","0-3a9e58ed32c3980a654a3dffa6053a10dd02471588b1979accc626048fdd3c79","root.record.ItemExhibitList.P5Item.P10AdvanceProcurement.APCostElementCategoryList.CFE.APCostElement"
"Lockheed Martin","Marietta GA","12","12","","","2018-BASE_PROCUREMENT-2018-AIRFORCE_AIRCRAFT_VOL1-U_PROCUREMENT_JustificationBook_Air_Force_PB_2018.zzz_unzipped-U_PROCUREMENT_JustificationBook_Air_Force_PB_2018.xml","1064caa6aad62d617f267eeab8b71ff24316efc723669cb41e40e5531ed97467","0-a97632853e17b648ba5aa7e599dd2b753992e283c13b0ba2b984dd1caf036d6e","0-3a24c47d3a4ce56885a6b799defe69e22ed32552ee582eea7e6cd22394f1c75c","root.record.ItemExhibitList.P5Item.P10AdvanceProcurement.APCostElementCategoryList.CFE.APCostElement"
"Lockheed Martin","Marietta GA","12","12","","","2018-BASE_PROCUREMENT-2018-AIRFORCE_AIRCRAFT_VOL1-U_PROCUREMENT_JustificationBook_Air_Force_PB_2018.zzz_unzipped-U_PROCUREMENT_JustificationBook_Air_Force_PB_2018.xml","5282f14dc345aeb069c9862d0a8e6f568c12f7a22a00e4757ffea9e6ec73b23d","0-04d4993073ef27a8890bd6aac7a64ec01be997915ce728874766acabf2b3e401","0-9c98ff54f172eb5fc4271a3756b24235153eaa2051370f0fd15c0bcb3ae3776a","root.record.ItemExhibitList.P5Item.P10AdvanceProcurement.APCostElementCategoryList.CFE.APCostElement"
"Lockheed Martin","Fort Worth, TX","18","18","","","2018-BASE_PROCUREMENT-2018-AIRFORCE_AIRCRAFT_VOL2-U_PROCUREMENT_MasterJustificationBook_Air_Force_PB_2018.zzz_unzipped-U_PROCUREMENT_MasterJustificationBook_Air_Force_PB_2018.xml","ec7c8fc0c391f9422d637e8cf6c3d4a59f3faa8a33fbbc2a34a2ae7115414e56","0-a8289cd901e7e0fb4df120a4fa28028377539f393f8caab3b845c087406b8243","0-a41a845b566b1ed01ad420cbb64952e2ed930f78f3615fb21c75d51888507e26","root.record.ItemExhibitList.P5Item.P10AdvanceProcurement.APCostElementCategoryList.CFE.APCostElement"
"Lockheed Martin","Fort Worth, TX","18","18","","","2018-BASE_PROCUREMENT-2018-AIRFORCE_AIRCRAFT_VOL2-U_PROCUREMENT_MasterJustificationBook_Air_Force_PB_2018.zzz_unzipped-U_PROCUREMENT_MasterJustificationBook_Air_Force_PB_2018.xml","ec7c8fc0c391f9422d637e8cf6c3d4a59f3faa8a33fbbc2a34a2ae7115414e56","0-ba368f2a2e15470fb2b7f4b551cfa47e9da112a980fdb62285e41e504d39a840","1-3bc50f07ab4ffd132fba52e204a46e67849925c8d7134e3a322a11687134e2de","root.record.ItemExhibitList.P5Item.P10AdvanceProcurement.APCostElementCategoryList.CFE.APCostElement"
"Lockheed Martin","Fort Worth, TX","30","30","","","2018-BASE_PROCUREMENT-2018-AIRFORCE_AIRCRAFT_VOL2-U_PROCUREMENT_MasterJustificationBook_Air_Force_PB_2018.zzz_unzipped-U_PROCUREMENT_MasterJustificationBook_Air_Force_PB_2018.xml","ec7c8fc0c391f9422d637e8cf6c3d4a59f3faa8a33fbbc2a34a2ae7115414e56","0-c6175e73b1b1110e3fd800f565aef633f6fc2b8bf675c478b22570f7a7042111","2-5cd0d1efe0e74511f4778e26ba5f5870a092b9b87792f40332c07d325cfd4020","root.record.ItemExhibitList.P5Item.P10AdvanceProcurement.APCostElementCategoryList.CFE.APCostElement"
"Lockheed Martin","Fort Worth, TX","0","0","","","2018-BASE_PROCUREMENT-2018-AIRFORCE_AIRCRAFT_VOL2-U_PROCUREMENT_MasterJustificationBook_Air_Force_PB_2018.zzz_unzipped-U_PROCUREMENT_MasterJustificationBook_Air_Force_PB_2018.xml","ec7c8fc0c391f9422d637e8cf6c3d4a59f3faa8a33fbbc2a34a2ae7115414e56","0-b8d0e6876b8014c9c2296f72988fc3847ec578d20abbd9368c9744c245bfa153","3-b283509d7bd27020102d5ffe365bf1b85ce871a7eb29d728acd6ec12e40976f9","root.record.ItemExhibitList.P5Item.P10AdvanceProcurement.APCostElementCategoryList.CFE.APCostElement"
"Lockheed Martin","Fort Worth, TX","0","0","","","2018-BASE_PROCUREMENT-2018-AIRFORCE_AIRCRAFT_VOL2-U_PROCUREMENT_MasterJustificationBook_Air_Force_PB_2018.zzz_unzipped-U_PROCUREMENT_MasterJustificationBook_Air_Force_PB_2018.xml","ec7c8fc0c391f9422d637e8cf6c3d4a59f3faa8a33fbbc2a34a2ae7115414e56","0-070309bc00ba95a5e7c16d35318766d650db8266be62636a459f9fa0cd1926ad","4-d91f0655e677b6748ce606e4e124833af184ef800f35801ae615da092a50b136","root.record.ItemExhibitList.P5Item.P10AdvanceProcurement.APCostElementCategoryList.CFE.APCostElement"
"Lockheed Martin","Fort Worth, TX","0","0","","","2018-BASE_PROCUREMENT-2018-AIRFORCE_AIRCRAFT_VOL2-U_PROCUREMENT_MasterJustificationBook_Air_Force_PB_2018.zzz_unzipped-U_PROCUREMENT_MasterJustificationBook_Air_Force_PB_2018.xml","ec7c8fc0c391f9422d637e8cf6c3d4a59f3faa8a33fbbc2a34a2ae7115414e56","0-706b04b99a0610db2cfb0e87736a594f6a82c35a2134b149516d1f8e4a67ec24","5-9b9d45561f989ea8e60a86f044691183c4754e09c1e6c2442ba3542f74ed3ba1","root.record.ItemExhibitList.P5Item.P10AdvanceProcurement.APCostElementCategoryList.CFE.APCostElement"
"Lockheed Martin","Fort Worth, TX","0","0","","","2018-BASE_PROCUREMENT-2018-AIRFORCE_AIRCRAFT_VOL2-U_PROCUREMENT_MasterJustificationBook_Air_Force_PB_2018.zzz_unzipped-U_PROCUREMENT_MasterJustificationBook_Air_Force_PB_2018.xml","ec7c8fc0c391f9422d637e8cf6c3d4a59f3faa8a33fbbc2a34a2ae7115414e56","0-ca1d11b939851dece1b132d6dacf986b30b301aedfbb9e3206fcea164447fba4","6-720f4d77297aa507615ed45491276b0312b79c37bcbb62ec9819f8e3969383a5","root.record.ItemExhibitList.P5Item.P10AdvanceProcurement.APCostElementCategoryList.CFE.APCostElement"
"N//A","N/A","12","12","","","2018-BASE_PROCUREMENT-2018-AIRFORCE_AIRCRAFT_VOL2-U_PROCUREMENT_MasterJustificationBook_Air_Force_PB_2018.zzz_unzipped-U_PROCUREMENT_MasterJustificationBook_Air_Force_PB_2018.xml","f11abe99c918ba00d36c7bd6b850c69903d0cf64dd50e793b748479423a9a87c","0-027124cbe173d8ba4a663e480351a132595e87fe8b25d562d953a304c363702f","0-b042b62809e53904e281846434aa1297e78d58e427b7a8565b866218ae9a3180","root.record.ItemExhibitList.P5Item.P10AdvanceProcurement.APCostElementCategoryList.CFE.APCostElement"
"Lockheed Martin","Marietta GA","12","12","","","2018-BASE_PROCUREMENT-2018-AIRFORCE_AIRCRAFT_VOL2-U_PROCUREMENT_MasterJustificationBook_Air_Force_PB_2018.zzz_unzipped-U_PROCUREMENT_MasterJustificationBook_Air_Force_PB_2018.xml","52d3e8eceb99048e70461d8badb057e5f9170779e5b578ac08b8b3a06143352f","0-aa0df3dedd49b4459d721feaf7d9346937674915ac9964003e3ad71ed225f418","0-e8b7c107b9770be5eca36cfbcdaef1b9748b304378e77373ea4a39791361260f","root.record.ItemExhibitList.P5Item.P10AdvanceProcurement.APCostElementCategoryList.CFE.APCostElement"
"Lockheed Martin","Marietta GA","12","12","","","2018-BASE_PROCUREMENT-2018-AIRFORCE_AIRCRAFT_VOL2-U_PROCUREMENT_MasterJustificationBook_Air_Force_PB_2018.zzz_unzipped-U_PROCUREMENT_MasterJustificationBook_Air_Force_PB_2018.xml","3a9accd390ed2b4c0db815f8762265e56f4da2f42dfd3f6bf46e7026cfaa4062","0-2cd0b72bb9c63db7136bf41f758981a7dc3990a2c817685af2326213d023d5a2","0-e1286dd60e466224a8a9c2d433588dd91681d3989c6422a362296dd2bf096bc4","root.record.ItemExhibitList.P5Item.P10AdvanceProcurement.APCostElementCategoryList.CFE.APCostElement"
"TBD","TBD","11","11","","","2018-BASE_PROCUREMENT-2018-AIRFORCE_AMMUNITION-U_PROCUREMENT_JustificationBook_Air_Force_PB_2018.zzz_unzipped-U_PROCUREMENT_JustificationBook_Air_Force_PB_2018.xml","4e556b87336aa79100d4803e900d244a7156d4dd8d8f6b26cd3ec27f992e16fb","0-a3538e6eae7f896514133a3c15b75c419ed77ba557338a9aa01513d45886833e","0-9d745fa479a3fdfbf6e716dabdbee548954ac711e89de47113922013e615edff","root.record.ItemExhibitList.P5Item.P10AdvanceProcurement.APCostElementCategoryList.CFE.APCostElement"
"TBD","TBD","11","11","","","2018-BASE_PROCUREMENT-2018-AIRFORCE_AMMUNITION-U_PROCUREMENT_MasterJustificationBook_Air_Force_PB_2018.zzz_unzipped-U_PROCUREMENT_MasterJustificationBook_Air_Force_PB_2018.xml","63cece1a674f1f0912ca47ccc55131b5fec02f521a4eb768eb56d7c1d9e6ec09","0-53e3b1a5ae833c7cf7ecd94fb74848b5b02828a7e965b0ae4a9e1e724d587b68","0-b9f64c7b11c894e74b4867d6190e412f3f9ae658c3c9f6fb547884cfc230a5b2","root.record.ItemExhibitList.P5Item.P10AdvanceProcurement.APCostElementCategoryList.CFE.APCostElement"
"Lockheed Martin","Fort Worth, TX","18","18","","","2019-BASE_PROCUREMENT-2019-AIRFORCE_AIRCRAFT_VOL1-U_PROCUREMENT_JustificationBook_Air_Force_PB_2019.zzz_unzipped-U_PROCUREMENT_JustificationBook_Air_Force_PB_2019.xml","1fdbf569c608ae7a271625dc5ff3eaab7c35ea12b5100be5b6db75ab533692b6","0-3b9933031217d9da09475a2cab3b5f0eadb6918294791d69a52e3df076c3e79e","0-62590fee20e1093bf5e5353cbe607e3380739aa6e2181e4462b76ea41fb4da59","root.record.ItemExhibitList.P5Item.P10AdvanceProcurement.APCostElementCategoryList.CFE.APCostElement"
"Lockheed Martin","Marietta GA","12","12","","","2019-BASE_PROCUREMENT-2019-AIRFORCE_AIRCRAFT_VOL1-U_PROCUREMENT_JustificationBook_Air_Force_PB_2019.zzz_unzipped-U_PROCUREMENT_JustificationBook_Air_Force_PB_2019.xml","48d362fea8109f02805de255b38f14c8d3354fa434f24d725ad243831a52ca04","0-b0ce5975b25ddf025d205291041577e84a0c3739e8f7684c1da571b4867fb061","0-61844b92c06c4c5a6a4db328ebadf92ce857dfd77bd66ec795b7d34bc72f2cd8","root.record.ItemExhibitList.P5Item.P10AdvanceProcurement.APCostElementCategoryList.CFE.APCostElement"
"Lockheed Martin","Fort Worth, TX","18","18","","","2019-BASE_PROCUREMENT-2019-AIRFORCE_AIRCRAFT_VOL2-U_PROCUREMENT_MasterJustificationBook_Air_Force_PB_2019.zzz_unzipped-U_PROCUREMENT_MasterJustificationBook_Air_Force_PB_2019.xml","a6302168237242179e7ebb7f4e7e0c6ef197c9aa214ebf4208a31df54f491c95","0-a4ddf1179b4c295e1fe9be9ca9d75499eb669060784ebe4601d604b673853592","0-a5caa82b4fe5df0fcd92a51fba88a2d6b278bf84f45a9bdf82ac5ca52b60077d","root.record.ItemExhibitList.P5Item.P10AdvanceProcurement.APCostElementCategoryList.CFE.APCostElement"
"Lockheed Martin","Marietta GA","12","12","","","2019-BASE_PROCUREMENT-2019-AIRFORCE_AIRCRAFT_VOL2-U_PROCUREMENT_MasterJustificationBook_Air_Force_PB_2019.zzz_unzipped-U_PROCUREMENT_MasterJustificationBook_Air_Force_PB_2019.xml","25050f3609f71c4e582f0bda0141fc2b15087f0de79e5b8d4a91232f00b6bcb3","0-780e3c2697cc11929860bd8524f209549d6a3097cbe59b18596504f18018b022","0-fe30bde2d4188649a40db13f5e037eda4b7edf88ad0c3f36ce98c87a8f515f22","root.record.ItemExhibitList.P5Item.P10AdvanceProcurement.APCostElementCategoryList.CFE.APCostElement"
"Boeing","Various","18","18","","","2019-BASE_PROCUREMENT-2019-AIRFORCE_AMMUNITION-U_PROCUREMENT_JustificationBook_Air_Force_PB_2019.zzz_unzipped-U_PROCUREMENT_JustificationBook_Air_Force_PB_2019.xml","febe812ff6da49c74047d6ca8ec01f4aa83c73b56f8c312dc3f34dd1983e8647","0-45feb8bc69163176d8730d6186983a13e54ec99e3192c6c0eb8257ee18dbfbc5","0-9e596d67927b627b43e4ba52b508447d8fba30f3bbc115abcec73cdf150f0242","root.record.ItemExhibitList.P5Item.P10AdvanceProcurement.APCostElementCategoryList.CFE.APCostElement"
"Boeing","Various","18","18","","","2019-BASE_PROCUREMENT-2019-AIRFORCE_AMMUNITION-U_PROCUREMENT_MasterJustificationBook_Air_Force_PB_2019.zzz_unzipped-U_PROCUREMENT_MasterJustificationBook_Air_Force_PB_2019.xml","c48d29353e3e6e5cf9c29adfc0105bdb804a21b25e74ec61fd9d65a6eb451eb5","0-3c4547dfad004f2455d9df41ac03864971d7c14dea23a7046c63a8e3642dadc0","0-415825ecb41603929a93c1526a82df9243d588f2ecace656dabdd7b6220f5988","root.record.ItemExhibitList.P5Item.P10AdvanceProcurement.APCostElementCategoryList.CFE.APCostElement"
"Lockheed Martin","Fort Worth, TX","","","","","2020-BASE_PROCUREMENT-2020-AIRFORCE_AIRCRAFT_VOL1-U_PROCUREMENT_JustificationBook_Air_Force_PB_2020.zzz_unzipped-U_PROCUREMENT_JustificationBook_Air_Force_PB_2020.xml","7617dbcc15ca36437e9b9096aaa833b46488c1a0960e4fce9963bdc0327c2cd5","0-04f5dc1c8985eae4e6d7a1cb6bd2044a9d464e0f4603b103469e9e09fa0b3c92","0-6ee1df0b99874d57983daa0f92f2f3f46ebb8317b9dd504cd6cc6593c0d8988b","root.record.ItemExhibitList.P5Item.P10AdvanceProcurement.APCostElementCategoryList.CFE.APCostElement"
"Lockheed Martin","Fort Worth, TX","","","","","2020-BASE_PROCUREMENT-2020-AIRFORCE_AIRCRAFT_VOL1-U_PROCUREMENT_JustificationBook_Air_Force_PB_2020.zzz_unzipped-U_PROCUREMENT_JustificationBook_Air_Force_PB_2020.xml","7617dbcc15ca36437e9b9096aaa833b46488c1a0960e4fce9963bdc0327c2cd5","0-82e5f33d3d5d1e597cfb09ab414c6ece68e32664f7cd48f24f3e95fed8869452","3-155b8ae714ec8ba85ca9afae74152b293f9fa34a39c7381288d98556fb4d31ac","root.record.ItemExhibitList.P5Item.P10AdvanceProcurement.APCostElementCategoryList.CFE.APCostElement"
"Lockheed Martin","Fort Worth, TX","","","","","2020-BASE_PROCUREMENT-2020-AIRFORCE_AIRCRAFT_VOL1-U_PROCUREMENT_JustificationBook_Air_Force_PB_2020.zzz_unzipped-U_PROCUREMENT_JustificationBook_Air_Force_PB_2020.xml","7617dbcc15ca36437e9b9096aaa833b46488c1a0960e4fce9963bdc0327c2cd5","0-0d444d8c9eb8691fe8d16e6cab6320720234dd071750dbc0bd33c30e832f1088","4-86f4360ce2bc4b7ad69e1becd0fc6319f326295015249dcf95ab53dd1001b509","root.record.ItemExhibitList.P5Item.P10AdvanceProcurement.APCostElementCategoryList.CFE.APCostElement"
"Lockheed Martin","Fort Worth, TX","","","","","2020-BASE_PROCUREMENT-2020-AIRFORCE_AIRCRAFT_VOL1-U_PROCUREMENT_JustificationBook_Air_Force_PB_2020.zzz_unzipped-U_PROCUREMENT_JustificationBook_Air_Force_PB_2020.xml","7617dbcc15ca36437e9b9096aaa833b46488c1a0960e4fce9963bdc0327c2cd5","0-f49300f71f9edca05fceaadc88ad88ca638f634385f23d6208d9d65c869712fe","5-1f0caa0111680189366bbd6d3636fce25a9a03fc18dcfb387496c5c93734aadc","root.record.ItemExhibitList.P5Item.P10AdvanceProcurement.APCostElementCategoryList.CFE.APCostElement"
"Lockheed Martin","Marietta GA","12","12","","","2020-BASE_PROCUREMENT-2020-AIRFORCE_AIRCRAFT_VOL1-U_PROCUREMENT_JustificationBook_Air_Force_PB_2020.zzz_unzipped-U_PROCUREMENT_JustificationBook_Air_Force_PB_2020.xml","3a9f3c7050929e925bf578049fe78dd3bcde399b66f1b65c09b7388bb0c772a3","0-f2a6c809bf3a16beca82d9d203ec9315faaeacc2daa9c301bb093539cd168c35","0-13bdfc53f08f3acbdd557841cfaf1d6690275894b7c69269986648849e6dd6c3","root.record.ItemExhibitList.P5Item.P10AdvanceProcurement.APCostElementCategoryList.CFE.APCostElement"
"Lockheed Martin","Fort Worth, TX","","","","","2020-BASE_PROCUREMENT-2020-AIRFORCE_AIRCRAFT_VOL2-U_PROCUREMENT_MasterJustificationBook_Air_Force_PB_2020.zzz_unzipped-U_PROCUREMENT_MasterJustificationBook_Air_Force_PB_2020.xml","7887936a705e5042434ac2d5eee4d04e3202bfe64d739d33f5053abd069b5037","0-f271fde7063184005797edfe667a42917fc1dc6924fe5276a5551da49d978b4f","0-ef70b4212c7159b8e27a2412a210b7c6b7fcb473cd5bf49c180fd39c44204c13","root.record.ItemExhibitList.P5Item.P10AdvanceProcurement.APCostElementCategoryList.CFE.APCostElement"
"Lockheed Martin","Fort Worth, TX","","","","","2020-BASE_PROCUREMENT-2020-AIRFORCE_AIRCRAFT_VOL2-U_PROCUREMENT_MasterJustificationBook_Air_Force_PB_2020.zzz_unzipped-U_PROCUREMENT_MasterJustificationBook_Air_Force_PB_2020.xml","7887936a705e5042434ac2d5eee4d04e3202bfe64d739d33f5053abd069b5037","0-52b45ea2a09db73d4ea2b2f9239f8e5c6259e3609b35adcd28e0c9979c0fde68","3-079f3fb5ea90e460146fb1de6480102a97f4bed3b0a4270ec4a835b87e39f8d0","root.record.ItemExhibitList.P5Item.P10AdvanceProcurement.APCostElementCategoryList.CFE.APCostElement"
"Lockheed Martin","Fort Worth, TX","","","","","2020-BASE_PROCUREMENT-2020-AIRFORCE_AIRCRAFT_VOL2-U_PROCUREMENT_MasterJustificationBook_Air_Force_PB_2020.zzz_unzipped-U_PROCUREMENT_MasterJustificationBook_Air_Force_PB_2020.xml","7887936a705e5042434ac2d5eee4d04e3202bfe64d739d33f5053abd069b5037","0-df8f2b6782cbe59410917cbf0838d98caf82ea932bc7c5e63948a4a1133298a9","4-697722959d6de8679b8489d393dff8b416d44b2ca41230845cd52fc4432e8ff6","root.record.ItemExhibitList.P5Item.P10AdvanceProcurement.APCostElementCategoryList.CFE.APCostElement"
"Lockheed Martin","Fort Worth, TX","","","","","2020-BASE_PROCUREMENT-2020-AIRFORCE_AIRCRAFT_VOL2-U_PROCUREMENT_MasterJustificationBook_Air_Force_PB_2020.zzz_unzipped-U_PROCUREMENT_MasterJustificationBook_Air_Force_PB_2020.xml","7887936a705e5042434ac2d5eee4d04e3202bfe64d739d33f5053abd069b5037","0-3f43a0d7e3a0c3df640941997067ee5b04a464603614dc7edbd78980f931ea04","5-39d0d460e41cf2f2bbfc45830170c28cd838e436e7a9b3569ba691fb62e4d33d","root.record.ItemExhibitList.P5Item.P10AdvanceProcurement.APCostElementCategoryList.CFE.APCostElement"
"Lockheed Martin","Marietta GA","12","12","","","2020-BASE_PROCUREMENT-2020-AIRFORCE_AIRCRAFT_VOL2-U_PROCUREMENT_MasterJustificationBook_Air_Force_PB_2020.zzz_unzipped-U_PROCUREMENT_MasterJustificationBook_Air_Force_PB_2020.xml","fbeb7d92a6f93f3229425ab3e79909b0c2623c52de8fc6dc289624a0a85bf926","0-5d0bee419065b8d10a70744bad688a28b1ae3f1b1e74764531cfd8642105c68f","0-780fadf011b833054347a3d8b0d8262a993e99f4d55f8697be5822862dab0d7e","root.record.ItemExhibitList.P5Item.P10AdvanceProcurement.APCostElementCategoryList.CFE.APCostElement"
