Name_val,Cost_TotalCost_PriorYear_val,Cost_TotalCost_CurrentYear_val,Cost_TotalCost_BudgetYearOneBase_val,Cost_TotalCost_BudgetYearOne_val,Cost_TotalCost_BudgetYearTwo_val,Cost_TotalCost_BudgetYearThree_val,Cost_TotalCost_BudgetYearFour_val,Cost_TotalCost_BudgetYearFive_val,Cost_TotalCost_BudgetYearOneOCO_val,@SOURCE_FILENAME,@RECORDID,@ROWID,@PARENTROWID,@PARENT
"Air Force Active","46.2","","","","","","","","","2015-BASE_PROCUREMENT-2015-AIRFORCE_AIRCRAFT_VOL2-PROCUREMENT_JustificationBook_Air_Force_PB_2015.zzz_unzipped-PROCUREMENT_JustificationBook_Air_Force_PB_2015.xml","64acb54550a4560598d7d665ce51dd7ecd276be3097259da048227510b8c8d9d","0-f6d1ea36819145ace203d50f3aab18f3d9b4b7663a4c2e353bf76b15461ce18d","0-e475924255cfa70f36986d55fbdb3f1cc6cef736209d24becd12b828ef8c0175","root.record.ItemExhibitList.P3AModificationItemGroup.ModificationItemList.ModificationItem"
"Air Force Active","6.275","2.006","6.415","6.415","6.575","7.715","7.862","8.009","","2015-BASE_PROCUREMENT-2015-AIRFORCE_AIRCRAFT_VOL2-PROCUREMENT_JustificationBook_Air_Force_PB_2015.zzz_unzipped-PROCUREMENT_JustificationBook_Air_Force_PB_2015.xml","64acb54550a4560598d7d665ce51dd7ecd276be3097259da048227510b8c8d9d","0-cc46a2e7d466543197b3dc314c253c91e9e557523de6c86f3e0daf88fec51790","0-2dba808cade07d943c64c795aeceb83af67b0c63fabae8db497bf606ab1d626c","root.record.ItemExhibitList.P3AModificationItemGroup.ModificationItemList.ModificationItem"
"Air Force Active","","","1.764","1.764","","","","","","2015-BASE_PROCUREMENT-2015-AIRFORCE_AIRCRAFT_VOL2-PROCUREMENT_JustificationBook_Air_Force_PB_2015.zzz_unzipped-PROCUREMENT_JustificationBook_Air_Force_PB_2015.xml","b8767409fbe18f979daf324b822c3fc717f2bfd9a9a8e2c0e9528e4bdde4d803","0-0ac8ac2aa435fb3fc874af682bca19cf93fd312a070bbb4277e1a70c4455fb98","0-94eb0b5f676bbeeb78c87ad2d2ecc42b9f1c35c51d572cb489e844d1c1ad07e9","root.record.ItemExhibitList.P3AModificationItemGroup.ModificationItemList.ModificationItem"
"Air Force Active","328.153","","","","","","","","","2015-BASE_PROCUREMENT-2015-AIRFORCE_AIRCRAFT_VOL2-PROCUREMENT_JustificationBook_Air_Force_PB_2015.zzz_unzipped-PROCUREMENT_JustificationBook_Air_Force_PB_2015.xml","e049539817dd22b34918c2c0be8271bbbd79d6b6a486234ddff8e6be076c0e3d","0-a9034a9be0396e25c52aca9491a4e541b43a9670075c92bf196df464daf7c8ef","0-2cdbcf0e855fd5cb7a69eb6dddab28be528070f5656cbc376aba25856f927922","root.record.ItemExhibitList.P3AModificationItemGroup.ModificationItemList.ModificationItem"
"Air Force Reserve","273.46","719.289","","","","","","","","2015-BASE_PROCUREMENT-2015-AIRFORCE_AIRCRAFT_VOL2-PROCUREMENT_JustificationBook_Air_Force_PB_2015.zzz_unzipped-PROCUREMENT_JustificationBook_Air_Force_PB_2015.xml","e049539817dd22b34918c2c0be8271bbbd79d6b6a486234ddff8e6be076c0e3d","1-7cce912e6b31347841a553f648f006fd1c2850f452a85df8526c15a7089fb354","0-2cdbcf0e855fd5cb7a69eb6dddab28be528070f5656cbc376aba25856f927922","root.record.ItemExhibitList.P3AModificationItemGroup.ModificationItemList.ModificationItem"
"Air Force Active","9.635","13.247","0.424","0.424","","","","","","2015-BASE_PROCUREMENT-2015-AIRFORCE_AIRCRAFT_VOL2-PROCUREMENT_JustificationBook_Air_Force_PB_2015.zzz_unzipped-PROCUREMENT_JustificationBook_Air_Force_PB_2015.xml","2c3a42ac96c574f3a05d311e38d1fd39e76b2eaa077eed338c2b56579168a566","0-199ab58219e817a5733b741fb768463ca782011b4d7c294cecde68fdacb6b8ca","0-3cc25d5b36983434343ce3d69705a6615181bd6e7e7589715a245eb349c2cb8c","root.record.ItemExhibitList.P3AModificationItemGroup.ModificationItemList.ModificationItem"
"Air National Guard","1.47","","5.515","5.515","","","","","","2015-BASE_PROCUREMENT-2015-AIRFORCE_AIRCRAFT_VOL2-PROCUREMENT_JustificationBook_Air_Force_PB_2015.zzz_unzipped-PROCUREMENT_JustificationBook_Air_Force_PB_2015.xml","2c3a42ac96c574f3a05d311e38d1fd39e76b2eaa077eed338c2b56579168a566","1-f8b177b46a39f763d1714ac4e05a9a71ff48c4af44d418148dcc5c0b7e3e6e94","0-3cc25d5b36983434343ce3d69705a6615181bd6e7e7589715a245eb349c2cb8c","root.record.ItemExhibitList.P3AModificationItemGroup.ModificationItemList.ModificationItem"
"Air Force Reserve","1.96","0.473","1.273","1.273","","","","","","2015-BASE_PROCUREMENT-2015-AIRFORCE_AIRCRAFT_VOL2-PROCUREMENT_JustificationBook_Air_Force_PB_2015.zzz_unzipped-PROCUREMENT_JustificationBook_Air_Force_PB_2015.xml","2c3a42ac96c574f3a05d311e38d1fd39e76b2eaa077eed338c2b56579168a566","2-c37c27eaf33f42c6fb303ddda710ee7a59eba2fbe850f0b4d69d76a77a72f5cc","0-3cc25d5b36983434343ce3d69705a6615181bd6e7e7589715a245eb349c2cb8c","root.record.ItemExhibitList.P3AModificationItemGroup.ModificationItemList.ModificationItem"
"Air Force Active","13.378","","","","","","","","","2015-BASE_PROCUREMENT-2015-AIRFORCE_AIRCRAFT_VOL2-PROCUREMENT_JustificationBook_Air_Force_PB_2015.zzz_unzipped-PROCUREMENT_JustificationBook_Air_Force_PB_2015.xml","2c3a42ac96c574f3a05d311e38d1fd39e76b2eaa077eed338c2b56579168a566","0-b8e0bc37d0698befa9db0975a8252b6a50ed0fdd7fe08e68fc96da3ea2fa756f","0-e9b3dff1a549d123ee01f4bca0b9768588d41326b17edd6ddf88c21cc235140a","root.record.ItemExhibitList.P3AModificationItemGroup.ModificationItemList.ModificationItem"
"Air National Guard","2.539","","","","","","","","","2015-BASE_PROCUREMENT-2015-AIRFORCE_AIRCRAFT_VOL2-PROCUREMENT_JustificationBook_Air_Force_PB_2015.zzz_unzipped-PROCUREMENT_JustificationBook_Air_Force_PB_2015.xml","2c3a42ac96c574f3a05d311e38d1fd39e76b2eaa077eed338c2b56579168a566","1-10fa52d6306596372be4c81b69c6a8560422d98a72df27b52ae117aa895e041a","0-e9b3dff1a549d123ee01f4bca0b9768588d41326b17edd6ddf88c21cc235140a","root.record.ItemExhibitList.P3AModificationItemGroup.ModificationItemList.ModificationItem"
"Air Force Reserve","12.694","","","","","","","","","2015-BASE_PROCUREMENT-2015-AIRFORCE_AIRCRAFT_VOL2-PROCUREMENT_JustificationBook_Air_Force_PB_2015.zzz_unzipped-PROCUREMENT_JustificationBook_Air_Force_PB_2015.xml","2c3a42ac96c574f3a05d311e38d1fd39e76b2eaa077eed338c2b56579168a566","2-44c723f10c2c29fa85162734aef165f8e3f6be78fbde443f354a7754a240dfe7","0-e9b3dff1a549d123ee01f4bca0b9768588d41326b17edd6ddf88c21cc235140a","root.record.ItemExhibitList.P3AModificationItemGroup.ModificationItemList.ModificationItem"
"Air Force Active","5.849","17.836","14.05","14.05","14.61","15.05","2.818","","","2015-BASE_PROCUREMENT-2015-AIRFORCE_AIRCRAFT_VOL2-PROCUREMENT_JustificationBook_Air_Force_PB_2015.zzz_unzipped-PROCUREMENT_JustificationBook_Air_Force_PB_2015.xml","2c3a42ac96c574f3a05d311e38d1fd39e76b2eaa077eed338c2b56579168a566","0-d03ea4035098a548c2e301e552e68bd4fe1156fc06efa88c243ac1ffc58339ec","0-59e8c481144be291937586426895bc0185e8ed333e3278950bdf1ecbc13e9937","root.record.ItemExhibitList.P3AModificationItemGroup.ModificationItemList.ModificationItem"
"Air National Guard","","","","","","","12.212","","","2015-BASE_PROCUREMENT-2015-AIRFORCE_AIRCRAFT_VOL2-PROCUREMENT_JustificationBook_Air_Force_PB_2015.zzz_unzipped-PROCUREMENT_JustificationBook_Air_Force_PB_2015.xml","2c3a42ac96c574f3a05d311e38d1fd39e76b2eaa077eed338c2b56579168a566","1-0917e39741eadc7e9ef5adf35d060f865eb5e30c3271a6865929d165a310fa8a","0-59e8c481144be291937586426895bc0185e8ed333e3278950bdf1ecbc13e9937","root.record.ItemExhibitList.P3AModificationItemGroup.ModificationItemList.ModificationItem"
"Air Force Reserve","","","","","","","0.47","8.23","","2015-BASE_PROCUREMENT-2015-AIRFORCE_AIRCRAFT_VOL2-PROCUREMENT_JustificationBook_Air_Force_PB_2015.zzz_unzipped-PROCUREMENT_JustificationBook_Air_Force_PB_2015.xml","2c3a42ac96c574f3a05d311e38d1fd39e76b2eaa077eed338c2b56579168a566","2-0e5cb44ef4d722245982b674857631b165d1e6e4f4de5f81aa6b4a7f5b4a7aed","0-59e8c481144be291937586426895bc0185e8ed333e3278950bdf1ecbc13e9937","root.record.ItemExhibitList.P3AModificationItemGroup.ModificationItemList.ModificationItem"
"Air Force Active","","","1.31","1.31","10.97","11.299","","","","2015-BASE_PROCUREMENT-2015-AIRFORCE_AIRCRAFT_VOL2-PROCUREMENT_JustificationBook_Air_Force_PB_2015.zzz_unzipped-PROCUREMENT_JustificationBook_Air_Force_PB_2015.xml","2c3a42ac96c574f3a05d311e38d1fd39e76b2eaa077eed338c2b56579168a566","0-688f6e2ed110d32d0e4c2cf2f0d5601f78ea808a53365cd466b7fd9ddc8a9829","0-f19e80bcee55cfae3ccc7bdc6a83776b0f745a92b3ad4c30dd02634df68613ee","root.record.ItemExhibitList.P3AModificationItemGroup.ModificationItemList.ModificationItem"
"Air Force Active","","","","","0.719","8.322","","","","2015-BASE_PROCUREMENT-2015-AIRFORCE_AIRCRAFT_VOL2-PROCUREMENT_JustificationBook_Air_Force_PB_2015.zzz_unzipped-PROCUREMENT_JustificationBook_Air_Force_PB_2015.xml","2c3a42ac96c574f3a05d311e38d1fd39e76b2eaa077eed338c2b56579168a566","0-184f7b3b6bad1f4fb4dc83df3269703b2f7b26d8643b8b9f963a31b16b82b1bb","1-fbaae1b0eeb34fe6c2460d647eeadf1eb4fe411fc30674b4df731d68c129869f","root.record.ItemExhibitList.P3AModificationItemGroup.ModificationItemList.ModificationItem"
"Air Force Active","","5.745","6.605","6.605","9.664","9.304","21.532","27.813","","2015-BASE_PROCUREMENT-2015-AIRFORCE_AIRCRAFT_VOL2-PROCUREMENT_JustificationBook_Air_Force_PB_2015.zzz_unzipped-PROCUREMENT_JustificationBook_Air_Force_PB_2015.xml","2c3a42ac96c574f3a05d311e38d1fd39e76b2eaa077eed338c2b56579168a566","0-4c1a4347a32de47d1f678ae2a85bf541887903488bee2f9fdb3c7c4cabb80ecb","0-5406f9672ee37f7e79e0464ea93dfd808e3b8cbd7159b5f553fc3d8d3a2ad955","root.record.ItemExhibitList.P3AModificationItemGroup.ModificationItemList.ModificationItem"
"Air Force Active","4.226","3.824","4.553","4.553","3.302","3.302","","","","2015-BASE_PROCUREMENT-2015-AIRFORCE_AIRCRAFT_VOL2-PROCUREMENT_JustificationBook_Air_Force_PB_2015.zzz_unzipped-PROCUREMENT_JustificationBook_Air_Force_PB_2015.xml","2c3a42ac96c574f3a05d311e38d1fd39e76b2eaa077eed338c2b56579168a566","0-2a1656ef66e8944b31029b0ceb1178fba130c486183e41e2192c1c8f37b84691","0-93a0452bc101399cc6d5ce947e026eaeb2a12ec46a5f73730c0f8d208ecb0d31","root.record.ItemExhibitList.P3AModificationItemGroup.ModificationItemList.ModificationItem"
"Air Force Active","","2.624","2.004","2.004","","","","","","2015-BASE_PROCUREMENT-2015-AIRFORCE_AIRCRAFT_VOL2-PROCUREMENT_JustificationBook_Air_Force_PB_2015.zzz_unzipped-PROCUREMENT_JustificationBook_Air_Force_PB_2015.xml","c18079498214be7c8507bd7289056635ea6ba000e7bb766e68a998d56e53f49a","0-165bebdffdf8ea3f15a48e7f490092ef2ac8026ff0111f9d43a115440b3aef31","0-74e9f61f3afff77900850dca44f9ce63b66b9f8daa0aa2474f5bd68111ea8f1b","root.record.ItemExhibitList.P3AModificationItemGroup.ModificationItemList.ModificationItem"
"Air Force Reserve","","0.656","3.118","3.118","","","","","","2015-BASE_PROCUREMENT-2015-AIRFORCE_AIRCRAFT_VOL2-PROCUREMENT_JustificationBook_Air_Force_PB_2015.zzz_unzipped-PROCUREMENT_JustificationBook_Air_Force_PB_2015.xml","c18079498214be7c8507bd7289056635ea6ba000e7bb766e68a998d56e53f49a","1-b127f3d6b87e9aa99fb53b47ce2851d19980f3f02648440f1ec3032bf2fcf7b2","0-74e9f61f3afff77900850dca44f9ce63b66b9f8daa0aa2474f5bd68111ea8f1b","root.record.ItemExhibitList.P3AModificationItemGroup.ModificationItemList.ModificationItem"
"Air Force Active","","29.28","49.812","49.812","","","","","","2015-BASE_PROCUREMENT-2015-AIRFORCE_AIRCRAFT_VOL2-PROCUREMENT_JustificationBook_Air_Force_PB_2015.zzz_unzipped-PROCUREMENT_JustificationBook_Air_Force_PB_2015.xml","c18079498214be7c8507bd7289056635ea6ba000e7bb766e68a998d56e53f49a","0-228f7e6b213c5901fc8997f4dce3778c53f36692dad95afe547e2bebce40798c","0-2d98b685196743bfc98c54c00ede4151128742fa792a6c430e327c66b8865eaa","root.record.ItemExhibitList.P3AModificationItemGroup.ModificationItemList.ModificationItem"
"Air Force Reserve","","7.32","10.674","10.674","","","","","","2015-BASE_PROCUREMENT-2015-AIRFORCE_AIRCRAFT_VOL2-PROCUREMENT_JustificationBook_Air_Force_PB_2015.zzz_unzipped-PROCUREMENT_JustificationBook_Air_Force_PB_2015.xml","c18079498214be7c8507bd7289056635ea6ba000e7bb766e68a998d56e53f49a","1-d5b412f80c41a33a0673b14643bab4aea1e0d6093440f5b29a80ea5d84d1dc90","0-2d98b685196743bfc98c54c00ede4151128742fa792a6c430e327c66b8865eaa","root.record.ItemExhibitList.P3AModificationItemGroup.ModificationItemList.ModificationItem"
"Air Force Active","","","3.289","3.289","","","","","","2015-BASE_PROCUREMENT-2015-AIRFORCE_AIRCRAFT_VOL2-PROCUREMENT_JustificationBook_Air_Force_PB_2015.zzz_unzipped-PROCUREMENT_JustificationBook_Air_Force_PB_2015.xml","c18079498214be7c8507bd7289056635ea6ba000e7bb766e68a998d56e53f49a","0-49e7fe270f2950e8c3c5fb83080cbb0175445cf63bfb1dbcf7791949899e98f2","0-466c7ec19e361331f93413b88c2a92d8797ab642c7f2c6e8522b6e8e449a6654","root.record.ItemExhibitList.P3AModificationItemGroup.ModificationItemList.ModificationItem"
"Air Force Active","","8.038","3.91","3.91","","","","","","2015-BASE_PROCUREMENT-2015-AIRFORCE_AIRCRAFT_VOL2-PROCUREMENT_JustificationBook_Air_Force_PB_2015.zzz_unzipped-PROCUREMENT_JustificationBook_Air_Force_PB_2015.xml","c18079498214be7c8507bd7289056635ea6ba000e7bb766e68a998d56e53f49a","0-df30d220f6d32df0e5185f149d467b65bc032994078c6e6517b2fca0ef5cfb35","0-c7ab64e53a8fcb8027fddb04c6c67bb967809805f453523e6501a8143c5489d7","root.record.ItemExhibitList.P3AModificationItemGroup.ModificationItemList.ModificationItem"
"Air Force Reserve","","","3.34","3.34","","","","","","2015-BASE_PROCUREMENT-2015-AIRFORCE_AIRCRAFT_VOL2-PROCUREMENT_JustificationBook_Air_Force_PB_2015.zzz_unzipped-PROCUREMENT_JustificationBook_Air_Force_PB_2015.xml","c18079498214be7c8507bd7289056635ea6ba000e7bb766e68a998d56e53f49a","1-8ef18e58df3be29388d63ea1aec37061fd02e8612fd984a25e0931530a58bfad","0-c7ab64e53a8fcb8027fddb04c6c67bb967809805f453523e6501a8143c5489d7","root.record.ItemExhibitList.P3AModificationItemGroup.ModificationItemList.ModificationItem"
"Air National Guard","","3","2.875","2.875","","","","","","2015-BASE_PROCUREMENT-2015-AIRFORCE_AIRCRAFT_VOL2-PROCUREMENT_JustificationBook_Air_Force_PB_2015.zzz_unzipped-PROCUREMENT_JustificationBook_Air_Force_PB_2015.xml","c95b3cad136b9abd961b0302a1b9dcc36c9e32822973785202e66e43ffe473da","0-3c8a8588f9c39938d00c6a95a0271b69286eaee86dc130637a6f889e1cbbf1f9","0-d40139506a2bfbec824bef88f5bb7422de1ff50d7cf74adf5039f24718032381","root.record.ItemExhibitList.P3AModificationItemGroup.ModificationItemList.ModificationItem"
"Air Force Reserve","","1.375","2.125","2.125","","","","","","2015-BASE_PROCUREMENT-2015-AIRFORCE_AIRCRAFT_VOL2-PROCUREMENT_JustificationBook_Air_Force_PB_2015.zzz_unzipped-PROCUREMENT_JustificationBook_Air_Force_PB_2015.xml","c95b3cad136b9abd961b0302a1b9dcc36c9e32822973785202e66e43ffe473da","1-fec3818fd0933a6952cce132e21bd4267530bdda4852d8eba32fa4924b4cf92d","0-d40139506a2bfbec824bef88f5bb7422de1ff50d7cf74adf5039f24718032381","root.record.ItemExhibitList.P3AModificationItemGroup.ModificationItemList.ModificationItem"
"Air Force Active","26.615","4.26","","","","","","","","2015-BASE_PROCUREMENT-2015-AIRFORCE_AIRCRAFT_VOL2-PROCUREMENT_JustificationBook_Air_Force_PB_2015.zzz_unzipped-PROCUREMENT_JustificationBook_Air_Force_PB_2015.xml","ad2cbcd52887cfdbd4c4e64af0f936c986b469e78be0a9fa924477b8ad18fb8f","0-aac25235794e19350042a9dbef879487e31fd31811c12f6c72cdd247c273aa52","1-a1eae4e59a4b3945b8634e979192d2ca2fe89c074d8316139593161d0680b31e","root.record.ItemExhibitList.P3AModificationItemGroup.ModificationItemList.ModificationItem"
"Air National Guard","7.604","","","","","","","","","2015-BASE_PROCUREMENT-2015-AIRFORCE_AIRCRAFT_VOL2-PROCUREMENT_JustificationBook_Air_Force_PB_2015.zzz_unzipped-PROCUREMENT_JustificationBook_Air_Force_PB_2015.xml","ad2cbcd52887cfdbd4c4e64af0f936c986b469e78be0a9fa924477b8ad18fb8f","1-7108cfd1498504fbf0c3afaa8fae450e4271f8f81cd6645db281e9bbfc2d836e","1-a1eae4e59a4b3945b8634e979192d2ca2fe89c074d8316139593161d0680b31e","root.record.ItemExhibitList.P3AModificationItemGroup.ModificationItemList.ModificationItem"
"Air Force Reserve","3.802","","","","","","","","","2015-BASE_PROCUREMENT-2015-AIRFORCE_AIRCRAFT_VOL2-PROCUREMENT_JustificationBook_Air_Force_PB_2015.zzz_unzipped-PROCUREMENT_JustificationBook_Air_Force_PB_2015.xml","ad2cbcd52887cfdbd4c4e64af0f936c986b469e78be0a9fa924477b8ad18fb8f","2-4d167ff2ad7ef9ae0e73508772f782dc1b4d244d1ddfe12fa7d71f5b9c2e1278","1-a1eae4e59a4b3945b8634e979192d2ca2fe89c074d8316139593161d0680b31e","root.record.ItemExhibitList.P3AModificationItemGroup.ModificationItemList.ModificationItem"
"Air Force Active","10.686","","","","","","","","","2015-BASE_PROCUREMENT-2015-AIRFORCE_AIRCRAFT_VOL2-PROCUREMENT_JustificationBook_Air_Force_PB_2015.zzz_unzipped-PROCUREMENT_JustificationBook_Air_Force_PB_2015.xml","ad2cbcd52887cfdbd4c4e64af0f936c986b469e78be0a9fa924477b8ad18fb8f","0-ffe6295ce1130acb2569f0ab45611ee345be5c1ad2ea09c6a534935eaf6a8b46","2-3e087b747779b20efdd48d0e716433952500b92a265453e5ae8826dcdedb6054","root.record.ItemExhibitList.P3AModificationItemGroup.ModificationItemList.ModificationItem"
"Air Force Active","18.933","","","","","","","","","2015-BASE_PROCUREMENT-2015-AIRFORCE_AIRCRAFT_VOL2-PROCUREMENT_JustificationBook_Air_Force_PB_2015.zzz_unzipped-PROCUREMENT_JustificationBook_Air_Force_PB_2015.xml","f95a686895e7fa3d37923c2b920ccf43d5ee240504c1f66a1de53572ac91a145","0-d29c14c1df3b05b55b881b1ca2d91f8ed0da5be1fac3cdd9e5c7108880633bd5","0-796326cb3b59a3fa985a35030e559524af86b86b2b495ec4a24973be902464d2","root.record.ItemExhibitList.P3AModificationItemGroup.ModificationItemList.ModificationItem"
"Air Force Active","5.713","","15.616","15.616","","","","","","2015-BASE_PROCUREMENT-2015-AIRFORCE_AIRCRAFT_VOL2-PROCUREMENT_JustificationBook_Air_Force_PB_2015.zzz_unzipped-PROCUREMENT_JustificationBook_Air_Force_PB_2015.xml","4f10c9d75af1ff7f39d3312af79b465fcb001e31cfa449ec049bea6f08f73af1","0-96b0072514c40a605f7a0d7aeaa5d7d05a82cb2e78523587b43f88acb55ce931","0-8cff456b12c8b59d7f543ad053929f6ff4f9446ad670fb7800241731dfa9fd99","root.record.ItemExhibitList.P3AModificationItemGroup.ModificationItemList.ModificationItem"
"Air National Guard","5.713","","16.484","16.484","","","","","","2015-BASE_PROCUREMENT-2015-AIRFORCE_AIRCRAFT_VOL2-PROCUREMENT_JustificationBook_Air_Force_PB_2015.zzz_unzipped-PROCUREMENT_JustificationBook_Air_Force_PB_2015.xml","4f10c9d75af1ff7f39d3312af79b465fcb001e31cfa449ec049bea6f08f73af1","1-0d75033e871471757c820fcd9292017f242506dd6fdf01d74473957c5ece4730","0-8cff456b12c8b59d7f543ad053929f6ff4f9446ad670fb7800241731dfa9fd99","root.record.ItemExhibitList.P3AModificationItemGroup.ModificationItemList.ModificationItem"
"Air Force Reserve","2.143","","6.941","6.941","","","","","","2015-BASE_PROCUREMENT-2015-AIRFORCE_AIRCRAFT_VOL2-PROCUREMENT_JustificationBook_Air_Force_PB_2015.zzz_unzipped-PROCUREMENT_JustificationBook_Air_Force_PB_2015.xml","4f10c9d75af1ff7f39d3312af79b465fcb001e31cfa449ec049bea6f08f73af1","2-a76a17e78d53ce1f2951317022db919a2565db13cafcd002e3cfbe270ff4c686","0-8cff456b12c8b59d7f543ad053929f6ff4f9446ad670fb7800241731dfa9fd99","root.record.ItemExhibitList.P3AModificationItemGroup.ModificationItemList.ModificationItem"
"Air Force Active","53.616","","","","","","","","","2015-BASE_PROCUREMENT-2015-AIRFORCE_AIRCRAFT_VOL2-PROCUREMENT_JustificationBook_Air_Force_PB_2015.zzz_unzipped-PROCUREMENT_JustificationBook_Air_Force_PB_2015.xml","bbc8063372e02d2bc548b494988437c9d99675713059aabc6acf7bc346906c17","0-720aa6c9593efefbbdf23e4d26782e91622479801726a3a77561a0c8b8628c61","0-4709987106612b369da6cde22fa9afa45e806f1f892e7fbbe0d809c2483316cd","root.record.ItemExhibitList.P3AModificationItemGroup.ModificationItemList.ModificationItem"
"Air Force Active","58.646","125.745","191.871","191.871","","","","","","2015-BASE_PROCUREMENT-2015-AIRFORCE_AIRCRAFT_VOL2-PROCUREMENT_JustificationBook_Air_Force_PB_2015.zzz_unzipped-PROCUREMENT_JustificationBook_Air_Force_PB_2015.xml","37a9176d6819849bcd695141407bcbea7c3c0b02a6c4bbb6d05d22c664d601c4","0-ffc22b1022f6c3a2b3c4d70635b03bfadcb1a288a66ca968a848374d2a509147","0-9d22f2e5b9bd949d9bec5dae1919e9e4794c1ece9c220d2858d53504b6c4261f","root.record.ItemExhibitList.P3AModificationItemGroup.ModificationItemList.ModificationItem"
"Air Force Active","3.783","78.489","15.394","15.394","","","","","","2015-BASE_PROCUREMENT-2015-AIRFORCE_AIRCRAFT_VOL2-PROCUREMENT_JustificationBook_Air_Force_PB_2015.zzz_unzipped-PROCUREMENT_JustificationBook_Air_Force_PB_2015.xml","37a9176d6819849bcd695141407bcbea7c3c0b02a6c4bbb6d05d22c664d601c4","0-68efc39bb67ae09ca7076f9337515a4dec66a4be5dca657dda966c36a6c6b24a","0-b333755fd20a07b31ce15e76af7f7329eed33b50568c0911263ef87de49b8ab3","root.record.ItemExhibitList.P3AModificationItemGroup.ModificationItemList.ModificationItem"
"Air National Guard","46.912","8.783","87.104","87.104","","","","","","2015-BASE_PROCUREMENT-2015-AIRFORCE_AIRCRAFT_VOL2-PROCUREMENT_JustificationBook_Air_Force_PB_2015.zzz_unzipped-PROCUREMENT_JustificationBook_Air_Force_PB_2015.xml","37a9176d6819849bcd695141407bcbea7c3c0b02a6c4bbb6d05d22c664d601c4","1-f45b6acbc98992055d895efcf7c4fbb0e40bc9b77f8abf949ca963e3e91ad67c","0-b333755fd20a07b31ce15e76af7f7329eed33b50568c0911263ef87de49b8ab3","root.record.ItemExhibitList.P3AModificationItemGroup.ModificationItemList.ModificationItem"
"Air Force Active","2.793","8.605","","","","","","","","2015-BASE_PROCUREMENT-2015-AIRFORCE_AIRCRAFT_VOL2-PROCUREMENT_JustificationBook_Air_Force_PB_2015.zzz_unzipped-PROCUREMENT_JustificationBook_Air_Force_PB_2015.xml","37a9176d6819849bcd695141407bcbea7c3c0b02a6c4bbb6d05d22c664d601c4","0-a6daead07c994cd448cf90cc1ecf6bc867132bbbd7aabdd93831629146bee82b","0-d215cb393a494db3a0cc23147ef183e0a906e98de217c961cb4c6e64835e03e4","root.record.ItemExhibitList.P3AModificationItemGroup.ModificationItemList.ModificationItem"
"Air Force Active","8.6","8.48","","","","","","","","2015-BASE_PROCUREMENT-2015-AIRFORCE_AIRCRAFT_VOL2-PROCUREMENT_JustificationBook_Air_Force_PB_2015.zzz_unzipped-PROCUREMENT_JustificationBook_Air_Force_PB_2015.xml","37a9176d6819849bcd695141407bcbea7c3c0b02a6c4bbb6d05d22c664d601c4","0-0a8c22e4b31902a04ae94f27eaed951cc01b7082bde069614e0105242a210042","0-58d1553e79a4afbabee4431a357d28a3c53392cd2613140eccf3ebade3dacf0c","root.record.ItemExhibitList.P3AModificationItemGroup.ModificationItemList.ModificationItem"
"Air National Guard","22.418","","","","","","","","","2015-BASE_PROCUREMENT-2015-AIRFORCE_AIRCRAFT_VOL2-PROCUREMENT_JustificationBook_Air_Force_PB_2015.zzz_unzipped-PROCUREMENT_JustificationBook_Air_Force_PB_2015.xml","a8005ce497b4d26a96a0a73b3a202cd9ad0d2cb8833efae151bef5451667fd9e","0-7c7f867354cd6cc9ae98199510696345c7b726b45c923efcfb13173f0409dae1","0-1db6b8d41b55176354a7a74b4c2daaf56160591315661e7830ea1ec811b4428c","root.record.ItemExhibitList.P3AModificationItemGroup.ModificationItemList.ModificationItem"
"Air Force Active","53.658","60.793","37.611","37.611","39.951","47.86","43.967","31.137","","2015-BASE_PROCUREMENT-2015-AIRFORCE_AIRCRAFT_VOL2-PROCUREMENT_JustificationBook_Air_Force_PB_2015.zzz_unzipped-PROCUREMENT_JustificationBook_Air_Force_PB_2015.xml","a8005ce497b4d26a96a0a73b3a202cd9ad0d2cb8833efae151bef5451667fd9e","0-8b51a5885574e23e6a141bd5e98dc814f03cb27881760f03e174837388b728e8","0-a78ea41200c262c74eebcd094a2aef6cc87be730f743c6deaf58c333ab33648d","root.record.ItemExhibitList.P3AModificationItemGroup.ModificationItemList.ModificationItem"
"Air National Guard","8.812","6.836","6.637","6.637","5.671","3.12","2.025","2.166","","2015-BASE_PROCUREMENT-2015-AIRFORCE_AIRCRAFT_VOL2-PROCUREMENT_JustificationBook_Air_Force_PB_2015.zzz_unzipped-PROCUREMENT_JustificationBook_Air_Force_PB_2015.xml","a8005ce497b4d26a96a0a73b3a202cd9ad0d2cb8833efae151bef5451667fd9e","1-089b9d7451d0741551f3dd0e921e4270412ab01aa2ea96ef98dcbc7ffa7a6464","0-a78ea41200c262c74eebcd094a2aef6cc87be730f743c6deaf58c333ab33648d","root.record.ItemExhibitList.P3AModificationItemGroup.ModificationItemList.ModificationItem"
"Air Force Active","7.427","18.666","12.155","12.155","11.73","24.923","27.288","22.692","","2015-BASE_PROCUREMENT-2015-AIRFORCE_AIRCRAFT_VOL2-PROCUREMENT_JustificationBook_Air_Force_PB_2015.zzz_unzipped-PROCUREMENT_JustificationBook_Air_Force_PB_2015.xml","a8005ce497b4d26a96a0a73b3a202cd9ad0d2cb8833efae151bef5451667fd9e","0-aec72e245c785ec3f5b6a7a705528e0af4d3281ab3920c9215e0a1da82da52c8","0-62ca8c147ba50a92b3c5a469c027fba4bcd6e1aa304caf6978b79ffe1d378f9b","root.record.ItemExhibitList.P3AModificationItemGroup.ModificationItemList.ModificationItem"
"Air National Guard","0.807","3.067","1.321","1.321","1.274","2.014","2.421","2.465","","2015-BASE_PROCUREMENT-2015-AIRFORCE_AIRCRAFT_VOL2-PROCUREMENT_JustificationBook_Air_Force_PB_2015.zzz_unzipped-PROCUREMENT_JustificationBook_Air_Force_PB_2015.xml","a8005ce497b4d26a96a0a73b3a202cd9ad0d2cb8833efae151bef5451667fd9e","1-a8a840d33e72b99094f97cc5c0671439ab9030a76b89a237fe2836378db00393","0-62ca8c147ba50a92b3c5a469c027fba4bcd6e1aa304caf6978b79ffe1d378f9b","root.record.ItemExhibitList.P3AModificationItemGroup.ModificationItemList.ModificationItem"
"Air Force Active","5.801","7.931","5.09","5.09","5.571","10.141","","","","2015-BASE_PROCUREMENT-2015-AIRFORCE_AIRCRAFT_VOL2-PROCUREMENT_JustificationBook_Air_Force_PB_2015.zzz_unzipped-PROCUREMENT_JustificationBook_Air_Force_PB_2015.xml","a8005ce497b4d26a96a0a73b3a202cd9ad0d2cb8833efae151bef5451667fd9e","0-c699bf21a0d459aefc340be2ecf956e63ca7c38df3ade9b650afbdd9a0dbb764","0-2fac4eff0cfbd54f6fa03d9771c44d9b44fe53e8141c94b1c7cd8b959e250580","root.record.ItemExhibitList.P3AModificationItemGroup.ModificationItemList.ModificationItem"
"Air National Guard","0.58","","","","","2.751","17.883","","","2015-BASE_PROCUREMENT-2015-AIRFORCE_AIRCRAFT_VOL2-PROCUREMENT_JustificationBook_Air_Force_PB_2015.zzz_unzipped-PROCUREMENT_JustificationBook_Air_Force_PB_2015.xml","a8005ce497b4d26a96a0a73b3a202cd9ad0d2cb8833efae151bef5451667fd9e","1-ab45e86c9803b15ef8df9ec97b55c4f395f9e99198fbdd27a46a86017ddb4e1b","0-2fac4eff0cfbd54f6fa03d9771c44d9b44fe53e8141c94b1c7cd8b959e250580","root.record.ItemExhibitList.P3AModificationItemGroup.ModificationItemList.ModificationItem"
"Air Force Active","29.961","22.49","","","3.15","5.85","6.093","2.569","","2015-BASE_PROCUREMENT-2015-AIRFORCE_AIRCRAFT_VOL2-PROCUREMENT_JustificationBook_Air_Force_PB_2015.zzz_unzipped-PROCUREMENT_JustificationBook_Air_Force_PB_2015.xml","a8005ce497b4d26a96a0a73b3a202cd9ad0d2cb8833efae151bef5451667fd9e","0-6a14a5b463990380acbac2f8a8060996993a5600dfd759891df98404593eb120","0-1cd4329b581930c8626b94cb8727149c102f438b18548e7559bf8bf0404ee177","root.record.ItemExhibitList.P3AModificationItemGroup.ModificationItemList.ModificationItem"
"Air Force Active","","","","","63.551","75.159","92.625","","","2015-BASE_PROCUREMENT-2015-AIRFORCE_AIRCRAFT_VOL2-PROCUREMENT_JustificationBook_Air_Force_PB_2015.zzz_unzipped-PROCUREMENT_JustificationBook_Air_Force_PB_2015.xml","0e0c5259a601c4aa4ff961a0ac121c4db369bfa13d87e153e3615741b3479e79","0-66ebe62f71714ca032665b96e33d9a7247fc0aba8240d19bf63316f43683abc8","0-c208e1ac508a6e23e1b3038e1e450ffdeb8ed19aa9267d44ae29dff483941acf","root.record.ItemExhibitList.P3AModificationItemGroup.ModificationItemList.ModificationItem"
"Air National Guard","","","","","","","35.11","","","2015-BASE_PROCUREMENT-2015-AIRFORCE_AIRCRAFT_VOL2-PROCUREMENT_JustificationBook_Air_Force_PB_2015.zzz_unzipped-PROCUREMENT_JustificationBook_Air_Force_PB_2015.xml","0e0c5259a601c4aa4ff961a0ac121c4db369bfa13d87e153e3615741b3479e79","1-3a89294a71477cbba338fd8dda9d8661ad27c1a7da67e46abddbcbd3dc2c52f4","0-c208e1ac508a6e23e1b3038e1e450ffdeb8ed19aa9267d44ae29dff483941acf","root.record.ItemExhibitList.P3AModificationItemGroup.ModificationItemList.ModificationItem"
"Air Force Active","46.2","","","","","","","","","2015-BASE_PROCUREMENT-2015-AIRFORCE_AIRCRAFT_VOL2-PROCUREMENT_MasterJustificationBook_Air_Force_PB_2015.zzz_unzipped-PROCUREMENT_MasterJustificationBook_Air_Force_PB_2015.xml","ca9f1e9f848e67edf7e34b76ad9b05e59dfcbeb190b54cb2ec2a178aeaaa3bfa","0-d1e1b8f8766d4a88df86b19859d8e35194169a3d53a719fc254b7da1181a7290","0-a900fb1cda124643767f6c25eec9ba7450f084f8ee9828739d7f002e4b7a14cd","root.record.ItemExhibitList.P3AModificationItemGroup.ModificationItemList.ModificationItem"
"Air Force Active","6.275","2.006","6.415","6.415","6.575","7.715","7.862","8.009","","2015-BASE_PROCUREMENT-2015-AIRFORCE_AIRCRAFT_VOL2-PROCUREMENT_MasterJustificationBook_Air_Force_PB_2015.zzz_unzipped-PROCUREMENT_MasterJustificationBook_Air_Force_PB_2015.xml","ca9f1e9f848e67edf7e34b76ad9b05e59dfcbeb190b54cb2ec2a178aeaaa3bfa","0-5a087dcde8033e8629aafa4235de1d881d0d992245e0b5376e4d31e8b46d1557","0-ee00756b6466b461d2a3af76d74f25efe28245a0eeaffdb0f3ad642a0f504050","root.record.ItemExhibitList.P3AModificationItemGroup.ModificationItemList.ModificationItem"
"Air Force Active","","","1.764","1.764","","","","","","2015-BASE_PROCUREMENT-2015-AIRFORCE_AIRCRAFT_VOL2-PROCUREMENT_MasterJustificationBook_Air_Force_PB_2015.zzz_unzipped-PROCUREMENT_MasterJustificationBook_Air_Force_PB_2015.xml","25442f0fc741be383c8f1f024b4ed975774a4a3437a381bef47bf09fa44b0a02","0-db1f6a88b10805295500cefaa99a5d513eeb6dfb83480ac79ddb4da486fd2424","0-adbb7c6b13f4e536ec394dab7781178ffa4e33b2c66a6b134521f1e743e0b75b","root.record.ItemExhibitList.P3AModificationItemGroup.ModificationItemList.ModificationItem"
"Air Force Active","328.153","","","","","","","","","2015-BASE_PROCUREMENT-2015-AIRFORCE_AIRCRAFT_VOL2-PROCUREMENT_MasterJustificationBook_Air_Force_PB_2015.zzz_unzipped-PROCUREMENT_MasterJustificationBook_Air_Force_PB_2015.xml","aa1014d1730217cf58bd0eb1cf9155036af0caca57bd2ece54304d573c8411a2","0-485d2fa0d318d96c242eacdb80a4abe2dd8733cf0a30a84189fd22cdde9daafd","0-a363f57f8f24d4a6e2f7bea850837371752d944763d6181511a544ac3fab09a6","root.record.ItemExhibitList.P3AModificationItemGroup.ModificationItemList.ModificationItem"
"Air Force Reserve","273.46","719.289","","","","","","","","2015-BASE_PROCUREMENT-2015-AIRFORCE_AIRCRAFT_VOL2-PROCUREMENT_MasterJustificationBook_Air_Force_PB_2015.zzz_unzipped-PROCUREMENT_MasterJustificationBook_Air_Force_PB_2015.xml","aa1014d1730217cf58bd0eb1cf9155036af0caca57bd2ece54304d573c8411a2","1-6029705b7853631c7c22a7e05b2911151fc343adff9a0ca6223ef35a1b5728b4","0-a363f57f8f24d4a6e2f7bea850837371752d944763d6181511a544ac3fab09a6","root.record.ItemExhibitList.P3AModificationItemGroup.ModificationItemList.ModificationItem"
"Air Force Active","9.635","13.247","0.424","0.424","","","","","","2015-BASE_PROCUREMENT-2015-AIRFORCE_AIRCRAFT_VOL2-PROCUREMENT_MasterJustificationBook_Air_Force_PB_2015.zzz_unzipped-PROCUREMENT_MasterJustificationBook_Air_Force_PB_2015.xml","e0b4c68aca5bcb28bf2a8d6314af11bf878587e1d5636a46ade0d81891a819a1","0-c1a317e88488c9c55ec3d3a47c71a2d7809c393cdc113738e0bc156a5f1c1b6a","0-2184373059be4f070945db6c9acaa93d11e17de65639f30b07afa6be8c8ce8d8","root.record.ItemExhibitList.P3AModificationItemGroup.ModificationItemList.ModificationItem"
"Air National Guard","1.47","","5.515","5.515","","","","","","2015-BASE_PROCUREMENT-2015-AIRFORCE_AIRCRAFT_VOL2-PROCUREMENT_MasterJustificationBook_Air_Force_PB_2015.zzz_unzipped-PROCUREMENT_MasterJustificationBook_Air_Force_PB_2015.xml","e0b4c68aca5bcb28bf2a8d6314af11bf878587e1d5636a46ade0d81891a819a1","1-ba5871fcda1046216a5dd90ba8d212e0579c9588bf6420f536619582972f7664","0-2184373059be4f070945db6c9acaa93d11e17de65639f30b07afa6be8c8ce8d8","root.record.ItemExhibitList.P3AModificationItemGroup.ModificationItemList.ModificationItem"
"Air Force Reserve","1.96","0.473","1.273","1.273","","","","","","2015-BASE_PROCUREMENT-2015-AIRFORCE_AIRCRAFT_VOL2-PROCUREMENT_MasterJustificationBook_Air_Force_PB_2015.zzz_unzipped-PROCUREMENT_MasterJustificationBook_Air_Force_PB_2015.xml","e0b4c68aca5bcb28bf2a8d6314af11bf878587e1d5636a46ade0d81891a819a1","2-6144db04954eb212984a65a0a7320d891a19d09f20d8fa3bbcb8e679732ec165","0-2184373059be4f070945db6c9acaa93d11e17de65639f30b07afa6be8c8ce8d8","root.record.ItemExhibitList.P3AModificationItemGroup.ModificationItemList.ModificationItem"
"Air Force Active","13.378","","","","","","","","","2015-BASE_PROCUREMENT-2015-AIRFORCE_AIRCRAFT_VOL2-PROCUREMENT_MasterJustificationBook_Air_Force_PB_2015.zzz_unzipped-PROCUREMENT_MasterJustificationBook_Air_Force_PB_2015.xml","e0b4c68aca5bcb28bf2a8d6314af11bf878587e1d5636a46ade0d81891a819a1","0-a636500f51870848ea4413c3c1373415afdf3782e744a7110168aac83bbb9771","0-a9f3779644cb70e151cb0e4eb5fca9e0d8087eced72220a72ee858398771fcd5","root.record.ItemExhibitList.P3AModificationItemGroup.ModificationItemList.ModificationItem"
"Air National Guard","2.539","","","","","","","","","2015-BASE_PROCUREMENT-2015-AIRFORCE_AIRCRAFT_VOL2-PROCUREMENT_MasterJustificationBook_Air_Force_PB_2015.zzz_unzipped-PROCUREMENT_MasterJustificationBook_Air_Force_PB_2015.xml","e0b4c68aca5bcb28bf2a8d6314af11bf878587e1d5636a46ade0d81891a819a1","1-3ec6ee5e0a124f949ac2a7a7ccbfb1aaad9eff6466491c171bd8aa9e2e9d4a5f","0-a9f3779644cb70e151cb0e4eb5fca9e0d8087eced72220a72ee858398771fcd5","root.record.ItemExhibitList.P3AModificationItemGroup.ModificationItemList.ModificationItem"
"Air Force Reserve","12.694","","","","","","","","","2015-BASE_PROCUREMENT-2015-AIRFORCE_AIRCRAFT_VOL2-PROCUREMENT_MasterJustificationBook_Air_Force_PB_2015.zzz_unzipped-PROCUREMENT_MasterJustificationBook_Air_Force_PB_2015.xml","e0b4c68aca5bcb28bf2a8d6314af11bf878587e1d5636a46ade0d81891a819a1","2-8fd2df74b09535439e4c7a8ccfccfc5261e8b74bc5d62a8120c8359c34ae0541","0-a9f3779644cb70e151cb0e4eb5fca9e0d8087eced72220a72ee858398771fcd5","root.record.ItemExhibitList.P3AModificationItemGroup.ModificationItemList.ModificationItem"
"Air Force Active","5.849","17.836","14.05","14.05","14.61","15.05","2.818","","","2015-BASE_PROCUREMENT-2015-AIRFORCE_AIRCRAFT_VOL2-PROCUREMENT_MasterJustificationBook_Air_Force_PB_2015.zzz_unzipped-PROCUREMENT_MasterJustificationBook_Air_Force_PB_2015.xml","e0b4c68aca5bcb28bf2a8d6314af11bf878587e1d5636a46ade0d81891a819a1","0-c31d295e96297c4bad5d4434c63bfb91810f0f251831d812808efbc94fc05b79","0-797f9a129757b26303398266c086be7873c5fb6360c9c442dbe6a81a69f4f51f","root.record.ItemExhibitList.P3AModificationItemGroup.ModificationItemList.ModificationItem"
"Air National Guard","","","","","","","12.212","","","2015-BASE_PROCUREMENT-2015-AIRFORCE_AIRCRAFT_VOL2-PROCUREMENT_MasterJustificationBook_Air_Force_PB_2015.zzz_unzipped-PROCUREMENT_MasterJustificationBook_Air_Force_PB_2015.xml","e0b4c68aca5bcb28bf2a8d6314af11bf878587e1d5636a46ade0d81891a819a1","1-af93af7ea0b7b9767ff677a530ffd441a302afddc436191b9184b2998867d69e","0-797f9a129757b26303398266c086be7873c5fb6360c9c442dbe6a81a69f4f51f","root.record.ItemExhibitList.P3AModificationItemGroup.ModificationItemList.ModificationItem"
"Air Force Reserve","","","","","","","0.47","8.23","","2015-BASE_PROCUREMENT-2015-AIRFORCE_AIRCRAFT_VOL2-PROCUREMENT_MasterJustificationBook_Air_Force_PB_2015.zzz_unzipped-PROCUREMENT_MasterJustificationBook_Air_Force_PB_2015.xml","e0b4c68aca5bcb28bf2a8d6314af11bf878587e1d5636a46ade0d81891a819a1","2-2029cc63dd9c74886ac25ec1017adc59213a81434edac743ac5d93623aaa01f2","0-797f9a129757b26303398266c086be7873c5fb6360c9c442dbe6a81a69f4f51f","root.record.ItemExhibitList.P3AModificationItemGroup.ModificationItemList.ModificationItem"
"Air Force Active","","","1.31","1.31","10.97","11.299","","","","2015-BASE_PROCUREMENT-2015-AIRFORCE_AIRCRAFT_VOL2-PROCUREMENT_MasterJustificationBook_Air_Force_PB_2015.zzz_unzipped-PROCUREMENT_MasterJustificationBook_Air_Force_PB_2015.xml","e0b4c68aca5bcb28bf2a8d6314af11bf878587e1d5636a46ade0d81891a819a1","0-24262d65c58a29240476366f324f4f8d90acb48f43275f6972dd366e567fa3af","0-4770e0ece31c164a0fa975b7490697e84834574f02e68228aba99eeb8b1c7bc5","root.record.ItemExhibitList.P3AModificationItemGroup.ModificationItemList.ModificationItem"
"Air Force Active","","","","","0.719","8.322","","","","2015-BASE_PROCUREMENT-2015-AIRFORCE_AIRCRAFT_VOL2-PROCUREMENT_MasterJustificationBook_Air_Force_PB_2015.zzz_unzipped-PROCUREMENT_MasterJustificationBook_Air_Force_PB_2015.xml","e0b4c68aca5bcb28bf2a8d6314af11bf878587e1d5636a46ade0d81891a819a1","0-a3a50f0a5f1faec4773662ff028c30bc72263ab750d18f64e82355bbcad9c79f","1-e608373b90b3eaefc46d77de4e01e6e552605d9615b165555e201a6ab25a95d6","root.record.ItemExhibitList.P3AModificationItemGroup.ModificationItemList.ModificationItem"
"Air Force Active","","5.745","6.605","6.605","9.664","9.304","21.532","27.813","","2015-BASE_PROCUREMENT-2015-AIRFORCE_AIRCRAFT_VOL2-PROCUREMENT_MasterJustificationBook_Air_Force_PB_2015.zzz_unzipped-PROCUREMENT_MasterJustificationBook_Air_Force_PB_2015.xml","e0b4c68aca5bcb28bf2a8d6314af11bf878587e1d5636a46ade0d81891a819a1","0-c7dbdd22d557aa1290129e6883e8ea6f56eff5261b034f5c1465ac77cdd0c209","0-24ed921d02e69ec44a32a3dc36b03cd44970890e071ffedc4fcb984ad797b45b","root.record.ItemExhibitList.P3AModificationItemGroup.ModificationItemList.ModificationItem"
"Air Force Active","4.226","3.824","4.553","4.553","3.302","3.302","","","","2015-BASE_PROCUREMENT-2015-AIRFORCE_AIRCRAFT_VOL2-PROCUREMENT_MasterJustificationBook_Air_Force_PB_2015.zzz_unzipped-PROCUREMENT_MasterJustificationBook_Air_Force_PB_2015.xml","e0b4c68aca5bcb28bf2a8d6314af11bf878587e1d5636a46ade0d81891a819a1","0-e5b54aab686ce49d10fc64c2a82a05905ff60c5851d1857f5de83b40a4d00b5f","0-f3b5e7cec013cd8bec6e0e5447876ca6fa57b648a2b1499a6f87d5b92fbcc924","root.record.ItemExhibitList.P3AModificationItemGroup.ModificationItemList.ModificationItem"
"Air Force Active","","2.624","2.004","2.004","","","","","","2015-BASE_PROCUREMENT-2015-AIRFORCE_AIRCRAFT_VOL2-PROCUREMENT_MasterJustificationBook_Air_Force_PB_2015.zzz_unzipped-PROCUREMENT_MasterJustificationBook_Air_Force_PB_2015.xml","0b3cc84504de3dcd8d9b0ee78b03c6179e180dce85fc9cbee3b0fc0b68f603c4","0-5431907e737de0345827b74be33f5deb4bfa75524332223f18bb13287b705b57","0-98dc7b31e5abc7c809c9f5fbe05c8fce75c923bad19f135c89d3abc49b79229a","root.record.ItemExhibitList.P3AModificationItemGroup.ModificationItemList.ModificationItem"
"Air Force Reserve","","0.656","3.118","3.118","","","","","","2015-BASE_PROCUREMENT-2015-AIRFORCE_AIRCRAFT_VOL2-PROCUREMENT_MasterJustificationBook_Air_Force_PB_2015.zzz_unzipped-PROCUREMENT_MasterJustificationBook_Air_Force_PB_2015.xml","0b3cc84504de3dcd8d9b0ee78b03c6179e180dce85fc9cbee3b0fc0b68f603c4","1-c2d0e88d9d6a1e3ab4d2800b3441350f610b3357edfd62e66d4eb5fedf549232","0-98dc7b31e5abc7c809c9f5fbe05c8fce75c923bad19f135c89d3abc49b79229a","root.record.ItemExhibitList.P3AModificationItemGroup.ModificationItemList.ModificationItem"
"Air Force Active","","29.28","49.812","49.812","","","","","","2015-BASE_PROCUREMENT-2015-AIRFORCE_AIRCRAFT_VOL2-PROCUREMENT_MasterJustificationBook_Air_Force_PB_2015.zzz_unzipped-PROCUREMENT_MasterJustificationBook_Air_Force_PB_2015.xml","0b3cc84504de3dcd8d9b0ee78b03c6179e180dce85fc9cbee3b0fc0b68f603c4","0-144992c979d50345a7d485af925779f4b294f3831d70dadc784740f5192aff4b","0-eb1fc7774cbb65c0cdcf71afad79bea2ce32c000fab9520fdfddb070a63f6450","root.record.ItemExhibitList.P3AModificationItemGroup.ModificationItemList.ModificationItem"
"Air Force Reserve","","7.32","10.674","10.674","","","","","","2015-BASE_PROCUREMENT-2015-AIRFORCE_AIRCRAFT_VOL2-PROCUREMENT_MasterJustificationBook_Air_Force_PB_2015.zzz_unzipped-PROCUREMENT_MasterJustificationBook_Air_Force_PB_2015.xml","0b3cc84504de3dcd8d9b0ee78b03c6179e180dce85fc9cbee3b0fc0b68f603c4","1-6eec0d8ecac5795f1bcd5d924cd4d0c103315e0c792dda0584ed9815875a6fac","0-eb1fc7774cbb65c0cdcf71afad79bea2ce32c000fab9520fdfddb070a63f6450","root.record.ItemExhibitList.P3AModificationItemGroup.ModificationItemList.ModificationItem"
"Air Force Active","","","3.289","3.289","","","","","","2015-BASE_PROCUREMENT-2015-AIRFORCE_AIRCRAFT_VOL2-PROCUREMENT_MasterJustificationBook_Air_Force_PB_2015.zzz_unzipped-PROCUREMENT_MasterJustificationBook_Air_Force_PB_2015.xml","0b3cc84504de3dcd8d9b0ee78b03c6179e180dce85fc9cbee3b0fc0b68f603c4","0-cbe2ccd5737bd56c17b4db3cb81512f02587760baf0a4c91cf82c19f52a8d39c","0-784a77234cc201963859400dc3514cb18cb6e2ae55cf58c307e96663d09169c5","root.record.ItemExhibitList.P3AModificationItemGroup.ModificationItemList.ModificationItem"
"Air Force Active","","8.038","3.91","3.91","","","","","","2015-BASE_PROCUREMENT-2015-AIRFORCE_AIRCRAFT_VOL2-PROCUREMENT_MasterJustificationBook_Air_Force_PB_2015.zzz_unzipped-PROCUREMENT_MasterJustificationBook_Air_Force_PB_2015.xml","0b3cc84504de3dcd8d9b0ee78b03c6179e180dce85fc9cbee3b0fc0b68f603c4","0-5f8f5a622bb16c102fd404344f435dae2192fdace52b23c9d6541d0273590798","0-a6057e399b274205e1dc81c4be85cebd0286f1c30cb52ec5ed76d6907e40f534","root.record.ItemExhibitList.P3AModificationItemGroup.ModificationItemList.ModificationItem"
"Air Force Reserve","","","3.34","3.34","","","","","","2015-BASE_PROCUREMENT-2015-AIRFORCE_AIRCRAFT_VOL2-PROCUREMENT_MasterJustificationBook_Air_Force_PB_2015.zzz_unzipped-PROCUREMENT_MasterJustificationBook_Air_Force_PB_2015.xml","0b3cc84504de3dcd8d9b0ee78b03c6179e180dce85fc9cbee3b0fc0b68f603c4","1-cc1d8bec829f5ad6cab0e9d5bcaf9d0949e7f403be9e8ba5d7b7e69fad314a5e","0-a6057e399b274205e1dc81c4be85cebd0286f1c30cb52ec5ed76d6907e40f534","root.record.ItemExhibitList.P3AModificationItemGroup.ModificationItemList.ModificationItem"
"Air National Guard","","3","2.875","2.875","","","","","","2015-BASE_PROCUREMENT-2015-AIRFORCE_AIRCRAFT_VOL2-PROCUREMENT_MasterJustificationBook_Air_Force_PB_2015.zzz_unzipped-PROCUREMENT_MasterJustificationBook_Air_Force_PB_2015.xml","238e5085dc0888e77904efb55416822a25ede521b2dc0ac35009e46fc2ba274d","0-ff9e488b20ba0d3f9aa66214dc0c88f297a5d1a5e8e739e159885b3d38eb8b9b","0-a30d156710c85401c12cebe839d4802e645408c4959f63ae45a4447472ca18df","root.record.ItemExhibitList.P3AModificationItemGroup.ModificationItemList.ModificationItem"
"Air Force Reserve","","1.375","2.125","2.125","","","","","","2015-BASE_PROCUREMENT-2015-AIRFORCE_AIRCRAFT_VOL2-PROCUREMENT_MasterJustificationBook_Air_Force_PB_2015.zzz_unzipped-PROCUREMENT_MasterJustificationBook_Air_Force_PB_2015.xml","238e5085dc0888e77904efb55416822a25ede521b2dc0ac35009e46fc2ba274d","1-54211f9e838f2aeaa1420e40ebf0277d86fdd1ac361d4f3cd7bd7b0065a43760","0-a30d156710c85401c12cebe839d4802e645408c4959f63ae45a4447472ca18df","root.record.ItemExhibitList.P3AModificationItemGroup.ModificationItemList.ModificationItem"
"Air Force Active","26.615","4.26","","","","","","","","2015-BASE_PROCUREMENT-2015-AIRFORCE_AIRCRAFT_VOL2-PROCUREMENT_MasterJustificationBook_Air_Force_PB_2015.zzz_unzipped-PROCUREMENT_MasterJustificationBook_Air_Force_PB_2015.xml","915b03b5c79079cef74c1f5fed99ff94d2a961666ffa690a638fb838766b41c1","0-1f47dfad59b62ac1b97bef3e05e6077dea256ba23f9e6e217e36c6e6dae25ff0","1-bfa6d0357bcf2c63f497fc706fe0bb9661d62e21afbc455e64d96b869458a90e","root.record.ItemExhibitList.P3AModificationItemGroup.ModificationItemList.ModificationItem"
"Air National Guard","7.604","","","","","","","","","2015-BASE_PROCUREMENT-2015-AIRFORCE_AIRCRAFT_VOL2-PROCUREMENT_MasterJustificationBook_Air_Force_PB_2015.zzz_unzipped-PROCUREMENT_MasterJustificationBook_Air_Force_PB_2015.xml","915b03b5c79079cef74c1f5fed99ff94d2a961666ffa690a638fb838766b41c1","1-b5ae47aa5c5e67768d64ca1bde36373e4106cf0f9e7a62bc346686baa47f03d1","1-bfa6d0357bcf2c63f497fc706fe0bb9661d62e21afbc455e64d96b869458a90e","root.record.ItemExhibitList.P3AModificationItemGroup.ModificationItemList.ModificationItem"
"Air Force Reserve","3.802","","","","","","","","","2015-BASE_PROCUREMENT-2015-AIRFORCE_AIRCRAFT_VOL2-PROCUREMENT_MasterJustificationBook_Air_Force_PB_2015.zzz_unzipped-PROCUREMENT_MasterJustificationBook_Air_Force_PB_2015.xml","915b03b5c79079cef74c1f5fed99ff94d2a961666ffa690a638fb838766b41c1","2-047a4a59639990bd8d1f100da51b6eb572ba08c40ca6247b2210e5a67b104621","1-bfa6d0357bcf2c63f497fc706fe0bb9661d62e21afbc455e64d96b869458a90e","root.record.ItemExhibitList.P3AModificationItemGroup.ModificationItemList.ModificationItem"
"Air Force Active","10.686","","","","","","","","","2015-BASE_PROCUREMENT-2015-AIRFORCE_AIRCRAFT_VOL2-PROCUREMENT_MasterJustificationBook_Air_Force_PB_2015.zzz_unzipped-PROCUREMENT_MasterJustificationBook_Air_Force_PB_2015.xml","915b03b5c79079cef74c1f5fed99ff94d2a961666ffa690a638fb838766b41c1","0-b9591134637b66e7a94e85f212965088102e337c0ae62f2c8a19d8257dad7757","2-a9afa3e3e16f59dc0ab50f9ee8b325234bc45fa929c5aa14fc8b7141c68cbe54","root.record.ItemExhibitList.P3AModificationItemGroup.ModificationItemList.ModificationItem"
"Air Force Active","18.933","","","","","","","","","2015-BASE_PROCUREMENT-2015-AIRFORCE_AIRCRAFT_VOL2-PROCUREMENT_MasterJustificationBook_Air_Force_PB_2015.zzz_unzipped-PROCUREMENT_MasterJustificationBook_Air_Force_PB_2015.xml","f589edbc06d76a4949c8665cea83963e382985d5b4eea11b3a6abcd51d15beb8","0-4f4753c54144836a957ac61f792a750989b2f2574bf5c35b9377fea1423b55b6","0-7c604e66e061b9855b18f500559121d1f7d4021ad8ff2ac448693deee2e883ca","root.record.ItemExhibitList.P3AModificationItemGroup.ModificationItemList.ModificationItem"
"Air Force Active","5.713","","15.616","15.616","","","","","","2015-BASE_PROCUREMENT-2015-AIRFORCE_AIRCRAFT_VOL2-PROCUREMENT_MasterJustificationBook_Air_Force_PB_2015.zzz_unzipped-PROCUREMENT_MasterJustificationBook_Air_Force_PB_2015.xml","1d0ff418bd7c6cd4e0e89bd791631b1a3c0f2af4c9f1aa7bb064636a8d9f282b","0-065aa946ee681af7fff137415e9deca7a5378c6fd048b3cf6f26d3d5af2dcd1a","0-dfd3e687cf8d79999bedfead6762ecc2e65a6fcdbba412f51179f2781b211b6e","root.record.ItemExhibitList.P3AModificationItemGroup.ModificationItemList.ModificationItem"
"Air National Guard","5.713","","16.484","16.484","","","","","","2015-BASE_PROCUREMENT-2015-AIRFORCE_AIRCRAFT_VOL2-PROCUREMENT_MasterJustificationBook_Air_Force_PB_2015.zzz_unzipped-PROCUREMENT_MasterJustificationBook_Air_Force_PB_2015.xml","1d0ff418bd7c6cd4e0e89bd791631b1a3c0f2af4c9f1aa7bb064636a8d9f282b","1-9dfa938c0c42fd93e5c0ddb701269e5021739ab2899c268dd5b2d473f676cddd","0-dfd3e687cf8d79999bedfead6762ecc2e65a6fcdbba412f51179f2781b211b6e","root.record.ItemExhibitList.P3AModificationItemGroup.ModificationItemList.ModificationItem"
"Air Force Reserve","2.143","","6.941","6.941","","","","","","2015-BASE_PROCUREMENT-2015-AIRFORCE_AIRCRAFT_VOL2-PROCUREMENT_MasterJustificationBook_Air_Force_PB_2015.zzz_unzipped-PROCUREMENT_MasterJustificationBook_Air_Force_PB_2015.xml","1d0ff418bd7c6cd4e0e89bd791631b1a3c0f2af4c9f1aa7bb064636a8d9f282b","2-88fee251da459009e5f46b35a3bd92141fadd2869e4bdef4e154feefc78e997b","0-dfd3e687cf8d79999bedfead6762ecc2e65a6fcdbba412f51179f2781b211b6e","root.record.ItemExhibitList.P3AModificationItemGroup.ModificationItemList.ModificationItem"
"Air Force Active","53.616","","","","","","","","","2015-BASE_PROCUREMENT-2015-AIRFORCE_AIRCRAFT_VOL2-PROCUREMENT_MasterJustificationBook_Air_Force_PB_2015.zzz_unzipped-PROCUREMENT_MasterJustificationBook_Air_Force_PB_2015.xml","a48921b64d03b92f38e99229622434b0339f2788458c62c08f23ae8dd17a6497","0-aa0a8bec61f4aacbf0085b9ce906390d1717a91b4cc9a5094456e4078b68a08d","0-b43e760020ce2ba74cae8f3ed47f91f817c7d3f031d2355e4b05b32e8b80474c","root.record.ItemExhibitList.P3AModificationItemGroup.ModificationItemList.ModificationItem"
"Air Force Active","58.646","125.745","191.871","191.871","","","","","","2015-BASE_PROCUREMENT-2015-AIRFORCE_AIRCRAFT_VOL2-PROCUREMENT_MasterJustificationBook_Air_Force_PB_2015.zzz_unzipped-PROCUREMENT_MasterJustificationBook_Air_Force_PB_2015.xml","855eae1cbb61b6501bc214ee71975773395e237741d724826b960bf4c434431a","0-e1124ffa5b9988c8e686229a80bcde078c0fd9d8614b7b4233e0a66822e5f318","0-30ddd9f30628556cc2edf1d69e01bef60e3031606b8e9c7795a20e2d74b3378f","root.record.ItemExhibitList.P3AModificationItemGroup.ModificationItemList.ModificationItem"
"Air Force Active","3.783","78.489","15.394","15.394","","","","","","2015-BASE_PROCUREMENT-2015-AIRFORCE_AIRCRAFT_VOL2-PROCUREMENT_MasterJustificationBook_Air_Force_PB_2015.zzz_unzipped-PROCUREMENT_MasterJustificationBook_Air_Force_PB_2015.xml","855eae1cbb61b6501bc214ee71975773395e237741d724826b960bf4c434431a","0-748993bea6d6e157257ad234a4528e4a796cde260ec6edc9968532f21741a434","0-aaa2d19df3735b239c378092a1584aeedbd27d34bc05f39fb200fb25bfcf85f4","root.record.ItemExhibitList.P3AModificationItemGroup.ModificationItemList.ModificationItem"
"Air National Guard","46.912","8.783","87.104","87.104","","","","","","2015-BASE_PROCUREMENT-2015-AIRFORCE_AIRCRAFT_VOL2-PROCUREMENT_MasterJustificationBook_Air_Force_PB_2015.zzz_unzipped-PROCUREMENT_MasterJustificationBook_Air_Force_PB_2015.xml","855eae1cbb61b6501bc214ee71975773395e237741d724826b960bf4c434431a","1-ce69b3c1b2897888d12058f801536373c6902ffea6abf0eba183bdc176512874","0-aaa2d19df3735b239c378092a1584aeedbd27d34bc05f39fb200fb25bfcf85f4","root.record.ItemExhibitList.P3AModificationItemGroup.ModificationItemList.ModificationItem"
"Air Force Active","2.793","8.605","","","","","","","","2015-BASE_PROCUREMENT-2015-AIRFORCE_AIRCRAFT_VOL2-PROCUREMENT_MasterJustificationBook_Air_Force_PB_2015.zzz_unzipped-PROCUREMENT_MasterJustificationBook_Air_Force_PB_2015.xml","855eae1cbb61b6501bc214ee71975773395e237741d724826b960bf4c434431a","0-4518d4a946c13f9402a379725e9e41837f3669f5d5661eec6ec3fe06b0051aa8","0-30bb13f13222114dadfc2c1c613983e38ad64175ed5de4e7f09db93b8ec03f82","root.record.ItemExhibitList.P3AModificationItemGroup.ModificationItemList.ModificationItem"
"Air Force Active","8.6","8.48","","","","","","","","2015-BASE_PROCUREMENT-2015-AIRFORCE_AIRCRAFT_VOL2-PROCUREMENT_MasterJustificationBook_Air_Force_PB_2015.zzz_unzipped-PROCUREMENT_MasterJustificationBook_Air_Force_PB_2015.xml","855eae1cbb61b6501bc214ee71975773395e237741d724826b960bf4c434431a","0-c8d3126aa1dd8b82ab2d060a35f1b0c6e7ff490e274e75dc1e9007375460a5e0","0-e4a65625c25bb522cffe20d5ed1d74cc07a02fd14766deb79a8e9a79f3d567cb","root.record.ItemExhibitList.P3AModificationItemGroup.ModificationItemList.ModificationItem"
"Air National Guard","22.418","","","","","","","","","2015-BASE_PROCUREMENT-2015-AIRFORCE_AIRCRAFT_VOL2-PROCUREMENT_MasterJustificationBook_Air_Force_PB_2015.zzz_unzipped-PROCUREMENT_MasterJustificationBook_Air_Force_PB_2015.xml","e0999d2b89817dbe0cc954d07a44ef1ad1938f20a6bca9d4306e26527654e26d","0-c255da4e028ccc9fdf6debf8efbcff0a9bb3c361b9a11bfe5f73c3a893dc7609","0-0fb58182fffe78f0c2a7e4d3926eec6f1db44b8b668fc307d526e6c7a4ca9bef","root.record.ItemExhibitList.P3AModificationItemGroup.ModificationItemList.ModificationItem"
"Air Force Active","53.658","60.793","37.611","37.611","39.951","47.86","43.967","31.137","","2015-BASE_PROCUREMENT-2015-AIRFORCE_AIRCRAFT_VOL2-PROCUREMENT_MasterJustificationBook_Air_Force_PB_2015.zzz_unzipped-PROCUREMENT_MasterJustificationBook_Air_Force_PB_2015.xml","e0999d2b89817dbe0cc954d07a44ef1ad1938f20a6bca9d4306e26527654e26d","0-5e43502e69ea259a86971e7c2ff0d15685a1fe3a1c329aa049bb028acd9fe1b4","0-e3fa2b46a4023724bd2c610cbbdf8d523102ba79e207d38add07427e81bbe46f","root.record.ItemExhibitList.P3AModificationItemGroup.ModificationItemList.ModificationItem"
"Air National Guard","8.812","6.836","6.637","6.637","5.671","3.12","2.025","2.166","","2015-BASE_PROCUREMENT-2015-AIRFORCE_AIRCRAFT_VOL2-PROCUREMENT_MasterJustificationBook_Air_Force_PB_2015.zzz_unzipped-PROCUREMENT_MasterJustificationBook_Air_Force_PB_2015.xml","e0999d2b89817dbe0cc954d07a44ef1ad1938f20a6bca9d4306e26527654e26d","1-17270bfdb914f888554988dc36de22dd754020978ab40419b7235311ab463ce1","0-e3fa2b46a4023724bd2c610cbbdf8d523102ba79e207d38add07427e81bbe46f","root.record.ItemExhibitList.P3AModificationItemGroup.ModificationItemList.ModificationItem"
"Air Force Active","7.427","18.666","12.155","12.155","11.73","24.923","27.288","22.692","","2015-BASE_PROCUREMENT-2015-AIRFORCE_AIRCRAFT_VOL2-PROCUREMENT_MasterJustificationBook_Air_Force_PB_2015.zzz_unzipped-PROCUREMENT_MasterJustificationBook_Air_Force_PB_2015.xml","e0999d2b89817dbe0cc954d07a44ef1ad1938f20a6bca9d4306e26527654e26d","0-4c5532bf9b6c36d19556d8aef8f23f34e7097cab90ad91114f5d319ab0b3aa74","0-1b11c310cee1c5991d32047da4194edaf073ba2fe2ff48165fda13cc6e84f283","root.record.ItemExhibitList.P3AModificationItemGroup.ModificationItemList.ModificationItem"
"Air National Guard","0.807","3.067","1.321","1.321","1.274","2.014","2.421","2.465","","2015-BASE_PROCUREMENT-2015-AIRFORCE_AIRCRAFT_VOL2-PROCUREMENT_MasterJustificationBook_Air_Force_PB_2015.zzz_unzipped-PROCUREMENT_MasterJustificationBook_Air_Force_PB_2015.xml","e0999d2b89817dbe0cc954d07a44ef1ad1938f20a6bca9d4306e26527654e26d","1-e5cf92fe42528b14e9369b6b1d9ba3a5d5b15aa8febedbee0628034e2efb7a84","0-1b11c310cee1c5991d32047da4194edaf073ba2fe2ff48165fda13cc6e84f283","root.record.ItemExhibitList.P3AModificationItemGroup.ModificationItemList.ModificationItem"
"Air Force Active","5.801","7.931","5.09","5.09","5.571","10.141","","","","2015-BASE_PROCUREMENT-2015-AIRFORCE_AIRCRAFT_VOL2-PROCUREMENT_MasterJustificationBook_Air_Force_PB_2015.zzz_unzipped-PROCUREMENT_MasterJustificationBook_Air_Force_PB_2015.xml","e0999d2b89817dbe0cc954d07a44ef1ad1938f20a6bca9d4306e26527654e26d","0-1c42dea46802f22346d023b4fe0a29dbeaf608648c668e9cdf26cc9f1eaf3cfd","0-9d441cbb689d863a30098afd49cc4046d3ac22d4438a944da86c7e72a879e340","root.record.ItemExhibitList.P3AModificationItemGroup.ModificationItemList.ModificationItem"
"Air National Guard","0.58","","","","","2.751","17.883","","","2015-BASE_PROCUREMENT-2015-AIRFORCE_AIRCRAFT_VOL2-PROCUREMENT_MasterJustificationBook_Air_Force_PB_2015.zzz_unzipped-PROCUREMENT_MasterJustificationBook_Air_Force_PB_2015.xml","e0999d2b89817dbe0cc954d07a44ef1ad1938f20a6bca9d4306e26527654e26d","1-8ccd234a6b719202ebfe3dc850f3e697b51971cb866a0c73443239b54da64918","0-9d441cbb689d863a30098afd49cc4046d3ac22d4438a944da86c7e72a879e340","root.record.ItemExhibitList.P3AModificationItemGroup.ModificationItemList.ModificationItem"
"Air Force Active","29.961","22.49","","","3.15","5.85","6.093","2.569","","2015-BASE_PROCUREMENT-2015-AIRFORCE_AIRCRAFT_VOL2-PROCUREMENT_MasterJustificationBook_Air_Force_PB_2015.zzz_unzipped-PROCUREMENT_MasterJustificationBook_Air_Force_PB_2015.xml","e0999d2b89817dbe0cc954d07a44ef1ad1938f20a6bca9d4306e26527654e26d","0-1fa1419803c142e1cee8b00a1e66b3ff9c44df44ab7b6543230648a528705807","0-e0d8d53ce642afffba9d8d5ffb4a2b637fdfea8d10c22c3949c8b66d7206e159","root.record.ItemExhibitList.P3AModificationItemGroup.ModificationItemList.ModificationItem"
"Air Force Active","","","","","63.551","75.159","92.625","","","2015-BASE_PROCUREMENT-2015-AIRFORCE_AIRCRAFT_VOL2-PROCUREMENT_MasterJustificationBook_Air_Force_PB_2015.zzz_unzipped-PROCUREMENT_MasterJustificationBook_Air_Force_PB_2015.xml","a8a6e5bc3013496d237ccecb8631798e1f6fde8d6f32dd9210c3a80ded847d47","0-5a9ba637feaba932474f9fafb111531283900f2c79fa464af731d9e35eebe1c1","0-71f6554103796d31166355860907f670e49a9182b50bd3223029e4522ebdfbae","root.record.ItemExhibitList.P3AModificationItemGroup.ModificationItemList.ModificationItem"
"Air National Guard","","","","","","","35.11","","","2015-BASE_PROCUREMENT-2015-AIRFORCE_AIRCRAFT_VOL2-PROCUREMENT_MasterJustificationBook_Air_Force_PB_2015.zzz_unzipped-PROCUREMENT_MasterJustificationBook_Air_Force_PB_2015.xml","a8a6e5bc3013496d237ccecb8631798e1f6fde8d6f32dd9210c3a80ded847d47","1-0d5f7a3b1d6e702592c017eeb2afc5b9dcbff1740fd404db66ed7d8de78f8d65","0-71f6554103796d31166355860907f670e49a9182b50bd3223029e4522ebdfbae","root.record.ItemExhibitList.P3AModificationItemGroup.ModificationItemList.ModificationItem"
"Air Force Active","2.067","3.261","1.644","1.644","","","","","","2015-BASE_PROCUREMENT-2015-AIRFORCE_OTHER-PROCUREMENT_JustificationBook_Air_Force_PB_2015.zzz_unzipped-PROCUREMENT_JustificationBook_Air_Force_PB_2015.xml","468bc985f6e66df36e06ea9a96c28ec64edcebf0d6674e83420127564b1094c0","0-0048c19b9ee677a560009316eaf2f7ec657672af1bdc65bf5eccfdaf333fbef2","0-ca6f2b620f9f8c025e9b3f08648c2d5d51ee621ec30c071d23c52fa282c3316b","root.record.ItemExhibitList.P3AModificationItemGroup.ModificationItemList.ModificationItem"
"Air National Guard","","0.21","","","","","","","","2015-BASE_PROCUREMENT-2015-AIRFORCE_OTHER-PROCUREMENT_JustificationBook_Air_Force_PB_2015.zzz_unzipped-PROCUREMENT_JustificationBook_Air_Force_PB_2015.xml","468bc985f6e66df36e06ea9a96c28ec64edcebf0d6674e83420127564b1094c0","1-5cd794622099e9aed7d11925581f25b6596680e53016cb8296eb007001af0619","0-ca6f2b620f9f8c025e9b3f08648c2d5d51ee621ec30c071d23c52fa282c3316b","root.record.ItemExhibitList.P3AModificationItemGroup.ModificationItemList.ModificationItem"
"Air Force Reserve","","0.631","0.411","0.411","","","","","","2015-BASE_PROCUREMENT-2015-AIRFORCE_OTHER-PROCUREMENT_JustificationBook_Air_Force_PB_2015.zzz_unzipped-PROCUREMENT_JustificationBook_Air_Force_PB_2015.xml","468bc985f6e66df36e06ea9a96c28ec64edcebf0d6674e83420127564b1094c0","2-d8e34c6fe2dfa6d911a8077beef50b798e8bfd80fac028ba154a5c73aee4076c","0-ca6f2b620f9f8c025e9b3f08648c2d5d51ee621ec30c071d23c52fa282c3316b","root.record.ItemExhibitList.P3AModificationItemGroup.ModificationItemList.ModificationItem"
"Air Force Active","2.067","3.261","1.644","1.644","","","","","","2015-BASE_PROCUREMENT-2015-AIRFORCE_OTHER-PROCUREMENT_MasterJustificationBook_Air_Force_PB_2015.zzz_unzipped-PROCUREMENT_MasterJustificationBook_Air_Force_PB_2015.xml","38574a0eb107b9f7269a65b5cd9e3370a0cecba368536b676cf0c3e78bac69ac","0-cfd8a6400bcba5fb3a37c164c70675aa08cc00ee0e59afbcd18a452de46ed005","0-9220c2723eb4ebde378bcee8c27fc0b97ff19e8d3735b17aa149cced734a3b2f","root.record.ItemExhibitList.P3AModificationItemGroup.ModificationItemList.ModificationItem"
"Air National Guard","","0.21","","","","","","","","2015-BASE_PROCUREMENT-2015-AIRFORCE_OTHER-PROCUREMENT_MasterJustificationBook_Air_Force_PB_2015.zzz_unzipped-PROCUREMENT_MasterJustificationBook_Air_Force_PB_2015.xml","38574a0eb107b9f7269a65b5cd9e3370a0cecba368536b676cf0c3e78bac69ac","1-44baa7a36210c2115a98b706cc2d73550454b3144572541ea8b93cf5d05b7cd8","0-9220c2723eb4ebde378bcee8c27fc0b97ff19e8d3735b17aa149cced734a3b2f","root.record.ItemExhibitList.P3AModificationItemGroup.ModificationItemList.ModificationItem"
"Air Force Reserve","","0.631","0.411","0.411","","","","","","2015-BASE_PROCUREMENT-2015-AIRFORCE_OTHER-PROCUREMENT_MasterJustificationBook_Air_Force_PB_2015.zzz_unzipped-PROCUREMENT_MasterJustificationBook_Air_Force_PB_2015.xml","38574a0eb107b9f7269a65b5cd9e3370a0cecba368536b676cf0c3e78bac69ac","2-1c7c19e9d5de5f1824e2be73b638adaed1e0d575d2dc43cb6625c1a1626010f1","0-9220c2723eb4ebde378bcee8c27fc0b97ff19e8d3735b17aa149cced734a3b2f","root.record.ItemExhibitList.P3AModificationItemGroup.ModificationItemList.ModificationItem"
"Air National Guard","","3","2.875","2.875","","","","","","2015-AMENDED_PROCUREMENT_AND_RDTE-2015-AIRFORCE_AMMO-PROCUREMENT_JustificationBook_Air_Force_PBAmended_2015.zzz_unzipped-PROCUREMENT_JustificationBook_Air_Force_PBAmended_2015.xml","5d0eeab0e5f827704ba2a685913a7359c919753ae300be7e875ee61ae60888e4","0-79513b75e6dcd85b3bd5158b0b46069ccb7b2b4aa11f5f6b5aca1caff57355f2","0-43508bb460b1a9cd19c471cfcab30587f2579869fe645422a0fad9aa3a90276d","root.record.ItemExhibitList.P3AModificationItemGroup.ModificationItemList.ModificationItem"
"Air Force Reserve","","1.375","2.125","2.125","","","","","","2015-AMENDED_PROCUREMENT_AND_RDTE-2015-AIRFORCE_AMMO-PROCUREMENT_JustificationBook_Air_Force_PBAmended_2015.zzz_unzipped-PROCUREMENT_JustificationBook_Air_Force_PBAmended_2015.xml","5d0eeab0e5f827704ba2a685913a7359c919753ae300be7e875ee61ae60888e4","1-8fd28a84a656096863c423a03eb7d194205340026f794225f451c6608addd278","0-43508bb460b1a9cd19c471cfcab30587f2579869fe645422a0fad9aa3a90276d","root.record.ItemExhibitList.P3AModificationItemGroup.ModificationItemList.ModificationItem"
"Air Force Active","","","","25","","","","","25","2015-AMENDED_PROCUREMENT_AND_RDTE-2015-AIRFORCE_AMMO-PROCUREMENT_JustificationBook_Air_Force_PBAmended_2015.zzz_unzipped-PROCUREMENT_JustificationBook_Air_Force_PBAmended_2015.xml","5d0eeab0e5f827704ba2a685913a7359c919753ae300be7e875ee61ae60888e4","0-bfeb319aba955e8dd66a5f5e36e40d35c366888ae71d8998832eb5aef106266f","0-4824a833843e56efd05068f3f4e9f30bc03f433cb164acc5bc78e4339b2b8e49","root.record.ItemExhibitList.P3AModificationItemGroup.ModificationItemList.ModificationItem"
"Air Force Active","","","","1.92","","","","","1.92","2015-AMENDED_PROCUREMENT_AND_RDTE-2015-AIRFORCE_AMMO-PROCUREMENT_JustificationBook_Air_Force_PBAmended_2015.zzz_unzipped-PROCUREMENT_JustificationBook_Air_Force_PBAmended_2015.xml","5d0eeab0e5f827704ba2a685913a7359c919753ae300be7e875ee61ae60888e4","0-eebac8afdffa3e17214060190180c5de6411c380de6b9d7be4cca45c0c562154","0-725d03bb8525a29640325115fc5993eb752089047809eef5219ee6f4e840f5c6","root.record.ItemExhibitList.P3AModificationItemGroup.ModificationItemList.ModificationItem"
"Air Force Active","","","","20.2","","","","","20.2","2015-AMENDED_PROCUREMENT_AND_RDTE-2015-AIRFORCE_AMMO-PROCUREMENT_JustificationBook_Air_Force_PBAmended_2015.zzz_unzipped-PROCUREMENT_JustificationBook_Air_Force_PBAmended_2015.xml","5d0eeab0e5f827704ba2a685913a7359c919753ae300be7e875ee61ae60888e4","0-00b479f14673cea7a6a9eb2690776b3c65c17d21e7691ed7115ca10cff644afd","0-2db5ce0fd72eddc1b69e232613471244cc877fae80676f1500ea4e34e4170483","root.record.ItemExhibitList.P3AModificationItemGroup.ModificationItemList.ModificationItem"
"Air Force Active","18.933","","","7.868","","","","","7.868","2015-AMENDED_PROCUREMENT_AND_RDTE-2015-AIRFORCE_AMMO-PROCUREMENT_JustificationBook_Air_Force_PBAmended_2015.zzz_unzipped-PROCUREMENT_JustificationBook_Air_Force_PBAmended_2015.xml","3cdf5370d6aa06ad598534cb0c149c4f22f6fb738ead93645d4b6f4becdfa971","0-b3b77bbcb653dacb84e92a242e6dc056da3ebda6e1836ac3f7cf64f60a6418d1","0-844ceb353db3d58b292177ce493629f47a2fbfe0fa4edff6cb967931ee602b07","root.record.ItemExhibitList.P3AModificationItemGroup.ModificationItemList.ModificationItem"
"Air Force Active","","","","110","","","","","110","2015-AMENDED_PROCUREMENT_AND_RDTE-2015-AIRFORCE_AMMO-PROCUREMENT_JustificationBook_Air_Force_PBAmended_2015.zzz_unzipped-PROCUREMENT_JustificationBook_Air_Force_PBAmended_2015.xml","d177e659f53ffa5917a1e0770f0f77f8ddcc46ba3527c6a754a8a7acb25715b8","0-6dd7ac556c9b90b9b8ec1b9d760636ca8c33036da37152ecb8929ba3b466418d","0-8e74c6233786b66f45702dd387cbd37834f25bb253c0393dcc2bf0e4565de53c","root.record.ItemExhibitList.P3AModificationItemGroup.ModificationItemList.ModificationItem"
"Air National Guard","","3","2.875","2.875","","","","","","2015-AMENDED_PROCUREMENT_AND_RDTE-2015-AIRFORCE_AMMO-PROCUREMENT_MasterJustificationBook_Air_Force_PBAmended_2015.zzz_unzipped-PROCUREMENT_MasterJustificationBook_Air_Force_PBAmended_2015.xml","308f697704d8ddc7394defea12f143515a17c085f8cd1988f241494e4852d23c","0-757432e7dae7872ea463d953ca66cf0f76e9df41d6ccaaf60655f016ff12b115","0-06ad80284daa975c2cadef073cdd1910c92ec5222e86ea27e284eea5d664316e","root.record.ItemExhibitList.P3AModificationItemGroup.ModificationItemList.ModificationItem"
"Air Force Reserve","","1.375","2.125","2.125","","","","","","2015-AMENDED_PROCUREMENT_AND_RDTE-2015-AIRFORCE_AMMO-PROCUREMENT_MasterJustificationBook_Air_Force_PBAmended_2015.zzz_unzipped-PROCUREMENT_MasterJustificationBook_Air_Force_PBAmended_2015.xml","308f697704d8ddc7394defea12f143515a17c085f8cd1988f241494e4852d23c","1-3f176e1165361f28922afc9fd560a53a87eb8cbaaaf737fd6db3d35a430db5c0","0-06ad80284daa975c2cadef073cdd1910c92ec5222e86ea27e284eea5d664316e","root.record.ItemExhibitList.P3AModificationItemGroup.ModificationItemList.ModificationItem"
"Air Force Active","","","","25","","","","","25","2015-AMENDED_PROCUREMENT_AND_RDTE-2015-AIRFORCE_AMMO-PROCUREMENT_MasterJustificationBook_Air_Force_PBAmended_2015.zzz_unzipped-PROCUREMENT_MasterJustificationBook_Air_Force_PBAmended_2015.xml","308f697704d8ddc7394defea12f143515a17c085f8cd1988f241494e4852d23c","0-6d72d703c6589a0dc7a3a1f69ea1a8d99ffc52510de2e510935410ed4bdbc924","0-a8b010e89e53cb426eb366fbde51dbe66344fafb653154ba4b3aa2ca62ab92f6","root.record.ItemExhibitList.P3AModificationItemGroup.ModificationItemList.ModificationItem"
"Air Force Active","","","","1.92","","","","","1.92","2015-AMENDED_PROCUREMENT_AND_RDTE-2015-AIRFORCE_AMMO-PROCUREMENT_MasterJustificationBook_Air_Force_PBAmended_2015.zzz_unzipped-PROCUREMENT_MasterJustificationBook_Air_Force_PBAmended_2015.xml","308f697704d8ddc7394defea12f143515a17c085f8cd1988f241494e4852d23c","0-348ecaf17166cc81f264a3dfd503145ebcc0ad835eda19befd6ef31bffa5bb02","0-12d1da6d17d3cda3647c244d2f6b81517cebc4b25a75092de3a04b123a917949","root.record.ItemExhibitList.P3AModificationItemGroup.ModificationItemList.ModificationItem"
"Air Force Active","","","","20.2","","","","","20.2","2015-AMENDED_PROCUREMENT_AND_RDTE-2015-AIRFORCE_AMMO-PROCUREMENT_MasterJustificationBook_Air_Force_PBAmended_2015.zzz_unzipped-PROCUREMENT_MasterJustificationBook_Air_Force_PBAmended_2015.xml","308f697704d8ddc7394defea12f143515a17c085f8cd1988f241494e4852d23c","0-168ca4bcd23edda33ea10eb2c4d2640694d3f5814ea27c6b98c4bb39db4d3d24","0-5dc38340a8caf6e4ff69189483448d882ce71c7ca511341ebdc28b5155a00374","root.record.ItemExhibitList.P3AModificationItemGroup.ModificationItemList.ModificationItem"
"Air Force Active","18.933","","","7.868","","","","","7.868","2015-AMENDED_PROCUREMENT_AND_RDTE-2015-AIRFORCE_AMMO-PROCUREMENT_MasterJustificationBook_Air_Force_PBAmended_2015.zzz_unzipped-PROCUREMENT_MasterJustificationBook_Air_Force_PBAmended_2015.xml","3422ac66d0ea6fb81b14f56ab36db4a0f72d47732900596259b15b9bc0499223","0-de305d26a7f90c827d16a06ec7d2316d7bc0fdc05b3639e59605af5cc3938f2d","0-7da942d6136efcf0b0185d026f8cfc4b5e5c61e73bc8a7673b91276032f01746","root.record.ItemExhibitList.P3AModificationItemGroup.ModificationItemList.ModificationItem"
"Air Force Active","","","","110","","","","","110","2015-AMENDED_PROCUREMENT_AND_RDTE-2015-AIRFORCE_AMMO-PROCUREMENT_MasterJustificationBook_Air_Force_PBAmended_2015.zzz_unzipped-PROCUREMENT_MasterJustificationBook_Air_Force_PBAmended_2015.xml","56973cec9b82d701b103921c27e9e0dd4d4550d12f7eb4cfb52ccf09176053e5","0-2cd173c8820fd41ec629aeadf76a5c79add1f9a36c2ed7b5720e073acd5fd0b5","0-1b650576c42a4685d5d4965a7a05a7c634a372d17347688b1997d56ea291a49f","root.record.ItemExhibitList.P3AModificationItemGroup.ModificationItemList.ModificationItem"
