Name_val,Cost_AllPriorYears_TotalCost_val,Cost_PriorYear_TotalCost_val,Cost_CurrentYear_TotalCost_val,Cost_BudgetYearOneBase_TotalCost_val,Cost_BudgetYearOneOCO_TotalCost_val,Cost_BudgetYearOne_TotalCost_val,Cost_Quantity_AllPriorYears_val,Cost_Quantity_PriorYear_val,Cost_Quantity_CurrentYear_val,Cost_Quantity_BudgetYearOneBase_val,Cost_Quantity_BudgetYearOneOCO_val,Cost_Quantity_BudgetYearOne_val,Cost_TotalCost_AllPriorYears_val,Cost_TotalCost_PriorYear_val,Cost_TotalCost_CurrentYear_val,Cost_TotalCost_BudgetYearOneBase_val,Cost_TotalCost_BudgetYearOneOCO_val,Cost_TotalCost_BudgetYearOne_val,Cost_UnitCost_AllPriorYears_val,Cost_UnitCost_PriorYear_val,Cost_UnitCost_CurrentYear_val,Cost_UnitCost_BudgetYearOneBase_val,Cost_UnitCost_BudgetYearOneOCO_val,Cost_UnitCost_BudgetYearOne_val,@SOURCE_FILENAME,@RECORDID,@ROWID,@PARENTROWID,@PARENT
"Proposal Preparation","0.816","0.000","0.000","0.000","0.000","0.000","","","","","","","","","","","","","","","","","","","2013-BASE_PROCUREMENT-2013-AIRFORCE_AIRCRAFT_VOL1-JustificationBook_Air_Force_PB_2013.zzz_unzipped-JustificationBook_Air_Force_PB_2013.xml","151cbabc5cab50e7685c243072d83b061ce0acd1f753dc40f1d47d3fbff117f7","0-1a88ebd0e747f96dfc9c3541aafe410984fa6beba2ce2e44a82ebb0603d2cdf7","4-3f4a99eb58058893b5dc4cbbbb3d1fe0fbd27782e4c116916602d824415d6141","root.record.ItemExhibitList.P5Item.CostElementCategoryList.Flyaway.Recurring.CostElementList.CostElement"
"Government Support","1.393","0.729","1.148","1.304","0.000","1.304","","","","","","","","","","","","","","","","","","","2013-BASE_PROCUREMENT-2013-AIRFORCE_AIRCRAFT_VOL1-JustificationBook_Air_Force_PB_2013.zzz_unzipped-JustificationBook_Air_Force_PB_2013.xml","151cbabc5cab50e7685c243072d83b061ce0acd1f753dc40f1d47d3fbff117f7","1-271c820d71d5bcc4fbcb0b8ac4a86d988cfb0196974f983ee320d81df88a6b93","4-3f4a99eb58058893b5dc4cbbbb3d1fe0fbd27782e4c116916602d824415d6141","root.record.ItemExhibitList.P5Item.CostElementCategoryList.Flyaway.Recurring.CostElementList.CostElement"
"Proposal Preparation","0.816","0.000","0.000","0.000","0.000","0.000","","","","","","","","","","","","","","","","","","","2013-BASE_PROCUREMENT-2013-AIRFORCE_AIRCRAFT_VOL2-MasterJustificationBook_Air_Force_PB_2013.zzz_unzipped-MasterJustificationBook_Air_Force_PB_2013.xml","49ea51a266d1f26fbb7e9540dcf13ac7edf6e0045e26abc78725de6f38f215f0","0-4a2cb965534789aaec7e62327e72e08bd3506e0f0422d2c9bea47a8f240a7118","4-7ab82d11ca65477bd5d7c75526ed3673935074e27102eafa4afdc173aab8b191","root.record.ItemExhibitList.P5Item.CostElementCategoryList.Flyaway.Recurring.CostElementList.CostElement"
"Government Support","1.393","0.729","1.148","1.304","0.000","1.304","","","","","","","","","","","","","","","","","","","2013-BASE_PROCUREMENT-2013-AIRFORCE_AIRCRAFT_VOL2-MasterJustificationBook_Air_Force_PB_2013.zzz_unzipped-MasterJustificationBook_Air_Force_PB_2013.xml","49ea51a266d1f26fbb7e9540dcf13ac7edf6e0045e26abc78725de6f38f215f0","1-e7f28cce8ded2540f8695cadbf26dcab7ac1e743bc8889d65aa6efd7a8f2e10d","4-7ab82d11ca65477bd5d7c75526ed3673935074e27102eafa4afdc173aab8b191","root.record.ItemExhibitList.P5Item.CostElementCategoryList.Flyaway.Recurring.CostElementList.CostElement"
"Proposal Preparation","0.816","0.000","0.000","0.000","0.000","0.000","","","","","","","","","","","","","","","","","","","2013-BASE_PROCUREMENT-2013-AIRFORCE_AIRCRAFT_VOL1-MasterJustificationBook_Air_Force_PB_2013.zzz_unzipped-MasterJustificationBook_Air_Force_PB_2013.xml","cdde32f263605efa565ce4d4f2dcfab53c9478c879b60a96129ffe25b7d34e8a","0-c28098461ad5900e74b58b259b37d41d5453e7be5ad43450eb0740585ee71c51","4-6b412874d5ce82893b8bfbaa9833ca9a92328d62a8d46b1c75f6f1aac4ad63de","root.record.ItemExhibitList.P5Item.CostElementCategoryList.Flyaway.Recurring.CostElementList.CostElement"
"Government Support","1.393","0.729","1.148","1.304","0.000","1.304","","","","","","","","","","","","","","","","","","","2013-BASE_PROCUREMENT-2013-AIRFORCE_AIRCRAFT_VOL1-MasterJustificationBook_Air_Force_PB_2013.zzz_unzipped-MasterJustificationBook_Air_Force_PB_2013.xml","cdde32f263605efa565ce4d4f2dcfab53c9478c879b60a96129ffe25b7d34e8a","1-55ff2cb4cd94b6cd1b6e08ad4148a2546055cf684e401d57d9d36f0e5b9f0d45","4-6b412874d5ce82893b8bfbaa9833ca9a92328d62a8d46b1c75f6f1aac4ad63de","root.record.ItemExhibitList.P5Item.CostElementCategoryList.Flyaway.Recurring.CostElementList.CostElement"
"--MTV Cargo M1083","","","","","","","3838","354","257","8","240","248","584.333","71.179","54.025","1.662","49.867","51.529","152.249","201.071","210.214","207.75","207.779","207.778","2017-BASE_PROCUREMENT-2017-ARMY_OTHER_1-U_PROCUREMENT_JustificationBook_Army_PB_2017.zzz_unzipped-U_PROCUREMENT_JustificationBook_Army_PB_2017.xml","419cc7e6796fce0e404e3fd1565ad6d43e728e42a9b2c8e98eb0df751aaf2d01","0-66dd1f06bc8ffbb814fb87fdb44f8cebf2db3950bac60d76a61d25dd10e6f040","0-a08042f89730faf7f4cc968561f90a68bae0ae48a022327cc14218bba37a513e","root.record.ItemExhibitList.P5Item.CostElementCategoryList.Flyaway.Recurring.CostElementList.CostElement"
"--MTV Cargo w/winch M1083","","","","","","","845","","","","","","133.739","","","","","","158.271","","","","","","2017-BASE_PROCUREMENT-2017-ARMY_OTHER_1-U_PROCUREMENT_JustificationBook_Army_PB_2017.zzz_unzipped-U_PROCUREMENT_JustificationBook_Army_PB_2017.xml","419cc7e6796fce0e404e3fd1565ad6d43e728e42a9b2c8e98eb0df751aaf2d01","1-4b0da9e3962d9874dc8266a0a3fd20219a8fb131c738db16ff28020ee9debc4e","0-a08042f89730faf7f4cc968561f90a68bae0ae48a022327cc14218bba37a513e","root.record.ItemExhibitList.P5Item.CostElementCategoryList.Flyaway.Recurring.CostElementList.CostElement"
"--MTV Cargo-Long Wheel Base (LWB) M1085","","","","","","","1313","29","219","","298","298","422.299","5.931","46.833","","62.98","62.98","321.629","204.517","213.849","","211.342","211.342","2017-BASE_PROCUREMENT-2017-ARMY_OTHER_1-U_PROCUREMENT_JustificationBook_Army_PB_2017.zzz_unzipped-U_PROCUREMENT_JustificationBook_Army_PB_2017.xml","419cc7e6796fce0e404e3fd1565ad6d43e728e42a9b2c8e98eb0df751aaf2d01","2-779fff4064ce3bee738705614544c2a12257732b03216b23e9d42cbc710a51c0","0-a08042f89730faf7f4cc968561f90a68bae0ae48a022327cc14218bba37a513e","root.record.ItemExhibitList.P5Item.CostElementCategoryList.Flyaway.Recurring.CostElementList.CostElement"
"--MTV Cargo-LWB w/winch M1085","","","","","","","65","","","","","","10.563","","","","","","162.508","","","","","","2017-BASE_PROCUREMENT-2017-ARMY_OTHER_1-U_PROCUREMENT_JustificationBook_Army_PB_2017.zzz_unzipped-U_PROCUREMENT_JustificationBook_Army_PB_2017.xml","419cc7e6796fce0e404e3fd1565ad6d43e728e42a9b2c8e98eb0df751aaf2d01","3-b0efa4b27ad148ed31c1e99cc303f38d7b2220bdd9f939bbe8d407c21110a629","0-a08042f89730faf7f4cc968561f90a68bae0ae48a022327cc14218bba37a513e","root.record.ItemExhibitList.P5Item.CostElementCategoryList.Flyaway.Recurring.CostElementList.CostElement"
"--MTV Cargo MHE M1084","","","","","","","223","33","3","","","","97.727","9.151","0.869","","","","438.238","277.303","289.667","","","","2017-BASE_PROCUREMENT-2017-ARMY_OTHER_1-U_PROCUREMENT_JustificationBook_Army_PB_2017.zzz_unzipped-U_PROCUREMENT_JustificationBook_Army_PB_2017.xml","419cc7e6796fce0e404e3fd1565ad6d43e728e42a9b2c8e98eb0df751aaf2d01","4-a17e8f08c0636c70a41625740eeeb8fa4fbcfb05c1fd573cbed748179652c85a","0-a08042f89730faf7f4cc968561f90a68bae0ae48a022327cc14218bba37a513e","root.record.ItemExhibitList.P5Item.CostElementCategoryList.Flyaway.Recurring.CostElementList.CostElement"
"--MTV LWB Cargo w/MHE M1086","","","","","","","9","","","","","","1.931","","","","","","214.556","","","","","","2017-BASE_PROCUREMENT-2017-ARMY_OTHER_1-U_PROCUREMENT_JustificationBook_Army_PB_2017.zzz_unzipped-U_PROCUREMENT_JustificationBook_Army_PB_2017.xml","419cc7e6796fce0e404e3fd1565ad6d43e728e42a9b2c8e98eb0df751aaf2d01","5-0769b3b76f5d90f90bf8c2fa4f0afbf902404a877d52eac9122951cf5eb7d0a8","0-a08042f89730faf7f4cc968561f90a68bae0ae48a022327cc14218bba37a513e","root.record.ItemExhibitList.P5Item.CostElementCategoryList.Flyaway.Recurring.CostElementList.CostElement"
"--MTV 10 Ton Dump M1157","","","","","","","825","","23","","","","147.659","","5.749","","","","178.981","","249.957","","","","2017-BASE_PROCUREMENT-2017-ARMY_OTHER_1-U_PROCUREMENT_JustificationBook_Army_PB_2017.zzz_unzipped-U_PROCUREMENT_JustificationBook_Army_PB_2017.xml","419cc7e6796fce0e404e3fd1565ad6d43e728e42a9b2c8e98eb0df751aaf2d01","6-7aea2ae88f7f7f49edf2dd4099d8cc28ac36958dd405e7477a9f44986ed52295","0-a08042f89730faf7f4cc968561f90a68bae0ae48a022327cc14218bba37a513e","root.record.ItemExhibitList.P5Item.CostElementCategoryList.Flyaway.Recurring.CostElementList.CostElement"
"--MTV 10 Ton Dump M1157 w/winch","","","","","","","818","","","","","","306.397","","","","","","374.568","","","","","","2017-BASE_PROCUREMENT-2017-ARMY_OTHER_1-U_PROCUREMENT_JustificationBook_Army_PB_2017.zzz_unzipped-U_PROCUREMENT_JustificationBook_Army_PB_2017.xml","419cc7e6796fce0e404e3fd1565ad6d43e728e42a9b2c8e98eb0df751aaf2d01","7-4cab47e22e1e03d7d0aa4dc2df93522d9704eefcfcdad1a3bcfb760a40ab84e8","0-a08042f89730faf7f4cc968561f90a68bae0ae48a022327cc14218bba37a513e","root.record.ItemExhibitList.P5Item.CostElementCategoryList.Flyaway.Recurring.CostElementList.CostElement"
"--MTV Tractor M1088","","","","","","","1722","55","241","","297","297","547.991","11.2","51.352","","62.498","62.498","318.229","203.636","213.079","","210.431","210.431","2017-BASE_PROCUREMENT-2017-ARMY_OTHER_1-U_PROCUREMENT_JustificationBook_Army_PB_2017.zzz_unzipped-U_PROCUREMENT_JustificationBook_Army_PB_2017.xml","419cc7e6796fce0e404e3fd1565ad6d43e728e42a9b2c8e98eb0df751aaf2d01","8-e95cc423f3532451d5adcbeb3eb3cd6eeff0212c2c0cc800586dfe88d825410e","0-a08042f89730faf7f4cc968561f90a68bae0ae48a022327cc14218bba37a513e","root.record.ItemExhibitList.P5Item.CostElementCategoryList.Flyaway.Recurring.CostElementList.CostElement"
"--MTV Wrecker M1089","","","","","","","269","16","36","","77","77","195.014","7.308","17.172","","36.342","36.342","724.959","456.75","477","","471.974","471.974","2017-BASE_PROCUREMENT-2017-ARMY_OTHER_1-U_PROCUREMENT_JustificationBook_Army_PB_2017.zzz_unzipped-U_PROCUREMENT_JustificationBook_Army_PB_2017.xml","419cc7e6796fce0e404e3fd1565ad6d43e728e42a9b2c8e98eb0df751aaf2d01","9-9f50e2a543a7e03eff798cfba2fe03bd844bbe6ff8cc1b35eb1aefe310236c03","0-a08042f89730faf7f4cc968561f90a68bae0ae48a022327cc14218bba37a513e","root.record.ItemExhibitList.P5Item.CostElementCategoryList.Flyaway.Recurring.CostElementList.CostElement"
"--MTV Expansible Van M1087","","","","","","","1183","","8","","11","11","775.55","","3.638","","4.923","4.923","655.579","","454.75","","447.545","447.545","2017-BASE_PROCUREMENT-2017-ARMY_OTHER_1-U_PROCUREMENT_JustificationBook_Army_PB_2017.zzz_unzipped-U_PROCUREMENT_JustificationBook_Army_PB_2017.xml","419cc7e6796fce0e404e3fd1565ad6d43e728e42a9b2c8e98eb0df751aaf2d01","10-1b36b67e8c3a8f957b599ef3a94ce1e017b4b914fbfc177ccb166f443539a922","0-a08042f89730faf7f4cc968561f90a68bae0ae48a022327cc14218bba37a513e","root.record.ItemExhibitList.P5Item.CostElementCategoryList.Flyaway.Recurring.CostElementList.CostElement"
"--MTV LHS M1148","","","","","","","17","","","","","","3.909","","","","","","229.941","","","","","","2017-BASE_PROCUREMENT-2017-ARMY_OTHER_1-U_PROCUREMENT_JustificationBook_Army_PB_2017.zzz_unzipped-U_PROCUREMENT_JustificationBook_Army_PB_2017.xml","419cc7e6796fce0e404e3fd1565ad6d43e728e42a9b2c8e98eb0df751aaf2d01","11-57fd28fd842c3e5f5b6e3df1c504c56ba5483b7fa0ee7cd108a10eec91d2f264","0-a08042f89730faf7f4cc968561f90a68bae0ae48a022327cc14218bba37a513e","root.record.ItemExhibitList.P5Item.CostElementCategoryList.Flyaway.Recurring.CostElementList.CostElement"
"Hardware (TROJAN)","","","","","","","57","5","9","5","10","15","177.408","5.401","11.815","7.085","14.982","22.067","3112.421","1080.2","1312.778","1417","1498.2","1471.133","2018-BASE_PROCUREMENT-2018-ARMY_OTHER_2-U_PROCUREMENT_JustificationBook_Army_PB_2018.zzz_unzipped-U_PROCUREMENT_JustificationBook_Army_PB_2018.xml","c4f5a51865bea350e77dd53e1fc355ee03f3ae87fc07b6bb32b4ed26f1f4d9b7","0-c00ca66b7fc245a9a7ef64ba61c76ea40b299420763103d04ed3ad0c50639bec","0-9e4bc0e78dbdbdc897bb066a257cf875da129147d35be41f06a26dc22a59cd08","root.record.ItemExhibitList.P5Item.CostElementCategoryList.Flyaway.Recurring.CostElementList.CostElement"
"Hardware (JMICS)","","","","","","","","","","","2","2","","","","","5.2","5.2","","","","","2600","2600","2018-BASE_PROCUREMENT-2018-ARMY_OTHER_2-U_PROCUREMENT_JustificationBook_Army_PB_2018.zzz_unzipped-U_PROCUREMENT_JustificationBook_Army_PB_2018.xml","c4f5a51865bea350e77dd53e1fc355ee03f3ae87fc07b6bb32b4ed26f1f4d9b7","1-cb030e1f1ea981d121ddd85a5529d07c821c269f66f97a896b38d87d6b2acad4","0-9e4bc0e78dbdbdc897bb066a257cf875da129147d35be41f06a26dc22a59cd08","root.record.ItemExhibitList.P5Item.CostElementCategoryList.Flyaway.Recurring.CostElementList.CostElement"
"--MTV Cargo M1083","","","","","","","4020","257","331","9","","9","615.151","54.025","69.365","1.923","","1.923","153.023","210.214","209.562","213.667","","213.667","2018-BASE_PROCUREMENT-2018-ARMY_OTHER_1-U_PROCUREMENT_JustificationBook_Army_PB_2018.zzz_unzipped-U_PROCUREMENT_JustificationBook_Army_PB_2018.xml","fab7bc17bb92a85b68d89dc6f4b2d5407c231aadd2a31215727d47fb39bc0f06","0-9906e20ec801ed24d02c9797fab4e03e462924b65b063206b958747bcc7b34e7","0-f91a44c1aca01d5b771f2628957182019bfa53c6b4340e63b74df68915d3cb66","root.record.ItemExhibitList.P5Item.CostElementCategoryList.Flyaway.Recurring.CostElementList.CostElement"
"--MTV Cargo w/winch M1083","","","","","","","887","","","","","","140.917","","","","","","158.869","","","","","","2018-BASE_PROCUREMENT-2018-ARMY_OTHER_1-U_PROCUREMENT_JustificationBook_Army_PB_2018.zzz_unzipped-U_PROCUREMENT_JustificationBook_Army_PB_2018.xml","fab7bc17bb92a85b68d89dc6f4b2d5407c231aadd2a31215727d47fb39bc0f06","1-448f74a35ab8fc0ec407d464ea69114a2285fb97c2f6435c9cf9e44d35737c3b","0-f91a44c1aca01d5b771f2628957182019bfa53c6b4340e63b74df68915d3cb66","root.record.ItemExhibitList.P5Item.CostElementCategoryList.Flyaway.Recurring.CostElementList.CostElement"
"--MTV Cargo-Long Wheel Base (LWB) M1085","","","","","","","1444","219","","","","","444.347","46.833","","","","","307.72","213.849","","","","","2018-BASE_PROCUREMENT-2018-ARMY_OTHER_1-U_PROCUREMENT_JustificationBook_Army_PB_2018.zzz_unzipped-U_PROCUREMENT_JustificationBook_Army_PB_2018.xml","fab7bc17bb92a85b68d89dc6f4b2d5407c231aadd2a31215727d47fb39bc0f06","2-05ed6598c4b08dc92607b417e714b3bc765a009093658a147abcd6e6caf11ad0","0-f91a44c1aca01d5b771f2628957182019bfa53c6b4340e63b74df68915d3cb66","root.record.ItemExhibitList.P5Item.CostElementCategoryList.Flyaway.Recurring.CostElementList.CostElement"
"--MTV Cargo-LWB w/winch M1085","","","","","","","65","","","","","","10.563","","","","","","162.508","","","","","","2018-BASE_PROCUREMENT-2018-ARMY_OTHER_1-U_PROCUREMENT_JustificationBook_Army_PB_2018.zzz_unzipped-U_PROCUREMENT_JustificationBook_Army_PB_2018.xml","fab7bc17bb92a85b68d89dc6f4b2d5407c231aadd2a31215727d47fb39bc0f06","3-c6cf049733bf5bfd979dd3751ded36d325b3de1f7546f30880da11bc0709a8c1","0-f91a44c1aca01d5b771f2628957182019bfa53c6b4340e63b74df68915d3cb66","root.record.ItemExhibitList.P5Item.CostElementCategoryList.Flyaway.Recurring.CostElementList.CostElement"
"--MTV Cargo MHE M1084","","","","","","","325","3","221","2","","2","123.005","0.869","64.003","0.591","","0.591","378.477","289.667","289.606","295.5","","295.5","2018-BASE_PROCUREMENT-2018-ARMY_OTHER_1-U_PROCUREMENT_JustificationBook_Army_PB_2018.zzz_unzipped-U_PROCUREMENT_JustificationBook_Army_PB_2018.xml","fab7bc17bb92a85b68d89dc6f4b2d5407c231aadd2a31215727d47fb39bc0f06","4-dcaf8eb498a28a87c0ec7ab52b269c6c420483b6fb8eff646fde536575c3a67f","0-f91a44c1aca01d5b771f2628957182019bfa53c6b4340e63b74df68915d3cb66","root.record.ItemExhibitList.P5Item.CostElementCategoryList.Flyaway.Recurring.CostElementList.CostElement"
"--MTV LWB Cargo w/MHE M1086","","","","","","","9","","","","","","1.931","","","","","","214.556","","","","","","2018-BASE_PROCUREMENT-2018-ARMY_OTHER_1-U_PROCUREMENT_JustificationBook_Army_PB_2018.zzz_unzipped-U_PROCUREMENT_JustificationBook_Army_PB_2018.xml","fab7bc17bb92a85b68d89dc6f4b2d5407c231aadd2a31215727d47fb39bc0f06","5-6035e65e9ff3c5d95be3d16f8af089563913090968abe46931cf47d4c63e18bd","0-f91a44c1aca01d5b771f2628957182019bfa53c6b4340e63b74df68915d3cb66","root.record.ItemExhibitList.P5Item.CostElementCategoryList.Flyaway.Recurring.CostElementList.CostElement"
"--MTV 10 Ton Dump M1157","","","","","","","827","23","","","","","148.135","5.749","","","","","179.123","249.957","","","","","2018-BASE_PROCUREMENT-2018-ARMY_OTHER_1-U_PROCUREMENT_JustificationBook_Army_PB_2018.zzz_unzipped-U_PROCUREMENT_JustificationBook_Army_PB_2018.xml","fab7bc17bb92a85b68d89dc6f4b2d5407c231aadd2a31215727d47fb39bc0f06","6-e851571c08f4cbed8b2504cf4095fc8430c6f0ce92ce61e955a532032a5009a9","0-f91a44c1aca01d5b771f2628957182019bfa53c6b4340e63b74df68915d3cb66","root.record.ItemExhibitList.P5Item.CostElementCategoryList.Flyaway.Recurring.CostElementList.CostElement"
"--MTV 10 Ton Dump M1157 w/winch","","","","","","","820","","","","","","306.899","","","","","","374.267","","","","","","2018-BASE_PROCUREMENT-2018-ARMY_OTHER_1-U_PROCUREMENT_JustificationBook_Army_PB_2018.zzz_unzipped-U_PROCUREMENT_JustificationBook_Army_PB_2018.xml","fab7bc17bb92a85b68d89dc6f4b2d5407c231aadd2a31215727d47fb39bc0f06","7-3cddc071d036660934d424424d4ee6e81e80a591ec14633b07a758636d5e5a39","0-f91a44c1aca01d5b771f2628957182019bfa53c6b4340e63b74df68915d3cb66","root.record.ItemExhibitList.P5Item.CostElementCategoryList.Flyaway.Recurring.CostElementList.CostElement"
"--MTV Tractor M1088","","","","","","","1855","241","516","9","","9","571.159","51.352","108.232","1.925","","1.925","307.902","213.079","209.752","213.889","","213.889","2018-BASE_PROCUREMENT-2018-ARMY_OTHER_1-U_PROCUREMENT_JustificationBook_Army_PB_2018.zzz_unzipped-U_PROCUREMENT_JustificationBook_Army_PB_2018.xml","fab7bc17bb92a85b68d89dc6f4b2d5407c231aadd2a31215727d47fb39bc0f06","8-a7cc11720d5eb80dcc27b5dce3f0263d03cb3d5f60f2d050d4eb58de00b8ddab","0-f91a44c1aca01d5b771f2628957182019bfa53c6b4340e63b74df68915d3cb66","root.record.ItemExhibitList.P5Item.CostElementCategoryList.Flyaway.Recurring.CostElementList.CostElement"
"--MTV Wrecker M1089","","","","","","","347","36","","","","","225.661","17.172","","","","","650.32","477","","","","","2018-BASE_PROCUREMENT-2018-ARMY_OTHER_1-U_PROCUREMENT_JustificationBook_Army_PB_2018.zzz_unzipped-U_PROCUREMENT_JustificationBook_Army_PB_2018.xml","fab7bc17bb92a85b68d89dc6f4b2d5407c231aadd2a31215727d47fb39bc0f06","9-f02a248951b4c462b4b5af95b5a3abbb8c65a86408f52b37b9efb299d403542e","0-f91a44c1aca01d5b771f2628957182019bfa53c6b4340e63b74df68915d3cb66","root.record.ItemExhibitList.P5Item.CostElementCategoryList.Flyaway.Recurring.CostElementList.CostElement"
"--MTV Expansible Van M1087","","","","","","","1195","8","","","","","780.747","3.638","","","","","653.345","454.75","","","","","2018-BASE_PROCUREMENT-2018-ARMY_OTHER_1-U_PROCUREMENT_JustificationBook_Army_PB_2018.zzz_unzipped-U_PROCUREMENT_JustificationBook_Army_PB_2018.xml","fab7bc17bb92a85b68d89dc6f4b2d5407c231aadd2a31215727d47fb39bc0f06","10-4a560d1c1236a7df59c24ffb84a9145f06e2655698a96da4ed2e342219680a2c","0-f91a44c1aca01d5b771f2628957182019bfa53c6b4340e63b74df68915d3cb66","root.record.ItemExhibitList.P5Item.CostElementCategoryList.Flyaway.Recurring.CostElementList.CostElement"
"--MTV LHS M1148","","","","","","","52","","","17","","17","14.272","","","5.903","","5.903","274.462","","","347.235","","347.235","2018-BASE_PROCUREMENT-2018-ARMY_OTHER_1-U_PROCUREMENT_JustificationBook_Army_PB_2018.zzz_unzipped-U_PROCUREMENT_JustificationBook_Army_PB_2018.xml","fab7bc17bb92a85b68d89dc6f4b2d5407c231aadd2a31215727d47fb39bc0f06","11-2f23234c3b76d4edc363cedb75650f8610fcbacbdf0b20a6aa4cf8c835e292d7","0-f91a44c1aca01d5b771f2628957182019bfa53c6b4340e63b74df68915d3cb66","root.record.ItemExhibitList.P5Item.CostElementCategoryList.Flyaway.Recurring.CostElementList.CostElement"
"AN/TSQ-226B(V)1 Phase 3 Kits","","","","","","","","27","","24","","24","","4.609","","4.092","","4.092","","170.704","","170.5","","170.5","2019-BASE_PROCUREMENT-2019-ARMY_OTHER_2-U_PROCUREMENT_JustificationBook_Army_PB_2019.zzz_unzipped-U_PROCUREMENT_JustificationBook_Army_PB_2019.xml","97ae88ad5c2d10747b9c391cd8a0eb186ef33e8a38621deaa502fb7ad5815e80","0-b21ddbae9b55befde617c439fcff49044c2e12f0e3816eb8dabece4e6120988b","0-c0638148ff808232f9bdfbacba022b6159aa94891dd7eb4720028e45810fd28d","root.record.ItemExhibitList.P5Item.CostElementCategoryList.Flyaway.Recurring.CostElementList.CostElement"
"AN/TSQ-226B(V)1 Phase 3 Kits Spares (RSC)","","","","","","","","7","","","","","","1.073","","","","","","153.286","","","","","2019-BASE_PROCUREMENT-2019-ARMY_OTHER_2-U_PROCUREMENT_JustificationBook_Army_PB_2019.zzz_unzipped-U_PROCUREMENT_JustificationBook_Army_PB_2019.xml","97ae88ad5c2d10747b9c391cd8a0eb186ef33e8a38621deaa502fb7ad5815e80","1-0e06fb287a77e783049580e8de968be1fdeb5c966274e95842e6cf2d83e07130","0-c0638148ff808232f9bdfbacba022b6159aa94891dd7eb4720028e45810fd28d","root.record.ItemExhibitList.P5Item.CostElementCategoryList.Flyaway.Recurring.CostElementList.CostElement"
"AN/TSQ-226B/C(V)2/3 Phase 3 Kits","","","","","","","","1","8","","","","","0.09","0.716","","","","","90","89.5","","","","2019-BASE_PROCUREMENT-2019-ARMY_OTHER_2-U_PROCUREMENT_JustificationBook_Army_PB_2019.zzz_unzipped-U_PROCUREMENT_JustificationBook_Army_PB_2019.xml","97ae88ad5c2d10747b9c391cd8a0eb186ef33e8a38621deaa502fb7ad5815e80","2-dcf0a7c8ea23f668b8d582713acb56f48fc6c2af197c1d70dde19923dc168692","0-c0638148ff808232f9bdfbacba022b6159aa94891dd7eb4720028e45810fd28d","root.record.ItemExhibitList.P5Item.CostElementCategoryList.Flyaway.Recurring.CostElementList.CostElement"
"T-JWICS VTC Suite Upgrades","","","","","","","","","19","61","","61","","","0.786","2.523","","2.523","","","41.368","41.361","","41.361","2019-BASE_PROCUREMENT-2019-ARMY_OTHER_2-U_PROCUREMENT_JustificationBook_Army_PB_2019.zzz_unzipped-U_PROCUREMENT_JustificationBook_Army_PB_2019.xml","97ae88ad5c2d10747b9c391cd8a0eb186ef33e8a38621deaa502fb7ad5815e80","3-f8347a6737efd09cb835fbaaeeccebcfec5bcd42b64e792cf0434363d29bc6de","0-c0638148ff808232f9bdfbacba022b6159aa94891dd7eb4720028e45810fd28d","root.record.ItemExhibitList.P5Item.CostElementCategoryList.Flyaway.Recurring.CostElementList.CostElement"
"T-JWICS VTC Suite Spares (RSC)","","","","","","","","","14","","","","","","0.638","","","","","","45.571","","","","2019-BASE_PROCUREMENT-2019-ARMY_OTHER_2-U_PROCUREMENT_JustificationBook_Army_PB_2019.zzz_unzipped-U_PROCUREMENT_JustificationBook_Army_PB_2019.xml","97ae88ad5c2d10747b9c391cd8a0eb186ef33e8a38621deaa502fb7ad5815e80","4-7e5d8b5bcd52f23e5b82d967a6499bbc66cb1860bbbcb19f13620b6e09ece581","0-c0638148ff808232f9bdfbacba022b6159aa94891dd7eb4720028e45810fd28d","root.record.ItemExhibitList.P5Item.CostElementCategoryList.Flyaway.Recurring.CostElementList.CostElement"
"iDirect Modems","","","","","","","","","88","106","","106","","","1.936","2.332","","2.332","","","22","22","","22","2019-BASE_PROCUREMENT-2019-ARMY_OTHER_2-U_PROCUREMENT_JustificationBook_Army_PB_2019.zzz_unzipped-U_PROCUREMENT_JustificationBook_Army_PB_2019.xml","97ae88ad5c2d10747b9c391cd8a0eb186ef33e8a38621deaa502fb7ad5815e80","5-02b1bab5b4790de86803a499611f4d92432602e16b2e61b76d7fee79d0163b5c","0-c0638148ff808232f9bdfbacba022b6159aa94891dd7eb4720028e45810fd28d","root.record.ItemExhibitList.P5Item.CostElementCategoryList.Flyaway.Recurring.CostElementList.CostElement"
"iDirect Modems - Spares (RSC)","","","","","","","","","14","","","","","","0.308","","","","","","22","","","","2019-BASE_PROCUREMENT-2019-ARMY_OTHER_2-U_PROCUREMENT_JustificationBook_Army_PB_2019.zzz_unzipped-U_PROCUREMENT_JustificationBook_Army_PB_2019.xml","97ae88ad5c2d10747b9c391cd8a0eb186ef33e8a38621deaa502fb7ad5815e80","6-4f418662ae585d4b97c5de24bfe322a482e9ebfdb1eceba05bb7372a5b3a6879","0-c0638148ff808232f9bdfbacba022b6159aa94891dd7eb4720028e45810fd28d","root.record.ItemExhibitList.P5Item.CostElementCategoryList.Flyaway.Recurring.CostElementList.CostElement"
"Hardware (Previous Years)","","","","","","","473","","","","","","143.821","","","","","","304.061","","","","","","2019-BASE_PROCUREMENT-2019-ARMY_OTHER_2-U_PROCUREMENT_JustificationBook_Army_PB_2019.zzz_unzipped-U_PROCUREMENT_JustificationBook_Army_PB_2019.xml","97ae88ad5c2d10747b9c391cd8a0eb186ef33e8a38621deaa502fb7ad5815e80","7-77ee8703a275fba898ed0089c822c3dfac8c6470a837fa5c7a1a69879681d9a2","0-c0638148ff808232f9bdfbacba022b6159aa94891dd7eb4720028e45810fd28d","root.record.ItemExhibitList.P5Item.CostElementCategoryList.Flyaway.Recurring.CostElementList.CostElement"
"Hardware & Integration - RAM Warn EDI","","","","","","","","80","","","","","","4.27","","","","","","53.375","","","","","2019-BASE_PROCUREMENT-2019-ARMY_OTHER_2-U_PROCUREMENT_JustificationBook_Army_PB_2019.zzz_unzipped-U_PROCUREMENT_JustificationBook_Army_PB_2019.xml","2cbbc5957071eb4fa35225fd174f9cfb39318ddf966df8ff502f7f8a74cad756","0-3e284b381d536931acb090d42b1596e3d6ecc8c8bab9019a6b60b4530fb02be7","0-71c35081c45127b69b9c0180c3dff8688f8f849c8d9b42ad9727125d882aa936","root.record.ItemExhibitList.P5Item.CostElementCategoryList.Flyaway.Recurring.CostElementList.CostElement"
"Hardware & Integration - RAM Warn BCT Secure Comms","","","","","","","890","510","270","84","","84","87.223","30.767","9.385","3.583","","3.583","98.003","60.327","34.759","42.655","","42.655","2019-BASE_PROCUREMENT-2019-ARMY_OTHER_2-U_PROCUREMENT_JustificationBook_Army_PB_2019.zzz_unzipped-U_PROCUREMENT_JustificationBook_Army_PB_2019.xml","2cbbc5957071eb4fa35225fd174f9cfb39318ddf966df8ff502f7f8a74cad756","1-d9711370eb48dc9a49e53c568f576d7eac6d20a0b8b5efd27761d05ec51461c3","0-71c35081c45127b69b9c0180c3dff8688f8f849c8d9b42ad9727125d882aa936","root.record.ItemExhibitList.P5Item.CostElementCategoryList.Flyaway.Recurring.CostElementList.CostElement"
"--LMTV Cargo M1078","","","","","","","2037","184","","161","","161","311.426","34.88","","34.78","","34.78","152.885","189.565","","216.025","","216.025","2019-BASE_PROCUREMENT-2019-ARMY_OTHER_1-U_PROCUREMENT_JustificationBook_Army_PB_2019.zzz_unzipped-U_PROCUREMENT_JustificationBook_Army_PB_2019.xml","ac1e9ae767b07b32048acff2227cba4c7a4135bf6613b6d72ba5ffbdf00c37b0","0-8e8ddb91beb373619df51a1b4b2e2401c4571a345e1bb3096885f20a287a1187","0-1dba22930c61b694c664b191258ed026365c101492ec7d692a7b11e63d37aeed","root.record.ItemExhibitList.P5Item.CostElementCategoryList.Flyaway.Recurring.CostElementList.CostElement"
"--LMTV Cargo W/W M1078","","","","","","","101","","","","","","14.724","","","","","","145.782","","","","","","2019-BASE_PROCUREMENT-2019-ARMY_OTHER_1-U_PROCUREMENT_JustificationBook_Army_PB_2019.zzz_unzipped-U_PROCUREMENT_JustificationBook_Army_PB_2019.xml","ac1e9ae767b07b32048acff2227cba4c7a4135bf6613b6d72ba5ffbdf00c37b0","1-c169321b8a0952a0ca952b8691dd2feb7c9e430d44a9f686af2c0617b35c7481","0-1dba22930c61b694c664b191258ed026365c101492ec7d692a7b11e63d37aeed","root.record.ItemExhibitList.P5Item.CostElementCategoryList.Flyaway.Recurring.CostElementList.CostElement"
"--LMTV Van M1079","","","","","","","189","","","9","","9","38.887","","","2.854","","2.854","205.751","","","317.111","","317.111","2019-BASE_PROCUREMENT-2019-ARMY_OTHER_1-U_PROCUREMENT_JustificationBook_Army_PB_2019.zzz_unzipped-U_PROCUREMENT_JustificationBook_Army_PB_2019.xml","ac1e9ae767b07b32048acff2227cba4c7a4135bf6613b6d72ba5ffbdf00c37b0","2-24c987051e1e2e63898ae00a4f91022af6f6afd666b970955c015e371ed6616a","0-1dba22930c61b694c664b191258ed026365c101492ec7d692a7b11e63d37aeed","root.record.ItemExhibitList.P5Item.CostElementCategoryList.Flyaway.Recurring.CostElementList.CostElement"
"--MTV Cargo M1083","","","","","","","4374","331","9","112","","112","686.33","69.365","1.923","26.061","","26.061","156.911","209.562","213.667","232.688","","232.688","2019-BASE_PROCUREMENT-2019-ARMY_OTHER_1-U_PROCUREMENT_JustificationBook_Army_PB_2019.zzz_unzipped-U_PROCUREMENT_JustificationBook_Army_PB_2019.xml","ac1e9ae767b07b32048acff2227cba4c7a4135bf6613b6d72ba5ffbdf00c37b0","0-c39143989e80020bafdc1c6ce9ba1391ea829b3852c0d03723a2f4d839108337","0-568de3b34430403978c6ff11e186f87a5c6b1d6678b13cda01d046f72c3fb947","root.record.ItemExhibitList.P5Item.CostElementCategoryList.Flyaway.Recurring.CostElementList.CostElement"
"--MTV Cargo w/winch M1083","","","","","","","887","","","","","","140.917","","","","","","158.869","","","","","","2019-BASE_PROCUREMENT-2019-ARMY_OTHER_1-U_PROCUREMENT_JustificationBook_Army_PB_2019.zzz_unzipped-U_PROCUREMENT_JustificationBook_Army_PB_2019.xml","ac1e9ae767b07b32048acff2227cba4c7a4135bf6613b6d72ba5ffbdf00c37b0","1-e978e59eb41692954830926d7f510fb58c6fb433b1c101ef52a75178a05983a0","0-568de3b34430403978c6ff11e186f87a5c6b1d6678b13cda01d046f72c3fb947","root.record.ItemExhibitList.P5Item.CostElementCategoryList.Flyaway.Recurring.CostElementList.CostElement"
"--MTV Cargo MHE M1084","","","","","","","358","221","2","13","","13","132.156","64.003","0.591","4.392","","4.392","369.151","289.606","295.5","337.846","","337.846","2019-BASE_PROCUREMENT-2019-ARMY_OTHER_1-U_PROCUREMENT_JustificationBook_Army_PB_2019.zzz_unzipped-U_PROCUREMENT_JustificationBook_Army_PB_2019.xml","ac1e9ae767b07b32048acff2227cba4c7a4135bf6613b6d72ba5ffbdf00c37b0","2-76d1f8b5a2f4a05619cb4f4d931fa20763a070f3dfb329ddae32b03851ef8dee","0-568de3b34430403978c6ff11e186f87a5c6b1d6678b13cda01d046f72c3fb947","root.record.ItemExhibitList.P5Item.CostElementCategoryList.Flyaway.Recurring.CostElementList.CostElement"
"--MTV Cargo-Long Wheel Base (LWB) M1085","","","","","","","1473","","","13","","13","450.278","","","2.996","","2.996","305.688","","","230.462","","230.462","2019-BASE_PROCUREMENT-2019-ARMY_OTHER_1-U_PROCUREMENT_JustificationBook_Army_PB_2019.zzz_unzipped-U_PROCUREMENT_JustificationBook_Army_PB_2019.xml","ac1e9ae767b07b32048acff2227cba4c7a4135bf6613b6d72ba5ffbdf00c37b0","3-a7ac32b60a2d7c58e96604fa5f61b62e4fe60d0b00ebd39f6e4e5dc201fd405e","0-568de3b34430403978c6ff11e186f87a5c6b1d6678b13cda01d046f72c3fb947","root.record.ItemExhibitList.P5Item.CostElementCategoryList.Flyaway.Recurring.CostElementList.CostElement"
"--MTV Cargo-LWB w/winch M1085","","","","","","","65","","","","","","10.563","","","","","","162.508","","","","","","2019-BASE_PROCUREMENT-2019-ARMY_OTHER_1-U_PROCUREMENT_JustificationBook_Army_PB_2019.zzz_unzipped-U_PROCUREMENT_JustificationBook_Army_PB_2019.xml","ac1e9ae767b07b32048acff2227cba4c7a4135bf6613b6d72ba5ffbdf00c37b0","4-7c1198e07790bf1cc75d1a673c5bdbe3c5dccad709819dc9a96fe5aa1f5c11b8","0-568de3b34430403978c6ff11e186f87a5c6b1d6678b13cda01d046f72c3fb947","root.record.ItemExhibitList.P5Item.CostElementCategoryList.Flyaway.Recurring.CostElementList.CostElement"
"--MTV LWB Cargo w/MHE M1086","","","","","","","9","","","","","","1.931","","","","","","214.556","","","","","","2019-BASE_PROCUREMENT-2019-ARMY_OTHER_1-U_PROCUREMENT_JustificationBook_Army_PB_2019.zzz_unzipped-U_PROCUREMENT_JustificationBook_Army_PB_2019.xml","ac1e9ae767b07b32048acff2227cba4c7a4135bf6613b6d72ba5ffbdf00c37b0","5-5b1da7d36c25b054075f0434fc7e282101fbba2eaf3e8367c094252b90cb185e","0-568de3b34430403978c6ff11e186f87a5c6b1d6678b13cda01d046f72c3fb947","root.record.ItemExhibitList.P5Item.CostElementCategoryList.Flyaway.Recurring.CostElementList.CostElement"
"--MTV Expansible Van M1087","","","","","","","1195","","","17","","17","780.747","","","9.042","","9.042","653.345","","","531.882","","531.882","2019-BASE_PROCUREMENT-2019-ARMY_OTHER_1-U_PROCUREMENT_JustificationBook_Army_PB_2019.zzz_unzipped-U_PROCUREMENT_JustificationBook_Army_PB_2019.xml","ac1e9ae767b07b32048acff2227cba4c7a4135bf6613b6d72ba5ffbdf00c37b0","6-14d1736bf3f7d77b964aba98ff35c8efddab9ab829494a20b5abbf9f05a635aa","0-568de3b34430403978c6ff11e186f87a5c6b1d6678b13cda01d046f72c3fb947","root.record.ItemExhibitList.P5Item.CostElementCategoryList.Flyaway.Recurring.CostElementList.CostElement"
"--MTV Tractor M1088","","","","","","","1910","516","9","52","","52","582.359","108.232","1.925","12.193","","12.193","304.9","209.752","213.889","234.481","","234.481","2019-BASE_PROCUREMENT-2019-ARMY_OTHER_1-U_PROCUREMENT_JustificationBook_Army_PB_2019.zzz_unzipped-U_PROCUREMENT_JustificationBook_Army_PB_2019.xml","ac1e9ae767b07b32048acff2227cba4c7a4135bf6613b6d72ba5ffbdf00c37b0","7-981b709e2d8a0425f3541b7daa011c2e666f9fc40de9d5205cdbe74019bc98f5","0-568de3b34430403978c6ff11e186f87a5c6b1d6678b13cda01d046f72c3fb947","root.record.ItemExhibitList.P5Item.CostElementCategoryList.Flyaway.Recurring.CostElementList.CostElement"
"--MTV Wrecker M1089","","","","","","","363","","","8","","8","232.969","","","3.673","","3.673","641.788","","","459.125","","459.125","2019-BASE_PROCUREMENT-2019-ARMY_OTHER_1-U_PROCUREMENT_JustificationBook_Army_PB_2019.zzz_unzipped-U_PROCUREMENT_JustificationBook_Army_PB_2019.xml","ac1e9ae767b07b32048acff2227cba4c7a4135bf6613b6d72ba5ffbdf00c37b0","8-52ab7de90a4560283ad789cd2c840cb7580be8725fa6ef3819425fb97cd3cc7d","0-568de3b34430403978c6ff11e186f87a5c6b1d6678b13cda01d046f72c3fb947","root.record.ItemExhibitList.P5Item.CostElementCategoryList.Flyaway.Recurring.CostElementList.CostElement"
"--MTV LHS M1148","","","","","","","52","","17","","","","14.272","","5.903","","","","274.462","","347.235","","","","2019-BASE_PROCUREMENT-2019-ARMY_OTHER_1-U_PROCUREMENT_JustificationBook_Army_PB_2019.zzz_unzipped-U_PROCUREMENT_JustificationBook_Army_PB_2019.xml","ac1e9ae767b07b32048acff2227cba4c7a4135bf6613b6d72ba5ffbdf00c37b0","9-ce91ce4a537b8c39755b809a9ed4f536dcddeb9edfc64de5d0754423c760018b","0-568de3b34430403978c6ff11e186f87a5c6b1d6678b13cda01d046f72c3fb947","root.record.ItemExhibitList.P5Item.CostElementCategoryList.Flyaway.Recurring.CostElementList.CostElement"
"--MTV 10 Ton Dump M1157","","","","","","","827","","","","","","148.135","","","","","","179.123","","","","","","2019-BASE_PROCUREMENT-2019-ARMY_OTHER_1-U_PROCUREMENT_JustificationBook_Army_PB_2019.zzz_unzipped-U_PROCUREMENT_JustificationBook_Army_PB_2019.xml","ac1e9ae767b07b32048acff2227cba4c7a4135bf6613b6d72ba5ffbdf00c37b0","10-256e67d2abaaeb9e35b29de2aaf01de6c1303fba8c636ba64f03633c9af7e7d5","0-568de3b34430403978c6ff11e186f87a5c6b1d6678b13cda01d046f72c3fb947","root.record.ItemExhibitList.P5Item.CostElementCategoryList.Flyaway.Recurring.CostElementList.CostElement"
"--MTV 10 Ton Dump M1157 w/winch","","","","","","","820","","","","","","306.899","","","","","","374.267","","","","","","2019-BASE_PROCUREMENT-2019-ARMY_OTHER_1-U_PROCUREMENT_JustificationBook_Army_PB_2019.zzz_unzipped-U_PROCUREMENT_JustificationBook_Army_PB_2019.xml","ac1e9ae767b07b32048acff2227cba4c7a4135bf6613b6d72ba5ffbdf00c37b0","11-dde568d738cad85f7d0219e3d9de4f6b5becfd5dc3b2f4c0292f2849a52ca626","0-568de3b34430403978c6ff11e186f87a5c6b1d6678b13cda01d046f72c3fb947","root.record.ItemExhibitList.P5Item.CostElementCategoryList.Flyaway.Recurring.CostElementList.CostElement"
"All configurations (FY 19 and prior)","","","","","","","171199","1205","1439","","","","3335.47","86.388","106.495","","","","19.483","71.691","74.006","","","","2020-BASE_PROCUREMENT-2020-ARMY_MISSLE-U_PROCUREMENT_JustificationBook_Army_PB_2020.zzz_unzipped-U_PROCUREMENT_JustificationBook_Army_PB_2020.xml","b6254689026733353150c6125748d60a95454d2a176dbcd63db3282dac87fbea","0-747cd7e0574cec4d829a52e374b1f2edf7ed99aab0f65fd3729b119385dc2708","0-46f6a4f0bed45f7349d1fe309cd53db14e1b8a53c9ebdda82b8296eb1caa08a9","root.record.ItemExhibitList.P5Item.CostElementCategoryList.Flyaway.Recurring.CostElementList.CostElement"
"2B Aero","","","","","","","","","","","960","960","","","","","87.067","87.067","","","","","90.695","90.695","2020-BASE_PROCUREMENT-2020-ARMY_MISSLE-U_PROCUREMENT_JustificationBook_Army_PB_2020.zzz_unzipped-U_PROCUREMENT_JustificationBook_Army_PB_2020.xml","b6254689026733353150c6125748d60a95454d2a176dbcd63db3282dac87fbea","1-d88cd1ac2f9b85e9dd4783f4c489848aa3b563b8c2cb0c4fda0e8cf04bb450bb","0-46f6a4f0bed45f7349d1fe309cd53db14e1b8a53c9ebdda82b8296eb1caa08a9","root.record.ItemExhibitList.P5Item.CostElementCategoryList.Flyaway.Recurring.CostElementList.CostElement"
"Bunker Buster","","","","","","","","","","","500","500","","","","","27.478","27.478","","","","","54.956","54.956","2020-BASE_PROCUREMENT-2020-ARMY_MISSLE-U_PROCUREMENT_JustificationBook_Army_PB_2020.zzz_unzipped-U_PROCUREMENT_JustificationBook_Army_PB_2020.xml","b6254689026733353150c6125748d60a95454d2a176dbcd63db3282dac87fbea","2-9b6acedede3dcccc3e1757610a891e9572571d0b8e81c171fc537471e3c33a35","0-46f6a4f0bed45f7349d1fe309cd53db14e1b8a53c9ebdda82b8296eb1caa08a9","root.record.ItemExhibitList.P5Item.CostElementCategoryList.Flyaway.Recurring.CostElementList.CostElement"
"--LMTV Cargo M1078","","","","","","","2221","","188","44","","44","346.306","","40.962","10.61","","10.61","155.923","","217.883","241.136","","241.136","2020-BASE_PROCUREMENT-2020-ARMY_OTHER_1-U_PROCUREMENT_JustificationBook_Army_PB_2020.zzz_unzipped-U_PROCUREMENT_JustificationBook_Army_PB_2020.xml","c8741db84cb82dd2bbb465cffcc6d30a58f500d75ffc29fbb1598d4c6dbdad9d","0-7f960d2244113e6ed22a5bbac16cc8907022495424dad8028521ec8ae25c2bf9","0-e6881fd622661616f2d68e28ada7f4913980987929da32b7cd7736849bc9d655","root.record.ItemExhibitList.P5Item.CostElementCategoryList.Flyaway.Recurring.CostElementList.CostElement"
"--LMTV Cargo W/W M1078","","","","","","","101","","","","","","14.724","","","","","","145.782","","","","","","2020-BASE_PROCUREMENT-2020-ARMY_OTHER_1-U_PROCUREMENT_JustificationBook_Army_PB_2020.zzz_unzipped-U_PROCUREMENT_JustificationBook_Army_PB_2020.xml","c8741db84cb82dd2bbb465cffcc6d30a58f500d75ffc29fbb1598d4c6dbdad9d","1-e4d86f7ea1d544400fe8e1fa751170eed9f12d9360054b03d9087c2aef9acac5","0-e6881fd622661616f2d68e28ada7f4913980987929da32b7cd7736849bc9d655","root.record.ItemExhibitList.P5Item.CostElementCategoryList.Flyaway.Recurring.CostElementList.CostElement"
"--LMTV Van M1079","","","","","","","189","","","","","","38.887","","","","","","205.751","","","","","","2020-BASE_PROCUREMENT-2020-ARMY_OTHER_1-U_PROCUREMENT_JustificationBook_Army_PB_2020.zzz_unzipped-U_PROCUREMENT_JustificationBook_Army_PB_2020.xml","c8741db84cb82dd2bbb465cffcc6d30a58f500d75ffc29fbb1598d4c6dbdad9d","2-6be4118fb7694c1c32297bd8716f4f506798c197a37df8d1d04e4d5e3d42eff8","0-e6881fd622661616f2d68e28ada7f4913980987929da32b7cd7736849bc9d655","root.record.ItemExhibitList.P5Item.CostElementCategoryList.Flyaway.Recurring.CostElementList.CostElement"
"--MTV Cargo M1083","","","","","","","4705","","17","20","","20","755.695","","5.134","5.503","","5.503","160.615","","302","275.15","","275.15","2020-BASE_PROCUREMENT-2020-ARMY_OTHER_1-U_PROCUREMENT_JustificationBook_Army_PB_2020.zzz_unzipped-U_PROCUREMENT_JustificationBook_Army_PB_2020.xml","c8741db84cb82dd2bbb465cffcc6d30a58f500d75ffc29fbb1598d4c6dbdad9d","0-c5e2e30eca8fcf2316c434f96d0fb9a571dc147a23c6c5be1dce59f1577282d7","0-d6dbc1f13ba6bcacbddfcf8d2903b2f72e8ab33ae4fc946a137bb0503582a363","root.record.ItemExhibitList.P5Item.CostElementCategoryList.Flyaway.Recurring.CostElementList.CostElement"
"--MTV Cargo w/winch M1083","","","","","","","887","","","","","","140.917","","","","","","158.869","","","","","","2020-BASE_PROCUREMENT-2020-ARMY_OTHER_1-U_PROCUREMENT_JustificationBook_Army_PB_2020.zzz_unzipped-U_PROCUREMENT_JustificationBook_Army_PB_2020.xml","c8741db84cb82dd2bbb465cffcc6d30a58f500d75ffc29fbb1598d4c6dbdad9d","1-615265073819d75757641410f6664d7731e9e0cb507860f7ffef726eecf2af45","0-d6dbc1f13ba6bcacbddfcf8d2903b2f72e8ab33ae4fc946a137bb0503582a363","root.record.ItemExhibitList.P5Item.CostElementCategoryList.Flyaway.Recurring.CostElementList.CostElement"
"--MTV Cargo MHE M1084","","","","","","","579","103","8","4","","4","196.159","44.668","2.996","1.412","","1.412","338.789","433.67","374.5","353","","353","2020-BASE_PROCUREMENT-2020-ARMY_OTHER_1-U_PROCUREMENT_JustificationBook_Army_PB_2020.zzz_unzipped-U_PROCUREMENT_JustificationBook_Army_PB_2020.xml","c8741db84cb82dd2bbb465cffcc6d30a58f500d75ffc29fbb1598d4c6dbdad9d","2-1997be142d111a547ea764e7fe337b3dd77d10505cc7f8b9e9b4592a9b8e4919","0-d6dbc1f13ba6bcacbddfcf8d2903b2f72e8ab33ae4fc946a137bb0503582a363","root.record.ItemExhibitList.P5Item.CostElementCategoryList.Flyaway.Recurring.CostElementList.CostElement"
"--MTV Cargo-Long Wheel Base (LWB) M1085","","","","","","","1473","","7","","","","450.278","","1.613","","","","305.688","","230.429","","","","2020-BASE_PROCUREMENT-2020-ARMY_OTHER_1-U_PROCUREMENT_JustificationBook_Army_PB_2020.zzz_unzipped-U_PROCUREMENT_JustificationBook_Army_PB_2020.xml","c8741db84cb82dd2bbb465cffcc6d30a58f500d75ffc29fbb1598d4c6dbdad9d","3-41e4c20e876c49d56c9b60f8ef541034c66467dfa9a48450b6c57051c87856c9","0-d6dbc1f13ba6bcacbddfcf8d2903b2f72e8ab33ae4fc946a137bb0503582a363","root.record.ItemExhibitList.P5Item.CostElementCategoryList.Flyaway.Recurring.CostElementList.CostElement"
"--MTV Cargo-LWB w/winch M1085","","","","","","","65","","","","","","10.563","","","","","","162.508","","","","","","2020-BASE_PROCUREMENT-2020-ARMY_OTHER_1-U_PROCUREMENT_JustificationBook_Army_PB_2020.zzz_unzipped-U_PROCUREMENT_JustificationBook_Army_PB_2020.xml","c8741db84cb82dd2bbb465cffcc6d30a58f500d75ffc29fbb1598d4c6dbdad9d","4-7a47a96ef8ccb81b68baca7fb79e819badbe12cb88ba5d959ff51d55f5bb8f01","0-d6dbc1f13ba6bcacbddfcf8d2903b2f72e8ab33ae4fc946a137bb0503582a363","root.record.ItemExhibitList.P5Item.CostElementCategoryList.Flyaway.Recurring.CostElementList.CostElement"
"--MTV LWB Cargo w/MHE M1086","","","","","","","9","","","","","","1.931","","","","","","214.556","","","","","","2020-BASE_PROCUREMENT-2020-ARMY_OTHER_1-U_PROCUREMENT_JustificationBook_Army_PB_2020.zzz_unzipped-U_PROCUREMENT_JustificationBook_Army_PB_2020.xml","c8741db84cb82dd2bbb465cffcc6d30a58f500d75ffc29fbb1598d4c6dbdad9d","5-a24cf5cdf7ce78a1b7462ac08dc2fe59524013c9bc2834f8d486f6a163f60555","0-d6dbc1f13ba6bcacbddfcf8d2903b2f72e8ab33ae4fc946a137bb0503582a363","root.record.ItemExhibitList.P5Item.CostElementCategoryList.Flyaway.Recurring.CostElementList.CostElement"
"--MTV Expansible Van M1087","","","","","","","1195","","","","","","780.747","","","","","","653.345","","","","","","2020-BASE_PROCUREMENT-2020-ARMY_OTHER_1-U_PROCUREMENT_JustificationBook_Army_PB_2020.zzz_unzipped-U_PROCUREMENT_JustificationBook_Army_PB_2020.xml","c8741db84cb82dd2bbb465cffcc6d30a58f500d75ffc29fbb1598d4c6dbdad9d","6-faa90115cce992b22990b9306d7ffb38c1229e21b88396b6acb30de157fbc16a","0-d6dbc1f13ba6bcacbddfcf8d2903b2f72e8ab33ae4fc946a137bb0503582a363","root.record.ItemExhibitList.P5Item.CostElementCategoryList.Flyaway.Recurring.CostElementList.CostElement"
"--MTV Tractor M1088","","","","","","","2426","","156","21","","21","690.591","","35.763","5.647","","5.647","284.662","","229.25","268.905","","268.905","2020-BASE_PROCUREMENT-2020-ARMY_OTHER_1-U_PROCUREMENT_JustificationBook_Army_PB_2020.zzz_unzipped-U_PROCUREMENT_JustificationBook_Army_PB_2020.xml","c8741db84cb82dd2bbb465cffcc6d30a58f500d75ffc29fbb1598d4c6dbdad9d","7-682b8450af39c4e2b3e625efeb5cabb0edcb83231def5ea033f5fbe221b1f4d4","0-d6dbc1f13ba6bcacbddfcf8d2903b2f72e8ab33ae4fc946a137bb0503582a363","root.record.ItemExhibitList.P5Item.CostElementCategoryList.Flyaway.Recurring.CostElementList.CostElement"
"--MTV Wrecker M1089","","","","","","","363","","","14","","14","232.969","","","7.166","","7.166","641.788","","","511.857","","511.857","2020-BASE_PROCUREMENT-2020-ARMY_OTHER_1-U_PROCUREMENT_JustificationBook_Army_PB_2020.zzz_unzipped-U_PROCUREMENT_JustificationBook_Army_PB_2020.xml","c8741db84cb82dd2bbb465cffcc6d30a58f500d75ffc29fbb1598d4c6dbdad9d","8-823c479505c103bc266fe130589252149d04fa558c9050d37fd418b799f09a36","0-d6dbc1f13ba6bcacbddfcf8d2903b2f72e8ab33ae4fc946a137bb0503582a363","root.record.ItemExhibitList.P5Item.CostElementCategoryList.Flyaway.Recurring.CostElementList.CostElement"
"--MTV LHS M1148","","","","","","","52","","","39","","39","14.272","","","15.232","","15.232","274.462","","","390.564","","390.564","2020-BASE_PROCUREMENT-2020-ARMY_OTHER_1-U_PROCUREMENT_JustificationBook_Army_PB_2020.zzz_unzipped-U_PROCUREMENT_JustificationBook_Army_PB_2020.xml","c8741db84cb82dd2bbb465cffcc6d30a58f500d75ffc29fbb1598d4c6dbdad9d","9-2ce24806deb37a07f34446181a760a511ffa339c2e18145f1ce5d79e279e5225","0-d6dbc1f13ba6bcacbddfcf8d2903b2f72e8ab33ae4fc946a137bb0503582a363","root.record.ItemExhibitList.P5Item.CostElementCategoryList.Flyaway.Recurring.CostElementList.CostElement"
"--MTV 10 Ton Dump M1157","","","","","","","827","","","","","","148.135","","","","","","179.123","","","","","","2020-BASE_PROCUREMENT-2020-ARMY_OTHER_1-U_PROCUREMENT_JustificationBook_Army_PB_2020.zzz_unzipped-U_PROCUREMENT_JustificationBook_Army_PB_2020.xml","c8741db84cb82dd2bbb465cffcc6d30a58f500d75ffc29fbb1598d4c6dbdad9d","10-27cbe4285735589c4ec91b7c8fc89f71bcb28c4d1b4c04d6e8d11f729fac9c34","0-d6dbc1f13ba6bcacbddfcf8d2903b2f72e8ab33ae4fc946a137bb0503582a363","root.record.ItemExhibitList.P5Item.CostElementCategoryList.Flyaway.Recurring.CostElementList.CostElement"
"--MTV 10 Ton Dump M1157 w/winch","","","","","","","820","","","","","","306.899","","","","","","374.267","","","","","","2020-BASE_PROCUREMENT-2020-ARMY_OTHER_1-U_PROCUREMENT_JustificationBook_Army_PB_2020.zzz_unzipped-U_PROCUREMENT_JustificationBook_Army_PB_2020.xml","c8741db84cb82dd2bbb465cffcc6d30a58f500d75ffc29fbb1598d4c6dbdad9d","11-7bccbbf4b90abf3a2ba9f31807c04ceeea0270ffcdecab59909b4140feccdbe5","0-d6dbc1f13ba6bcacbddfcf8d2903b2f72e8ab33ae4fc946a137bb0503582a363","root.record.ItemExhibitList.P5Item.CostElementCategoryList.Flyaway.Recurring.CostElementList.CostElement"
"AN/TSQ-226B(V)1 Phase 3 Kits","","","","","","","27","","24","","","","4.609","","4.092","","","","170.704","","170.5","","","","2020-BASE_PROCUREMENT-2020-ARMY_OTHER_2-U_PROCUREMENT_JustificationBook_Army_PB_2020.zzz_unzipped-U_PROCUREMENT_JustificationBook_Army_PB_2020.xml","46a9eecfb9fc471f960bb9765cd0188ede1e37a7f7d7af29a0ea3c25fc6629e2","0-e4eaea6400047d51eb0351b9566e199c1f41afe83594aa29cd44952d0f6f4b32","0-cfab8380ece4747fcd9068364e679457bc746de17402c619217da03f5f51b347","root.record.ItemExhibitList.P5Item.CostElementCategoryList.Flyaway.Recurring.CostElementList.CostElement"
"AN/TSQ-226B(V)1 Phase 3 Kits Spares (RSC)","","","","","","","7","","","","","","1.073","","","","","","153.286","","","","","","2020-BASE_PROCUREMENT-2020-ARMY_OTHER_2-U_PROCUREMENT_JustificationBook_Army_PB_2020.zzz_unzipped-U_PROCUREMENT_JustificationBook_Army_PB_2020.xml","46a9eecfb9fc471f960bb9765cd0188ede1e37a7f7d7af29a0ea3c25fc6629e2","1-43d4bd90a695e8f6e4ff8fdafa9ead0c2236f397e2de95e4484073754f15aef0","0-cfab8380ece4747fcd9068364e679457bc746de17402c619217da03f5f51b347","root.record.ItemExhibitList.P5Item.CostElementCategoryList.Flyaway.Recurring.CostElementList.CostElement"
"AN/TSQ-226B/C(V)2/3 Phase 3 Kits","","","","","","","1","8","","","","","0.09","0.716","","","","","90","89.5","","","","","2020-BASE_PROCUREMENT-2020-ARMY_OTHER_2-U_PROCUREMENT_JustificationBook_Army_PB_2020.zzz_unzipped-U_PROCUREMENT_JustificationBook_Army_PB_2020.xml","46a9eecfb9fc471f960bb9765cd0188ede1e37a7f7d7af29a0ea3c25fc6629e2","2-502c0f21d02c507a505144929d482152ceecf537fd9c78e03751b0e84021f09d","0-cfab8380ece4747fcd9068364e679457bc746de17402c619217da03f5f51b347","root.record.ItemExhibitList.P5Item.CostElementCategoryList.Flyaway.Recurring.CostElementList.CostElement"
"T-JWICS VTC Suite Upgrades","","","","","","","","19","61","89","","89","","0.786","2.523","3.682","","3.682","","41.368","41.361","41.371","","41.371","2020-BASE_PROCUREMENT-2020-ARMY_OTHER_2-U_PROCUREMENT_JustificationBook_Army_PB_2020.zzz_unzipped-U_PROCUREMENT_JustificationBook_Army_PB_2020.xml","46a9eecfb9fc471f960bb9765cd0188ede1e37a7f7d7af29a0ea3c25fc6629e2","3-19f762b91224c69683b1c9ed60af90fdf572b413152658e7e3881cdba05c3c0f","0-cfab8380ece4747fcd9068364e679457bc746de17402c619217da03f5f51b347","root.record.ItemExhibitList.P5Item.CostElementCategoryList.Flyaway.Recurring.CostElementList.CostElement"
"T-JWICS VTC Suite Spares (RSC)","","","","","","","","14","","11","","11","","0.638","","0.502","","0.502","","45.571","","45.636","","45.636","2020-BASE_PROCUREMENT-2020-ARMY_OTHER_2-U_PROCUREMENT_JustificationBook_Army_PB_2020.zzz_unzipped-U_PROCUREMENT_JustificationBook_Army_PB_2020.xml","46a9eecfb9fc471f960bb9765cd0188ede1e37a7f7d7af29a0ea3c25fc6629e2","4-a4f5bd4b710aad4088fb15a2c5d79e72d9d5a1d73e9e50848306fd8dd8a2a5cd","0-cfab8380ece4747fcd9068364e679457bc746de17402c619217da03f5f51b347","root.record.ItemExhibitList.P5Item.CostElementCategoryList.Flyaway.Recurring.CostElementList.CostElement"
"iDirect Modems","","","","","","","","88","106","64","","64","","1.936","2.332","1.408","","1.408","","22","22","22","","22","2020-BASE_PROCUREMENT-2020-ARMY_OTHER_2-U_PROCUREMENT_JustificationBook_Army_PB_2020.zzz_unzipped-U_PROCUREMENT_JustificationBook_Army_PB_2020.xml","46a9eecfb9fc471f960bb9765cd0188ede1e37a7f7d7af29a0ea3c25fc6629e2","5-7a5f14df2b164e8a7c3c48f9c6bd454a7b3fef0050f386377573c5c7b1c7b216","0-cfab8380ece4747fcd9068364e679457bc746de17402c619217da03f5f51b347","root.record.ItemExhibitList.P5Item.CostElementCategoryList.Flyaway.Recurring.CostElementList.CostElement"
"iDirect Modems - Spares (RSC)","","","","","","","","14","","","","","","0.308","","","","","","22","","","","","2020-BASE_PROCUREMENT-2020-ARMY_OTHER_2-U_PROCUREMENT_JustificationBook_Army_PB_2020.zzz_unzipped-U_PROCUREMENT_JustificationBook_Army_PB_2020.xml","46a9eecfb9fc471f960bb9765cd0188ede1e37a7f7d7af29a0ea3c25fc6629e2","6-e8dcaccdd83188001ae6cd4f0b5bb6027eb8b46ac4fb314a2c59b48d9923c0ad","0-cfab8380ece4747fcd9068364e679457bc746de17402c619217da03f5f51b347","root.record.ItemExhibitList.P5Item.CostElementCategoryList.Flyaway.Recurring.CostElementList.CostElement"
"Hardware (Previous Years)","","","","","","","473","","","","","","143.821","","","","","","304.061","","","","","","2020-BASE_PROCUREMENT-2020-ARMY_OTHER_2-U_PROCUREMENT_JustificationBook_Army_PB_2020.zzz_unzipped-U_PROCUREMENT_JustificationBook_Army_PB_2020.xml","46a9eecfb9fc471f960bb9765cd0188ede1e37a7f7d7af29a0ea3c25fc6629e2","7-2fd33cd8aa503977381b964f299d74ca8e75baa976fcfcfedf5ce5af15abb7b9","0-cfab8380ece4747fcd9068364e679457bc746de17402c619217da03f5f51b347","root.record.ItemExhibitList.P5Item.CostElementCategoryList.Flyaway.Recurring.CostElementList.CostElement"
"Hardware & Integration - RAM Warn EDI","","","","","","","80","","","","","","4.27","","","","","","53.375","","","","","","2020-BASE_PROCUREMENT-2020-ARMY_OTHER_2-U_PROCUREMENT_JustificationBook_Army_PB_2020.zzz_unzipped-U_PROCUREMENT_JustificationBook_Army_PB_2020.xml","b869c1a908e756c3c0d1a2c66b11485e2c68de5811f38d8f9a377b5597e31f51","0-9adc8f933335719a993283dcf0f13aee6d3c2700bb87b4a23eb17e0e2839bf3f","0-5946ec54de8f2e2e856546d43efba97611cb9943562c27ee11617868211701f0","root.record.ItemExhibitList.P5Item.CostElementCategoryList.Flyaway.Recurring.CostElementList.CostElement"
"Hardware & Integration - RAM Warn BCT Secure Comms","","","","","","","1240","241","399","","","","117.99","16.58","28.483","","","","95.153","68.797","71.386","","","","2020-BASE_PROCUREMENT-2020-ARMY_OTHER_2-U_PROCUREMENT_JustificationBook_Army_PB_2020.zzz_unzipped-U_PROCUREMENT_JustificationBook_Army_PB_2020.xml","b869c1a908e756c3c0d1a2c66b11485e2c68de5811f38d8f9a377b5597e31f51","1-1b8fd477229fbe57c473dc2f6350bd732ff98128bd0ae52cf17784930f5e7b54","0-5946ec54de8f2e2e856546d43efba97611cb9943562c27ee11617868211701f0","root.record.ItemExhibitList.P5Item.CostElementCategoryList.Flyaway.Recurring.CostElementList.CostElement"
