Name_val,Cost_Quantity_CurrentYear_val,Cost_Quantity_BudgetYearOneBase_val,Cost_Quantity_BudgetYearOne_val,Cost_Quantity_PriorYear_val,Cost_Quantity_BudgetYearTwo_val,Cost_Quantity_BudgetYearThree_val,Cost_Quantity_BudgetYearFour_val,Cost_Quantity_BudgetYearFive_val,Cost_TotalCost_CurrentYear_val,Cost_TotalCost_BudgetYearOneBase_val,Cost_TotalCost_BudgetYearOne_val,Cost_TotalCost_PriorYear_val,Cost_TotalCost_BudgetYearTwo_val,Cost_TotalCost_BudgetYearThree_val,Cost_TotalCost_BudgetYearFour_val,Cost_TotalCost_BudgetYearFive_val,@SOURCE_FILENAME,@RECORDID,@ROWID,@PARENTROWID,@PARENT
"Air Force Active","1","8","8","","","","","","0.9","6.718","6.718","","","","","","2015-BASE_PROCUREMENT-2015-AIRFORCE_AIRCRAFT_VOL2-PROCUREMENT_JustificationBook_Air_Force_PB_2015.zzz_unzipped-PROCUREMENT_JustificationBook_Air_Force_PB_2015.xml","64acb54550a4560598d7d665ce51dd7ecd276be3097259da048227510b8c8d9d","0-f0ea06cc382a3cdd44f80dbe2330f3d1ce97660a4b1041e284e885714ffa5069","0-5c0aa86f3b571ec2258933fea79d25541d166d15c30c2be8e82e2b9e807f1489","root.record.ItemExhibitList.P3AModificationItemGroup.ModificationItemList.ModificationItem.Installation.ImplementationMethodList.ImplementationMethod"
"Air Force Active","","2","2","","","","","","","0.66","0.66","","","","","","2015-BASE_PROCUREMENT-2015-AIRFORCE_AIRCRAFT_VOL2-PROCUREMENT_JustificationBook_Air_Force_PB_2015.zzz_unzipped-PROCUREMENT_JustificationBook_Air_Force_PB_2015.xml","64acb54550a4560598d7d665ce51dd7ecd276be3097259da048227510b8c8d9d","0-ca2d8200d5c99e826ac744710f8aaa7f17503803bed69f0d1bb0904bdbe71485","1-0bf797e15f3c65a6c0203330aafe7ea49464c179350524ec8357a7ecf38a1428","root.record.ItemExhibitList.P3AModificationItemGroup.ModificationItemList.ModificationItem.Installation.ImplementationMethodList.ImplementationMethod"
"Air Force Active","6","","","","","","","","149.612","","","","","","","","2015-BASE_PROCUREMENT-2015-AIRFORCE_AIRCRAFT_VOL2-PROCUREMENT_JustificationBook_Air_Force_PB_2015.zzz_unzipped-PROCUREMENT_JustificationBook_Air_Force_PB_2015.xml","e049539817dd22b34918c2c0be8271bbbd79d6b6a486234ddff8e6be076c0e3d","0-c30c78f0df6649d92c8cbfb06e711fa1e3bb4c6a830236482f7c643c22ee7821","0-b7bc419e0381c97252d47373dfafd721ca069dd49e7033b39878d6e8db2dc1a0","root.record.ItemExhibitList.P3AModificationItemGroup.ModificationItemList.ModificationItem.Installation.ImplementationMethodList.ImplementationMethod"
"Air Force Reserve","5","","","","","","","","124.676","","","","","","","","2015-BASE_PROCUREMENT-2015-AIRFORCE_AIRCRAFT_VOL2-PROCUREMENT_JustificationBook_Air_Force_PB_2015.zzz_unzipped-PROCUREMENT_JustificationBook_Air_Force_PB_2015.xml","e049539817dd22b34918c2c0be8271bbbd79d6b6a486234ddff8e6be076c0e3d","1-80534edadfa1d55d0081afd186cb1cf094a029bf159225451697bc55fc74bc97","0-b7bc419e0381c97252d47373dfafd721ca069dd49e7033b39878d6e8db2dc1a0","root.record.ItemExhibitList.P3AModificationItemGroup.ModificationItemList.ModificationItem.Installation.ImplementationMethodList.ImplementationMethod"
"Air Force Active","","17","17","","","","","","","3.844","3.844","","","","","","2015-BASE_PROCUREMENT-2015-AIRFORCE_AIRCRAFT_VOL2-PROCUREMENT_JustificationBook_Air_Force_PB_2015.zzz_unzipped-PROCUREMENT_JustificationBook_Air_Force_PB_2015.xml","2c3a42ac96c574f3a05d311e38d1fd39e76b2eaa077eed338c2b56579168a566","0-48a89911452735e052dbf17298960cf16c9eea73ae95fa5ed7665c74eaecfeef","0-1669ef1c5da307914fede122a5072cf3be0d727155821f03d394e673336db8fe","root.record.ItemExhibitList.P3AModificationItemGroup.ModificationItemList.ModificationItem.Installation.ImplementationMethodList.ImplementationMethod"
"Air National Guard","","3","3","","","","","","","0.678","0.678","","","","","","2015-BASE_PROCUREMENT-2015-AIRFORCE_AIRCRAFT_VOL2-PROCUREMENT_JustificationBook_Air_Force_PB_2015.zzz_unzipped-PROCUREMENT_JustificationBook_Air_Force_PB_2015.xml","2c3a42ac96c574f3a05d311e38d1fd39e76b2eaa077eed338c2b56579168a566","1-280fb3825549a1e1d8cb97a67ed9c4431087cf950cdb53087503151d13ec22ea","0-1669ef1c5da307914fede122a5072cf3be0d727155821f03d394e673336db8fe","root.record.ItemExhibitList.P3AModificationItemGroup.ModificationItemList.ModificationItem.Installation.ImplementationMethodList.ImplementationMethod"
"Air Force Reserve","","4","4","","","","","","","0.906","0.906","","","","","","2015-BASE_PROCUREMENT-2015-AIRFORCE_AIRCRAFT_VOL2-PROCUREMENT_JustificationBook_Air_Force_PB_2015.zzz_unzipped-PROCUREMENT_JustificationBook_Air_Force_PB_2015.xml","2c3a42ac96c574f3a05d311e38d1fd39e76b2eaa077eed338c2b56579168a566","2-03ae80c5cdaf7b02c71ca119b9b64e019d4d58b58ef2f4c036d4cc8f048cc6b0","0-1669ef1c5da307914fede122a5072cf3be0d727155821f03d394e673336db8fe","root.record.ItemExhibitList.P3AModificationItemGroup.ModificationItemList.ModificationItem.Installation.ImplementationMethodList.ImplementationMethod"
"Air Force Active","6","30","30","","","","","","2.187","9.615","9.615","","","","","","2015-BASE_PROCUREMENT-2015-AIRFORCE_AIRCRAFT_VOL2-PROCUREMENT_JustificationBook_Air_Force_PB_2015.zzz_unzipped-PROCUREMENT_JustificationBook_Air_Force_PB_2015.xml","2c3a42ac96c574f3a05d311e38d1fd39e76b2eaa077eed338c2b56579168a566","0-550b7c308ccb960bb6c0fa1c6c16543960081edd7276aa5960f38e20acd1073f","0-7aba0490d560d4953b22dec70babde11dc78093cd245de522638f4eb012b5a4f","root.record.ItemExhibitList.P3AModificationItemGroup.ModificationItemList.ModificationItem.Installation.ImplementationMethodList.ImplementationMethod"
"Air National Guard","","6","6","","","","","","","1.923","1.923","","","","","","2015-BASE_PROCUREMENT-2015-AIRFORCE_AIRCRAFT_VOL2-PROCUREMENT_JustificationBook_Air_Force_PB_2015.zzz_unzipped-PROCUREMENT_JustificationBook_Air_Force_PB_2015.xml","2c3a42ac96c574f3a05d311e38d1fd39e76b2eaa077eed338c2b56579168a566","1-f2861a7020c4672b70c8e0872e9c9e3bec477c012e8f4fc423521ff62d19149b","0-7aba0490d560d4953b22dec70babde11dc78093cd245de522638f4eb012b5a4f","root.record.ItemExhibitList.P3AModificationItemGroup.ModificationItemList.ModificationItem.Installation.ImplementationMethodList.ImplementationMethod"
"Air Force Reserve","","30","30","","","","","","","9.615","9.615","","","","","","2015-BASE_PROCUREMENT-2015-AIRFORCE_AIRCRAFT_VOL2-PROCUREMENT_JustificationBook_Air_Force_PB_2015.zzz_unzipped-PROCUREMENT_JustificationBook_Air_Force_PB_2015.xml","2c3a42ac96c574f3a05d311e38d1fd39e76b2eaa077eed338c2b56579168a566","2-42eaf6923db98e7d0d687ca54687b4088e8595bd3ac1cd00c39a6e6756f8da81","0-7aba0490d560d4953b22dec70babde11dc78093cd245de522638f4eb012b5a4f","root.record.ItemExhibitList.P3AModificationItemGroup.ModificationItemList.ModificationItem.Installation.ImplementationMethodList.ImplementationMethod"
"Air Force Active","38","","","","","","","","1.447","","","","","","","","2015-BASE_PROCUREMENT-2015-AIRFORCE_AIRCRAFT_VOL2-PROCUREMENT_JustificationBook_Air_Force_PB_2015.zzz_unzipped-PROCUREMENT_JustificationBook_Air_Force_PB_2015.xml","2c3a42ac96c574f3a05d311e38d1fd39e76b2eaa077eed338c2b56579168a566","0-4123bc07690fcce3c5b0721b9ba1588908d6d71fe7b355ed120e17b693b8890b","0-c697ad7f75c3711507cbbfff77962fc75ccca5a85d83d59fc2c835dfd00adf05","root.record.ItemExhibitList.P3AModificationItemGroup.ModificationItemList.ModificationItem.Installation.ImplementationMethodList.ImplementationMethod"
"Air Force Active","38","","","","","","","","0.000","","","","","","","","2015-BASE_PROCUREMENT-2015-AIRFORCE_AIRCRAFT_VOL2-PROCUREMENT_JustificationBook_Air_Force_PB_2015.zzz_unzipped-PROCUREMENT_JustificationBook_Air_Force_PB_2015.xml","2c3a42ac96c574f3a05d311e38d1fd39e76b2eaa077eed338c2b56579168a566","0-8c3ed8e8515944681e526616f590d4c73a1ef3abb9e116c9852f745e7f977b81","0-c618b324cce3faf4dd365d3b476c328874a7ad1f23f3cfed0e4d35c7ea80f04f","root.record.ItemExhibitList.P3AModificationItemGroup.ModificationItemList.ModificationItem.Installation.ImplementationMethodList.ImplementationMethod"
"Air Force Active","","0","0","0","","","","","","0.913","0.913","4.992","","","","","2015-BASE_PROCUREMENT-2015-AIRFORCE_AIRCRAFT_VOL2-PROCUREMENT_JustificationBook_Air_Force_PB_2015.zzz_unzipped-PROCUREMENT_JustificationBook_Air_Force_PB_2015.xml","ad2cbcd52887cfdbd4c4e64af0f936c986b469e78be0a9fa924477b8ad18fb8f","0-c641416f410e5df488cdb8bc7821095f0da2b7a7c04843faa43bae278155a5a5","0-8dfbe916012ecebc277a92740d05d2f1e8bd012ac72f025bb76cdd54f374916a","root.record.ItemExhibitList.P3AModificationItemGroup.ModificationItemList.ModificationItem.Installation.ImplementationMethodList.ImplementationMethod"
"Air National Guard","","","","0","","","","","","","","1.664","","","","","2015-BASE_PROCUREMENT-2015-AIRFORCE_AIRCRAFT_VOL2-PROCUREMENT_JustificationBook_Air_Force_PB_2015.zzz_unzipped-PROCUREMENT_JustificationBook_Air_Force_PB_2015.xml","ad2cbcd52887cfdbd4c4e64af0f936c986b469e78be0a9fa924477b8ad18fb8f","1-4d424389fe59d22b931dd2d9f6731d4401fb553f417545ddf24971932dec3304","0-8dfbe916012ecebc277a92740d05d2f1e8bd012ac72f025bb76cdd54f374916a","root.record.ItemExhibitList.P3AModificationItemGroup.ModificationItemList.ModificationItem.Installation.ImplementationMethodList.ImplementationMethod"
"Air Force Reserve","","","","0","","","","","","","","0.832","","","","","2015-BASE_PROCUREMENT-2015-AIRFORCE_AIRCRAFT_VOL2-PROCUREMENT_JustificationBook_Air_Force_PB_2015.zzz_unzipped-PROCUREMENT_JustificationBook_Air_Force_PB_2015.xml","ad2cbcd52887cfdbd4c4e64af0f936c986b469e78be0a9fa924477b8ad18fb8f","2-87376cdef474b84b1480901b3471d0d0c925fd89e6c2c157dbcd4c7d41c605c9","0-8dfbe916012ecebc277a92740d05d2f1e8bd012ac72f025bb76cdd54f374916a","root.record.ItemExhibitList.P3AModificationItemGroup.ModificationItemList.ModificationItem.Installation.ImplementationMethodList.ImplementationMethod"
"Air Force Active","","","","0","","","","","","","","0.385","","","","","2015-BASE_PROCUREMENT-2015-AIRFORCE_AIRCRAFT_VOL2-PROCUREMENT_JustificationBook_Air_Force_PB_2015.zzz_unzipped-PROCUREMENT_JustificationBook_Air_Force_PB_2015.xml","ad2cbcd52887cfdbd4c4e64af0f936c986b469e78be0a9fa924477b8ad18fb8f","0-d914516d8fa3554a5c8229ac61bdb5e5503d778dc65108735ecb1a83c76681c9","0-882ddbfdb46286457a96ac9af864fc9ff8b8a01a0f722766d33931d519bae396","root.record.ItemExhibitList.P3AModificationItemGroup.ModificationItemList.ModificationItem.Installation.ImplementationMethodList.ImplementationMethod"
"Air Force Active","","0","0","","2","3","0","0","","4.975","4.975","","12.483","0.000","0.000","0.000","2015-BASE_PROCUREMENT-2015-AIRFORCE_AIRCRAFT_VOL2-PROCUREMENT_JustificationBook_Air_Force_PB_2015.zzz_unzipped-PROCUREMENT_JustificationBook_Air_Force_PB_2015.xml","f95a686895e7fa3d37923c2b920ccf43d5ee240504c1f66a1de53572ac91a145","0-d823d45e8ba991434f3724c89b9061c9679ed0c382c74fd3b0b86cf97fb7281e","0-150325cb6d8dd8af05ac0692ed7d9eb56048f02e224c3081a5a274cb768557e1","root.record.ItemExhibitList.P3AModificationItemGroup.ModificationItemList.ModificationItem.Installation.ImplementationMethodList.ImplementationMethod"
"Air Force Active","","8","8","","","","","","","4.179","4.179","","","","","","2015-BASE_PROCUREMENT-2015-AIRFORCE_AIRCRAFT_VOL2-PROCUREMENT_JustificationBook_Air_Force_PB_2015.zzz_unzipped-PROCUREMENT_JustificationBook_Air_Force_PB_2015.xml","4f10c9d75af1ff7f39d3312af79b465fcb001e31cfa449ec049bea6f08f73af1","0-db7cc4820e32db37869347d491c5bb443fed80eb602e2e071a3d74c2db5532ee","0-b64b56d2a56dd7741e1f00bdb89ce446999c3a6b2706a1a31f23296cf54ef98c","root.record.ItemExhibitList.P3AModificationItemGroup.ModificationItemList.ModificationItem.Installation.ImplementationMethodList.ImplementationMethod"
"Air National Guard","","8","8","","","","","","","4.179","4.179","","","","","","2015-BASE_PROCUREMENT-2015-AIRFORCE_AIRCRAFT_VOL2-PROCUREMENT_JustificationBook_Air_Force_PB_2015.zzz_unzipped-PROCUREMENT_JustificationBook_Air_Force_PB_2015.xml","4f10c9d75af1ff7f39d3312af79b465fcb001e31cfa449ec049bea6f08f73af1","1-4dcad80994836e2da635d3583b36a4dea626be838a54fff84e70dfaf1c277f24","0-b64b56d2a56dd7741e1f00bdb89ce446999c3a6b2706a1a31f23296cf54ef98c","root.record.ItemExhibitList.P3AModificationItemGroup.ModificationItemList.ModificationItem.Installation.ImplementationMethodList.ImplementationMethod"
"Air Force Reserve","","3","3","","","","","","","1.568","1.568","","","","","","2015-BASE_PROCUREMENT-2015-AIRFORCE_AIRCRAFT_VOL2-PROCUREMENT_JustificationBook_Air_Force_PB_2015.zzz_unzipped-PROCUREMENT_JustificationBook_Air_Force_PB_2015.xml","4f10c9d75af1ff7f39d3312af79b465fcb001e31cfa449ec049bea6f08f73af1","2-1f200351e61f474a5946765af5aa95f29ddd9f9422e5b62eafed3dc70f8c5f3e","0-b64b56d2a56dd7741e1f00bdb89ce446999c3a6b2706a1a31f23296cf54ef98c","root.record.ItemExhibitList.P3AModificationItemGroup.ModificationItemList.ModificationItem.Installation.ImplementationMethodList.ImplementationMethod"
"Air Force Active","","7","7","","","","","","","4.991","4.991","","","","","","2015-BASE_PROCUREMENT-2015-AIRFORCE_AIRCRAFT_VOL2-PROCUREMENT_JustificationBook_Air_Force_PB_2015.zzz_unzipped-PROCUREMENT_JustificationBook_Air_Force_PB_2015.xml","37a9176d6819849bcd695141407bcbea7c3c0b02a6c4bbb6d05d22c664d601c4","0-060fd0bf6792258c8839a6648dfd4be318cf3cd0cf6ad6c6dcd97f81787077b6","0-15c119a59ee987e3d20b0b442790c003eeb429a99c5b45b5d4c91ce01bbadb6c","root.record.ItemExhibitList.P3AModificationItemGroup.ModificationItemList.ModificationItem.Installation.ImplementationMethodList.ImplementationMethod"
"Air Force Active","","10","10","","","","","","","1.217","1.217","","","","","","2015-BASE_PROCUREMENT-2015-AIRFORCE_AIRCRAFT_VOL2-PROCUREMENT_JustificationBook_Air_Force_PB_2015.zzz_unzipped-PROCUREMENT_JustificationBook_Air_Force_PB_2015.xml","37a9176d6819849bcd695141407bcbea7c3c0b02a6c4bbb6d05d22c664d601c4","0-b67eb47f378f661060849485f5368ac46a900e879762208b2efcf198e386cefb","0-54b03209df1f993e8c21e922ad79649d41aef5af8f8900242fc82d038743bad2","root.record.ItemExhibitList.P3AModificationItemGroup.ModificationItemList.ModificationItem.Installation.ImplementationMethodList.ImplementationMethod"
"Air Force Active","50","","","","","","","","2.202","","","","","","","","2015-BASE_PROCUREMENT-2015-AIRFORCE_AIRCRAFT_VOL2-PROCUREMENT_JustificationBook_Air_Force_PB_2015.zzz_unzipped-PROCUREMENT_JustificationBook_Air_Force_PB_2015.xml","37a9176d6819849bcd695141407bcbea7c3c0b02a6c4bbb6d05d22c664d601c4","0-b0951e5e8e60f8f614b2a6f388b992245412cfd839f1b4c1c180d0605beb2f93","0-e23c7a3a0ebdb9f1527f729cebd9e87fe76f247dac97f74f6735eab36ea2de28","root.record.ItemExhibitList.P3AModificationItemGroup.ModificationItemList.ModificationItem.Installation.ImplementationMethodList.ImplementationMethod"
"Air National Guard","","","","","2","9","","","","","","","0.778","4.179","","","2015-BASE_PROCUREMENT-2015-AIRFORCE_AIRCRAFT_VOL2-PROCUREMENT_JustificationBook_Air_Force_PB_2015.zzz_unzipped-PROCUREMENT_JustificationBook_Air_Force_PB_2015.xml","a8005ce497b4d26a96a0a73b3a202cd9ad0d2cb8833efae151bef5451667fd9e","0-2fb05b6f522948ab7bc4f7e8e0b005aff70b9537042946fa74309c442d2e9528","0-f1693bd8b2a6ed507883f51a453a43e6798f7776ebb20a67a50abd443d3305c2","root.record.ItemExhibitList.P3AModificationItemGroup.ModificationItemList.ModificationItem.Installation.ImplementationMethodList.ImplementationMethod"
"Air Force Active","","","","442","","","","","","","","59.508","","","","","2015-BASE_PROCUREMENT-2015-AIRFORCE_AIRCRAFT_VOL2-PROCUREMENT_JustificationBook_Air_Force_PB_2015.zzz_unzipped-PROCUREMENT_JustificationBook_Air_Force_PB_2015.xml","a8005ce497b4d26a96a0a73b3a202cd9ad0d2cb8833efae151bef5451667fd9e","0-8d4caa30352863508ed4e8e4515e0aa783296791ce7a3803cf312f37e30940a3","1-5dee2a810f4edde8436abeb849a5e0095cfbcf74814bc1c5b672abc7845da710","root.record.ItemExhibitList.P3AModificationItemGroup.ModificationItemList.ModificationItem.Installation.ImplementationMethodList.ImplementationMethod"
"Air National Guard","","","","59","","","","","","","","2.6","","","","","2015-BASE_PROCUREMENT-2015-AIRFORCE_AIRCRAFT_VOL2-PROCUREMENT_JustificationBook_Air_Force_PB_2015.zzz_unzipped-PROCUREMENT_JustificationBook_Air_Force_PB_2015.xml","a8005ce497b4d26a96a0a73b3a202cd9ad0d2cb8833efae151bef5451667fd9e","1-a68304a41ebe21ad3957e07d48acafad09b9b79a7849f9a6d998fea95b4a7fae","1-5dee2a810f4edde8436abeb849a5e0095cfbcf74814bc1c5b672abc7845da710","root.record.ItemExhibitList.P3AModificationItemGroup.ModificationItemList.ModificationItem.Installation.ImplementationMethodList.ImplementationMethod"
"Air Force Active","100","","","","","","","","4.667","","","","","","","","2015-BASE_PROCUREMENT-2015-AIRFORCE_AIRCRAFT_VOL2-PROCUREMENT_JustificationBook_Air_Force_PB_2015.zzz_unzipped-PROCUREMENT_JustificationBook_Air_Force_PB_2015.xml","a8005ce497b4d26a96a0a73b3a202cd9ad0d2cb8833efae151bef5451667fd9e","0-1110aa9184c5fb0d1789c7b1f11b5652d8a4de9042013ed82117de4c1f2b42b0","1-be8b1aeb035d93f3b922bb8ca1bd57c3fa1274cbe7f118a05ece904c14087577","root.record.ItemExhibitList.P3AModificationItemGroup.ModificationItemList.ModificationItem.Installation.ImplementationMethodList.ImplementationMethod"
"Air National Guard","96","","","","","","","","0.069","","","","","","","","2015-BASE_PROCUREMENT-2015-AIRFORCE_AIRCRAFT_VOL2-PROCUREMENT_JustificationBook_Air_Force_PB_2015.zzz_unzipped-PROCUREMENT_JustificationBook_Air_Force_PB_2015.xml","a8005ce497b4d26a96a0a73b3a202cd9ad0d2cb8833efae151bef5451667fd9e","1-217a6e20b352efc3213dc3b93fef8ba0f4a8de03bfd44972531d37073fac5d22","1-be8b1aeb035d93f3b922bb8ca1bd57c3fa1274cbe7f118a05ece904c14087577","root.record.ItemExhibitList.P3AModificationItemGroup.ModificationItemList.ModificationItem.Installation.ImplementationMethodList.ImplementationMethod"
"Air Force Active","15","15","15","","","","","","16.341","18.019","18.019","","","","","","2015-BASE_PROCUREMENT-2015-AIRFORCE_AIRCRAFT_VOL2-PROCUREMENT_JustificationBook_Air_Force_PB_2015.zzz_unzipped-PROCUREMENT_JustificationBook_Air_Force_PB_2015.xml","a8005ce497b4d26a96a0a73b3a202cd9ad0d2cb8833efae151bef5451667fd9e","0-dcab52b44ceb904d987e0c98007c95036358586fb59fda926627b46fe7236fdc","0-3f51c11670229c2d2478294bc8fb78deed232b40894d82891c2d67dfc1a8b876","root.record.ItemExhibitList.P3AModificationItemGroup.ModificationItemList.ModificationItem.Installation.ImplementationMethodList.ImplementationMethod"
"Air National Guard","3","","","","","","","","5.727","","","","","","","","2015-BASE_PROCUREMENT-2015-AIRFORCE_AIRCRAFT_VOL2-PROCUREMENT_JustificationBook_Air_Force_PB_2015.zzz_unzipped-PROCUREMENT_JustificationBook_Air_Force_PB_2015.xml","a8005ce497b4d26a96a0a73b3a202cd9ad0d2cb8833efae151bef5451667fd9e","1-9e370cd0b672ed584a72b60227df2e7dd03875c5b770ac852c0ec5e7fb606de6","0-3f51c11670229c2d2478294bc8fb78deed232b40894d82891c2d67dfc1a8b876","root.record.ItemExhibitList.P3AModificationItemGroup.ModificationItemList.ModificationItem.Installation.ImplementationMethodList.ImplementationMethod"
"Air Force Active","12","","","","","","","","8.84","","","","","","","","2015-BASE_PROCUREMENT-2015-AIRFORCE_AIRCRAFT_VOL2-PROCUREMENT_JustificationBook_Air_Force_PB_2015.zzz_unzipped-PROCUREMENT_JustificationBook_Air_Force_PB_2015.xml","a8005ce497b4d26a96a0a73b3a202cd9ad0d2cb8833efae151bef5451667fd9e","0-5aac563fbdc57f1245727b3f92869a600c53ef7a0ce3592c3bd1bd97bb754bcf","0-773a2cd280852138968047dacf9dff1a08c555cc3154e86c055ee50be0440ff6","root.record.ItemExhibitList.P3AModificationItemGroup.ModificationItemList.ModificationItem.Installation.ImplementationMethodList.ImplementationMethod"
"Air Force Active","1","8","8","","","","","","0.9","6.718","6.718","","","","","","2015-BASE_PROCUREMENT-2015-AIRFORCE_AIRCRAFT_VOL2-PROCUREMENT_MasterJustificationBook_Air_Force_PB_2015.zzz_unzipped-PROCUREMENT_MasterJustificationBook_Air_Force_PB_2015.xml","ca9f1e9f848e67edf7e34b76ad9b05e59dfcbeb190b54cb2ec2a178aeaaa3bfa","0-5eaf9e5d654ca9b68a422ca9260c65c71103a73bd84aef58ae0c7ed58e1ca7b1","0-3d84844705553cc2a3ca31a118c7c5cb9eb1aa79330b2c0e8a212d713bd1c9cf","root.record.ItemExhibitList.P3AModificationItemGroup.ModificationItemList.ModificationItem.Installation.ImplementationMethodList.ImplementationMethod"
"Air Force Active","","2","2","","","","","","","0.66","0.66","","","","","","2015-BASE_PROCUREMENT-2015-AIRFORCE_AIRCRAFT_VOL2-PROCUREMENT_MasterJustificationBook_Air_Force_PB_2015.zzz_unzipped-PROCUREMENT_MasterJustificationBook_Air_Force_PB_2015.xml","ca9f1e9f848e67edf7e34b76ad9b05e59dfcbeb190b54cb2ec2a178aeaaa3bfa","0-7a7c56e8531af0ab139c3a1617fcf41059cc9b7a58fa7866c419151f642eb905","1-d954946a3655b52ffd6abf42ea47ae4ac8988b2e1047595ff99e253249aeb4e2","root.record.ItemExhibitList.P3AModificationItemGroup.ModificationItemList.ModificationItem.Installation.ImplementationMethodList.ImplementationMethod"
"Air Force Active","6","","","","","","","","149.612","","","","","","","","2015-BASE_PROCUREMENT-2015-AIRFORCE_AIRCRAFT_VOL2-PROCUREMENT_MasterJustificationBook_Air_Force_PB_2015.zzz_unzipped-PROCUREMENT_MasterJustificationBook_Air_Force_PB_2015.xml","aa1014d1730217cf58bd0eb1cf9155036af0caca57bd2ece54304d573c8411a2","0-1b4acc4fd5a308d7f197b97413f5a30a519408070291cb0e7fc63f70e1f19192","0-3b72e658543370cbcca3b0ee69a9bbeb07834fddf1e52276fe15db49917dbe8b","root.record.ItemExhibitList.P3AModificationItemGroup.ModificationItemList.ModificationItem.Installation.ImplementationMethodList.ImplementationMethod"
"Air Force Reserve","5","","","","","","","","124.676","","","","","","","","2015-BASE_PROCUREMENT-2015-AIRFORCE_AIRCRAFT_VOL2-PROCUREMENT_MasterJustificationBook_Air_Force_PB_2015.zzz_unzipped-PROCUREMENT_MasterJustificationBook_Air_Force_PB_2015.xml","aa1014d1730217cf58bd0eb1cf9155036af0caca57bd2ece54304d573c8411a2","1-0c6d8d8a15e76f1791dc87ba9036ec7512211b48c417cd791d082480586e7f96","0-3b72e658543370cbcca3b0ee69a9bbeb07834fddf1e52276fe15db49917dbe8b","root.record.ItemExhibitList.P3AModificationItemGroup.ModificationItemList.ModificationItem.Installation.ImplementationMethodList.ImplementationMethod"
"Air Force Active","","17","17","","","","","","","3.844","3.844","","","","","","2015-BASE_PROCUREMENT-2015-AIRFORCE_AIRCRAFT_VOL2-PROCUREMENT_MasterJustificationBook_Air_Force_PB_2015.zzz_unzipped-PROCUREMENT_MasterJustificationBook_Air_Force_PB_2015.xml","e0b4c68aca5bcb28bf2a8d6314af11bf878587e1d5636a46ade0d81891a819a1","0-0bb21b78b2cfd463765fc50c094e6aa5756aca314053cf00f171822b82d1f393","0-17acfc649e72714542c029c9e3f28c96e5e09de02fce2b213fff0f255a981829","root.record.ItemExhibitList.P3AModificationItemGroup.ModificationItemList.ModificationItem.Installation.ImplementationMethodList.ImplementationMethod"
"Air National Guard","","3","3","","","","","","","0.678","0.678","","","","","","2015-BASE_PROCUREMENT-2015-AIRFORCE_AIRCRAFT_VOL2-PROCUREMENT_MasterJustificationBook_Air_Force_PB_2015.zzz_unzipped-PROCUREMENT_MasterJustificationBook_Air_Force_PB_2015.xml","e0b4c68aca5bcb28bf2a8d6314af11bf878587e1d5636a46ade0d81891a819a1","1-0468553d0e2ba43d976467bc43f7d27043e7f4cd9186f0997ed2b06d373c8667","0-17acfc649e72714542c029c9e3f28c96e5e09de02fce2b213fff0f255a981829","root.record.ItemExhibitList.P3AModificationItemGroup.ModificationItemList.ModificationItem.Installation.ImplementationMethodList.ImplementationMethod"
"Air Force Reserve","","4","4","","","","","","","0.906","0.906","","","","","","2015-BASE_PROCUREMENT-2015-AIRFORCE_AIRCRAFT_VOL2-PROCUREMENT_MasterJustificationBook_Air_Force_PB_2015.zzz_unzipped-PROCUREMENT_MasterJustificationBook_Air_Force_PB_2015.xml","e0b4c68aca5bcb28bf2a8d6314af11bf878587e1d5636a46ade0d81891a819a1","2-1d7e01991f7ec62d749aa75b29a3fe3503afef729b89afebd92445539ff7ecd4","0-17acfc649e72714542c029c9e3f28c96e5e09de02fce2b213fff0f255a981829","root.record.ItemExhibitList.P3AModificationItemGroup.ModificationItemList.ModificationItem.Installation.ImplementationMethodList.ImplementationMethod"
"Air Force Active","6","30","30","","","","","","2.187","9.615","9.615","","","","","","2015-BASE_PROCUREMENT-2015-AIRFORCE_AIRCRAFT_VOL2-PROCUREMENT_MasterJustificationBook_Air_Force_PB_2015.zzz_unzipped-PROCUREMENT_MasterJustificationBook_Air_Force_PB_2015.xml","e0b4c68aca5bcb28bf2a8d6314af11bf878587e1d5636a46ade0d81891a819a1","0-777e12bdf2a9abc4c2cd1f31ab484af781782dda12a736adab544421d1a66a36","0-92ccd37b067af446071a8c1eaf4c3f8926e9c6d530b5f5210f37b2a30dc6fa67","root.record.ItemExhibitList.P3AModificationItemGroup.ModificationItemList.ModificationItem.Installation.ImplementationMethodList.ImplementationMethod"
"Air National Guard","","6","6","","","","","","","1.923","1.923","","","","","","2015-BASE_PROCUREMENT-2015-AIRFORCE_AIRCRAFT_VOL2-PROCUREMENT_MasterJustificationBook_Air_Force_PB_2015.zzz_unzipped-PROCUREMENT_MasterJustificationBook_Air_Force_PB_2015.xml","e0b4c68aca5bcb28bf2a8d6314af11bf878587e1d5636a46ade0d81891a819a1","1-17acae1c6be06ef4f51077c9589107657ab05356f32136a270d5f8a0b9c1b2e6","0-92ccd37b067af446071a8c1eaf4c3f8926e9c6d530b5f5210f37b2a30dc6fa67","root.record.ItemExhibitList.P3AModificationItemGroup.ModificationItemList.ModificationItem.Installation.ImplementationMethodList.ImplementationMethod"
"Air Force Reserve","","30","30","","","","","","","9.615","9.615","","","","","","2015-BASE_PROCUREMENT-2015-AIRFORCE_AIRCRAFT_VOL2-PROCUREMENT_MasterJustificationBook_Air_Force_PB_2015.zzz_unzipped-PROCUREMENT_MasterJustificationBook_Air_Force_PB_2015.xml","e0b4c68aca5bcb28bf2a8d6314af11bf878587e1d5636a46ade0d81891a819a1","2-def25a4a049b6ef8fa9235c82b2161954318d8c6a9904caeb6c1b30fd821d7f9","0-92ccd37b067af446071a8c1eaf4c3f8926e9c6d530b5f5210f37b2a30dc6fa67","root.record.ItemExhibitList.P3AModificationItemGroup.ModificationItemList.ModificationItem.Installation.ImplementationMethodList.ImplementationMethod"
"Air Force Active","38","","","","","","","","1.447","","","","","","","","2015-BASE_PROCUREMENT-2015-AIRFORCE_AIRCRAFT_VOL2-PROCUREMENT_MasterJustificationBook_Air_Force_PB_2015.zzz_unzipped-PROCUREMENT_MasterJustificationBook_Air_Force_PB_2015.xml","e0b4c68aca5bcb28bf2a8d6314af11bf878587e1d5636a46ade0d81891a819a1","0-99d8aae604b65ccf6fce374fffaba58838ee62ea0efd0cbe777b48bc7a4a17bf","0-b81f13463005e71570a047981b253f02fbe4cc39837600cb35f18c9a1fbef59e","root.record.ItemExhibitList.P3AModificationItemGroup.ModificationItemList.ModificationItem.Installation.ImplementationMethodList.ImplementationMethod"
"Air Force Active","38","","","","","","","","0.000","","","","","","","","2015-BASE_PROCUREMENT-2015-AIRFORCE_AIRCRAFT_VOL2-PROCUREMENT_MasterJustificationBook_Air_Force_PB_2015.zzz_unzipped-PROCUREMENT_MasterJustificationBook_Air_Force_PB_2015.xml","e0b4c68aca5bcb28bf2a8d6314af11bf878587e1d5636a46ade0d81891a819a1","0-3360775eb3d03b178c61d3a901e0018ddbc326916f4aae12f709a5a8b5b81f2f","0-da1dff5f54b317c6ad175aab9baf24745c64c92e6b8452ca9dd2632500919dbf","root.record.ItemExhibitList.P3AModificationItemGroup.ModificationItemList.ModificationItem.Installation.ImplementationMethodList.ImplementationMethod"
"Air Force Active","","0","0","0","","","","","","0.913","0.913","4.992","","","","","2015-BASE_PROCUREMENT-2015-AIRFORCE_AIRCRAFT_VOL2-PROCUREMENT_MasterJustificationBook_Air_Force_PB_2015.zzz_unzipped-PROCUREMENT_MasterJustificationBook_Air_Force_PB_2015.xml","915b03b5c79079cef74c1f5fed99ff94d2a961666ffa690a638fb838766b41c1","0-304c8bc0c9bd16c4b02f657723ee613d43c5047fb511d4a5a084618357222a8e","0-e3fe343f3f74ffade3f8937a2543b788e637c56366345c920bb88052daab1fd0","root.record.ItemExhibitList.P3AModificationItemGroup.ModificationItemList.ModificationItem.Installation.ImplementationMethodList.ImplementationMethod"
"Air National Guard","","","","0","","","","","","","","1.664","","","","","2015-BASE_PROCUREMENT-2015-AIRFORCE_AIRCRAFT_VOL2-PROCUREMENT_MasterJustificationBook_Air_Force_PB_2015.zzz_unzipped-PROCUREMENT_MasterJustificationBook_Air_Force_PB_2015.xml","915b03b5c79079cef74c1f5fed99ff94d2a961666ffa690a638fb838766b41c1","1-17f6d449faaff5cd428e6c18ccfa8cc383657716980891256af5a15c8c44cf88","0-e3fe343f3f74ffade3f8937a2543b788e637c56366345c920bb88052daab1fd0","root.record.ItemExhibitList.P3AModificationItemGroup.ModificationItemList.ModificationItem.Installation.ImplementationMethodList.ImplementationMethod"
"Air Force Reserve","","","","0","","","","","","","","0.832","","","","","2015-BASE_PROCUREMENT-2015-AIRFORCE_AIRCRAFT_VOL2-PROCUREMENT_MasterJustificationBook_Air_Force_PB_2015.zzz_unzipped-PROCUREMENT_MasterJustificationBook_Air_Force_PB_2015.xml","915b03b5c79079cef74c1f5fed99ff94d2a961666ffa690a638fb838766b41c1","2-db48fa0fedc34c7d6284292340733cc5337905d6b783bada2a90f11597e8328b","0-e3fe343f3f74ffade3f8937a2543b788e637c56366345c920bb88052daab1fd0","root.record.ItemExhibitList.P3AModificationItemGroup.ModificationItemList.ModificationItem.Installation.ImplementationMethodList.ImplementationMethod"
"Air Force Active","","","","0","","","","","","","","0.385","","","","","2015-BASE_PROCUREMENT-2015-AIRFORCE_AIRCRAFT_VOL2-PROCUREMENT_MasterJustificationBook_Air_Force_PB_2015.zzz_unzipped-PROCUREMENT_MasterJustificationBook_Air_Force_PB_2015.xml","915b03b5c79079cef74c1f5fed99ff94d2a961666ffa690a638fb838766b41c1","0-458f49f9e088b9cb73efe3de1c6d1b0585b94c7407ee707e7373596e6ee36048","0-847bed60518706a01addaf1ef2118d942449127252048dad78e6d94b6b8bb485","root.record.ItemExhibitList.P3AModificationItemGroup.ModificationItemList.ModificationItem.Installation.ImplementationMethodList.ImplementationMethod"
"Air Force Active","","0","0","","2","3","0","0","","4.975","4.975","","12.483","0.000","0.000","0.000","2015-BASE_PROCUREMENT-2015-AIRFORCE_AIRCRAFT_VOL2-PROCUREMENT_MasterJustificationBook_Air_Force_PB_2015.zzz_unzipped-PROCUREMENT_MasterJustificationBook_Air_Force_PB_2015.xml","f589edbc06d76a4949c8665cea83963e382985d5b4eea11b3a6abcd51d15beb8","0-daaa4a492b1efc5dffbf9ba816bf5370e80b7888fb7ba35a9db4e9a59998c43d","0-61679f48e3c06100fcc22c3e815eacd438d83b89a10ce44f1daae1ef2dbabb94","root.record.ItemExhibitList.P3AModificationItemGroup.ModificationItemList.ModificationItem.Installation.ImplementationMethodList.ImplementationMethod"
"Air Force Active","","8","8","","","","","","","4.179","4.179","","","","","","2015-BASE_PROCUREMENT-2015-AIRFORCE_AIRCRAFT_VOL2-PROCUREMENT_MasterJustificationBook_Air_Force_PB_2015.zzz_unzipped-PROCUREMENT_MasterJustificationBook_Air_Force_PB_2015.xml","1d0ff418bd7c6cd4e0e89bd791631b1a3c0f2af4c9f1aa7bb064636a8d9f282b","0-bd884158a0be0eb738a9ba759914171a9330efdde3f537f81f84b13a7b6bdc71","0-f2f89d4a8676a882a60a0062834e7fda59a0c95fe71eb0553065a1f7a53f7902","root.record.ItemExhibitList.P3AModificationItemGroup.ModificationItemList.ModificationItem.Installation.ImplementationMethodList.ImplementationMethod"
"Air National Guard","","8","8","","","","","","","4.179","4.179","","","","","","2015-BASE_PROCUREMENT-2015-AIRFORCE_AIRCRAFT_VOL2-PROCUREMENT_MasterJustificationBook_Air_Force_PB_2015.zzz_unzipped-PROCUREMENT_MasterJustificationBook_Air_Force_PB_2015.xml","1d0ff418bd7c6cd4e0e89bd791631b1a3c0f2af4c9f1aa7bb064636a8d9f282b","1-654dab754a9428c6f834fcb9d24852b5c0e28f879058d0a2864a48b59db2d098","0-f2f89d4a8676a882a60a0062834e7fda59a0c95fe71eb0553065a1f7a53f7902","root.record.ItemExhibitList.P3AModificationItemGroup.ModificationItemList.ModificationItem.Installation.ImplementationMethodList.ImplementationMethod"
"Air Force Reserve","","3","3","","","","","","","1.568","1.568","","","","","","2015-BASE_PROCUREMENT-2015-AIRFORCE_AIRCRAFT_VOL2-PROCUREMENT_MasterJustificationBook_Air_Force_PB_2015.zzz_unzipped-PROCUREMENT_MasterJustificationBook_Air_Force_PB_2015.xml","1d0ff418bd7c6cd4e0e89bd791631b1a3c0f2af4c9f1aa7bb064636a8d9f282b","2-0488cae001f4a0b5a0e4d7b330f07bd6e09070b6bfc96350c4f67199d8706081","0-f2f89d4a8676a882a60a0062834e7fda59a0c95fe71eb0553065a1f7a53f7902","root.record.ItemExhibitList.P3AModificationItemGroup.ModificationItemList.ModificationItem.Installation.ImplementationMethodList.ImplementationMethod"
"Air Force Active","","7","7","","","","","","","4.991","4.991","","","","","","2015-BASE_PROCUREMENT-2015-AIRFORCE_AIRCRAFT_VOL2-PROCUREMENT_MasterJustificationBook_Air_Force_PB_2015.zzz_unzipped-PROCUREMENT_MasterJustificationBook_Air_Force_PB_2015.xml","855eae1cbb61b6501bc214ee71975773395e237741d724826b960bf4c434431a","0-327814d46d908b07f6e8076459aed6a707156a9503b05978a52a373acb2d9e0f","0-4448274128343a717941f5817a3a10a2edf9f5e9a057e1cc204b63afd7709f2d","root.record.ItemExhibitList.P3AModificationItemGroup.ModificationItemList.ModificationItem.Installation.ImplementationMethodList.ImplementationMethod"
"Air Force Active","","10","10","","","","","","","1.217","1.217","","","","","","2015-BASE_PROCUREMENT-2015-AIRFORCE_AIRCRAFT_VOL2-PROCUREMENT_MasterJustificationBook_Air_Force_PB_2015.zzz_unzipped-PROCUREMENT_MasterJustificationBook_Air_Force_PB_2015.xml","855eae1cbb61b6501bc214ee71975773395e237741d724826b960bf4c434431a","0-3ca8fa1b060c37adad2f3d0e6cb12f68f1f46d1d8c8f1d4837de6191ead786ca","0-411344932978c39a5985e767a845c0a75fcb8afded96f713241dd504ec7ff7e2","root.record.ItemExhibitList.P3AModificationItemGroup.ModificationItemList.ModificationItem.Installation.ImplementationMethodList.ImplementationMethod"
"Air Force Active","50","","","","","","","","2.202","","","","","","","","2015-BASE_PROCUREMENT-2015-AIRFORCE_AIRCRAFT_VOL2-PROCUREMENT_MasterJustificationBook_Air_Force_PB_2015.zzz_unzipped-PROCUREMENT_MasterJustificationBook_Air_Force_PB_2015.xml","855eae1cbb61b6501bc214ee71975773395e237741d724826b960bf4c434431a","0-417fe15750ee7221759bc72419c3df9028ccd62c4ba22d0909a31b0b0a478e76","0-46b6fbb7cedddd0eeae79f0dc4a32f8991870343541c3b78f2584238a0e3667b","root.record.ItemExhibitList.P3AModificationItemGroup.ModificationItemList.ModificationItem.Installation.ImplementationMethodList.ImplementationMethod"
"Air National Guard","","","","","2","9","","","","","","","0.778","4.179","","","2015-BASE_PROCUREMENT-2015-AIRFORCE_AIRCRAFT_VOL2-PROCUREMENT_MasterJustificationBook_Air_Force_PB_2015.zzz_unzipped-PROCUREMENT_MasterJustificationBook_Air_Force_PB_2015.xml","e0999d2b89817dbe0cc954d07a44ef1ad1938f20a6bca9d4306e26527654e26d","0-e070b208a5b245daf7bcc03de3ce2e2767d253993fd5dd9d30fb6e3db6fc034d","0-63aa85493520c51219622c6f2fb791356f53aefa519d3f6d26019b4de8876d50","root.record.ItemExhibitList.P3AModificationItemGroup.ModificationItemList.ModificationItem.Installation.ImplementationMethodList.ImplementationMethod"
"Air Force Active","","","","442","","","","","","","","59.508","","","","","2015-BASE_PROCUREMENT-2015-AIRFORCE_AIRCRAFT_VOL2-PROCUREMENT_MasterJustificationBook_Air_Force_PB_2015.zzz_unzipped-PROCUREMENT_MasterJustificationBook_Air_Force_PB_2015.xml","e0999d2b89817dbe0cc954d07a44ef1ad1938f20a6bca9d4306e26527654e26d","0-cc3b46789549b42e8f612caf13750e926e5c834ab0945ab2afa7d99752081263","1-ea58b81d36374ce7bb959e32edb76535ca9cfebbf4bd2be34ec4042fb111fa18","root.record.ItemExhibitList.P3AModificationItemGroup.ModificationItemList.ModificationItem.Installation.ImplementationMethodList.ImplementationMethod"
"Air National Guard","","","","59","","","","","","","","2.6","","","","","2015-BASE_PROCUREMENT-2015-AIRFORCE_AIRCRAFT_VOL2-PROCUREMENT_MasterJustificationBook_Air_Force_PB_2015.zzz_unzipped-PROCUREMENT_MasterJustificationBook_Air_Force_PB_2015.xml","e0999d2b89817dbe0cc954d07a44ef1ad1938f20a6bca9d4306e26527654e26d","1-222d7de6d7054504734af1909347e53fff353571274e4004a119caa31a77b68b","1-ea58b81d36374ce7bb959e32edb76535ca9cfebbf4bd2be34ec4042fb111fa18","root.record.ItemExhibitList.P3AModificationItemGroup.ModificationItemList.ModificationItem.Installation.ImplementationMethodList.ImplementationMethod"
"Air Force Active","100","","","","","","","","4.667","","","","","","","","2015-BASE_PROCUREMENT-2015-AIRFORCE_AIRCRAFT_VOL2-PROCUREMENT_MasterJustificationBook_Air_Force_PB_2015.zzz_unzipped-PROCUREMENT_MasterJustificationBook_Air_Force_PB_2015.xml","e0999d2b89817dbe0cc954d07a44ef1ad1938f20a6bca9d4306e26527654e26d","0-c23e1894328fb2186141bd080cf4a4a4c894f9db900a5f68d4631dc36a159f86","1-ca1b16d1f897cceb92f76b819550f632f74f1343b3f31dd8254157fe65266755","root.record.ItemExhibitList.P3AModificationItemGroup.ModificationItemList.ModificationItem.Installation.ImplementationMethodList.ImplementationMethod"
"Air National Guard","96","","","","","","","","0.069","","","","","","","","2015-BASE_PROCUREMENT-2015-AIRFORCE_AIRCRAFT_VOL2-PROCUREMENT_MasterJustificationBook_Air_Force_PB_2015.zzz_unzipped-PROCUREMENT_MasterJustificationBook_Air_Force_PB_2015.xml","e0999d2b89817dbe0cc954d07a44ef1ad1938f20a6bca9d4306e26527654e26d","1-a9179f8d925ec7e0e59afac5bb1ad5d85b246ccd760de1341f9d5a39e5181ac4","1-ca1b16d1f897cceb92f76b819550f632f74f1343b3f31dd8254157fe65266755","root.record.ItemExhibitList.P3AModificationItemGroup.ModificationItemList.ModificationItem.Installation.ImplementationMethodList.ImplementationMethod"
"Air Force Active","15","15","15","","","","","","16.341","18.019","18.019","","","","","","2015-BASE_PROCUREMENT-2015-AIRFORCE_AIRCRAFT_VOL2-PROCUREMENT_MasterJustificationBook_Air_Force_PB_2015.zzz_unzipped-PROCUREMENT_MasterJustificationBook_Air_Force_PB_2015.xml","e0999d2b89817dbe0cc954d07a44ef1ad1938f20a6bca9d4306e26527654e26d","0-52ed68ad6cedb61a16a4a8db87b7156bab79ad7e6cf0d3fc017805d81f3f96d7","0-fe74bdd9d96310357eee4dbe80a14e066366eef6b80f3e7f41dd8b3c15fd9152","root.record.ItemExhibitList.P3AModificationItemGroup.ModificationItemList.ModificationItem.Installation.ImplementationMethodList.ImplementationMethod"
"Air National Guard","3","","","","","","","","5.727","","","","","","","","2015-BASE_PROCUREMENT-2015-AIRFORCE_AIRCRAFT_VOL2-PROCUREMENT_MasterJustificationBook_Air_Force_PB_2015.zzz_unzipped-PROCUREMENT_MasterJustificationBook_Air_Force_PB_2015.xml","e0999d2b89817dbe0cc954d07a44ef1ad1938f20a6bca9d4306e26527654e26d","1-a185cf7c133b0c6aa97b75fb14f8cd3397cc4deec4fb0a3376bc443af5ac4f75","0-fe74bdd9d96310357eee4dbe80a14e066366eef6b80f3e7f41dd8b3c15fd9152","root.record.ItemExhibitList.P3AModificationItemGroup.ModificationItemList.ModificationItem.Installation.ImplementationMethodList.ImplementationMethod"
"Air Force Active","12","","","","","","","","8.84","","","","","","","","2015-BASE_PROCUREMENT-2015-AIRFORCE_AIRCRAFT_VOL2-PROCUREMENT_MasterJustificationBook_Air_Force_PB_2015.zzz_unzipped-PROCUREMENT_MasterJustificationBook_Air_Force_PB_2015.xml","e0999d2b89817dbe0cc954d07a44ef1ad1938f20a6bca9d4306e26527654e26d","0-a4927aab9f140d6fca9b2338698dc1e804bc578f3e43982827c70db0d081ff8e","0-0851adbb001c0f1ec3295aca623f401d95b60e7b1f02ef0d6b7f457e2e6e8417","root.record.ItemExhibitList.P3AModificationItemGroup.ModificationItemList.ModificationItem.Installation.ImplementationMethodList.ImplementationMethod"
"Air Force Active","","","","20","","","","","","","","0.98","","","","","2015-BASE_PROCUREMENT-2015-AIRFORCE_OTHER-PROCUREMENT_JustificationBook_Air_Force_PB_2015.zzz_unzipped-PROCUREMENT_JustificationBook_Air_Force_PB_2015.xml","468bc985f6e66df36e06ea9a96c28ec64edcebf0d6674e83420127564b1094c0","0-2ec10c852eeecc45465a94cca08a8926601cba1037936189d1b23e1d8a8c4691","0-ba2e505dcf3b57aa565d62568d1d829e246326ea99e6cc7f9820b4fc6e7eb773","root.record.ItemExhibitList.P3AModificationItemGroup.ModificationItemList.ModificationItem.Installation.ImplementationMethodList.ImplementationMethod"
"Air Force Active","","","","20","","","","","","","","0.98","","","","","2015-BASE_PROCUREMENT-2015-AIRFORCE_OTHER-PROCUREMENT_MasterJustificationBook_Air_Force_PB_2015.zzz_unzipped-PROCUREMENT_MasterJustificationBook_Air_Force_PB_2015.xml","38574a0eb107b9f7269a65b5cd9e3370a0cecba368536b676cf0c3e78bac69ac","0-d8f1ff22d427dc10267ff516eb7a6e7db0be1c962bf108d2097f57f7424f5c05","0-bf94c54cace91a0d85b83cc8ea54381b4187ed75cfd1aef57de4ce7f53b5190a","root.record.ItemExhibitList.P3AModificationItemGroup.ModificationItemList.ModificationItem.Installation.ImplementationMethodList.ImplementationMethod"
"Air Force Active","","0","0","","2","3","0","0","","6.68","6.68","","12.483","0.000","0.000","0.000","2015-AMENDED_PROCUREMENT_AND_RDTE-2015-AIRFORCE_AMMO-PROCUREMENT_JustificationBook_Air_Force_PBAmended_2015.zzz_unzipped-PROCUREMENT_JustificationBook_Air_Force_PBAmended_2015.xml","3cdf5370d6aa06ad598534cb0c149c4f22f6fb738ead93645d4b6f4becdfa971","0-709471f3b0585542949ebc1505aa9326d0836c91d881df74bc56245ade4d6f4e","0-86a6f5c382993d5b009c1c076826f4076ebda6ee49a83b0d7c99b5aa8c5e1f0b","root.record.ItemExhibitList.P3AModificationItemGroup.ModificationItemList.ModificationItem.Installation.ImplementationMethodList.ImplementationMethod"
"Air Force Active","","0","0","","2","3","0","0","","6.68","6.68","","12.483","0.000","0.000","0.000","2015-AMENDED_PROCUREMENT_AND_RDTE-2015-AIRFORCE_AMMO-PROCUREMENT_MasterJustificationBook_Air_Force_PBAmended_2015.zzz_unzipped-PROCUREMENT_MasterJustificationBook_Air_Force_PBAmended_2015.xml","3422ac66d0ea6fb81b14f56ab36db4a0f72d47732900596259b15b9bc0499223","0-074e8cc559c05df1de92afc18c1682cf2a4ab281fa76d7734c66a7125040d72c","0-70bac1b1857387b01af872e958c588e363625760239f1e471326ee12b0c63875","root.record.ItemExhibitList.P3AModificationItemGroup.ModificationItemList.ModificationItem.Installation.ImplementationMethodList.ImplementationMethod"
