Name_val,WhenRequiredInMonths_val,Cost_AllPriorYears_TotalCost_val,Cost_PriorYear_TotalCost_val,Cost_CurrentYear_TotalCost_val,Cost_BudgetYearOne_TotalCost_val,Cost_BudgetYearOne_Quantity_val,Cost_BudgetYearTwo_TotalCost_val,Cost_BudgetYearThree_TotalCost_val,Cost_BudgetYearFour_TotalCost_val,Cost_BudgetYearFive_TotalCost_val,Cost_ToComplete_TotalCost_val,Cost_Total_TotalCost_val,@SOURCE_FILENAME,@RECORDID,@ROWID,ManufacturerList_P10Manufacturer_Name_val,ManufacturerList_P10Manufacturer_Location_val,ManufacturerList_P10Manufacturer_HistoryPlanningList_HistoryPlanning,ManufacturerList_P10Manufacturer_InitialQuantity_TotalLeadTimeAfterOct1InMonths_val,ManufacturerList_P10Manufacturer_ReorderQuantity_TotalLeadTimeAfterOct1InMonths_val,QuantityPerAssembly_val,@PARENTROWID,@PARENT
"Engines","0","156.482","55.081","50.375","64.548","","85.368","115.871","112.162","127.16","4289.291","5056.338","2013-BASE_PROCUREMENT-2013-AIRFORCE_AIRCRAFT_VOL1-JustificationBook_Air_Force_PB_2013.zzz_unzipped-JustificationBook_Air_Force_PB_2013.xml","dff12d9c9c56d1f1f59d6607af44ce23b8ed427d17b04c39d5703919f4248df7","0-b827d7c37edc04b1fc18c276072c0640d88e9fb6c6cd40026323dbdf0b6ee65b","","","","","","","49-7089ff2fe2b1358e72c301b3977903761a337157b3766c98013000c3b9107417","root"
"AVIONICS","0","37.969","0","0","0","","0","0","0","0","0","37.969","2013-BASE_PROCUREMENT-2013-AIRFORCE_AIRCRAFT_VOL1-JustificationBook_Air_Force_PB_2013.zzz_unzipped-JustificationBook_Air_Force_PB_2013.xml","05376c175814f9b1bb89efc528da9cdaa60ea9f85e3ebccd583936337bde3172","0-f1d495e7dd8dd383dfcc27615298630e293c0e8b3b395bb8334de3249e662de5","","","","","","","56-b4292f40a4d2969dbc00686b61e7918ce319c26f88f27364a41907dac1056724","root"
"Equipment","30","130","0","0","0","","0","0","0","0","0","130","2013-BASE_PROCUREMENT-2013-AIRFORCE_AIRCRAFT_VOL1-JustificationBook_Air_Force_PB_2013.zzz_unzipped-JustificationBook_Air_Force_PB_2013.xml","5de403107085bf74fb9fd40854df952a9081ddccb6363319c405b20f72d8dc83","0-02ffc99158152c892067eea903c3c3efecf43f9c324e4c538f1c785f96d2b46f","","","","","","","93-e729079dcc7f23a24f83ecfa56f86a7bac8a2a11a30d45253ac199339cdc9d64","root"
"Engines","0","156.482","55.081","50.375","64.548","","85.368","115.871","112.162","127.16","4289.291","5056.338","2013-BASE_PROCUREMENT-2013-AIRFORCE_AIRCRAFT_VOL2-MasterJustificationBook_Air_Force_PB_2013.zzz_unzipped-MasterJustificationBook_Air_Force_PB_2013.xml","cb5ffa2b00d81ff49048aa9fb66ff99640bed0266e3e03ecb1f23b38bf1313ae","0-26f4c5c81caf695fe7619f969b9acfd309d7f975325488bfebcb7ddcb16924fd","","","","","","","99-0cc7f6a9a700670ad93d63ce2e652b61dc05e020511d0a82981201c2b2c2c4ff","root"
"AVIONICS","0","37.969","0","0","0","","0","0","0","0","0","37.969","2013-BASE_PROCUREMENT-2013-AIRFORCE_AIRCRAFT_VOL2-MasterJustificationBook_Air_Force_PB_2013.zzz_unzipped-MasterJustificationBook_Air_Force_PB_2013.xml","83cdbed30cd2435e0ef690d322b3aa3d3dbd661f403d986c68db08c44173db9c","0-3c6e8d21f1d09a549ebaecde4caa20b47886974cc34a9a1920244fac57215ca2","","","","","","","106-5d1b278360dcd8d51fbd3da7fa53a61cb87cc542035e63d821fe21a8c27bc071","root"
"Equipment","30","130","0","0","0","","0","0","0","0","0","130","2013-BASE_PROCUREMENT-2013-AIRFORCE_AIRCRAFT_VOL2-MasterJustificationBook_Air_Force_PB_2013.zzz_unzipped-MasterJustificationBook_Air_Force_PB_2013.xml","9a2ba94a217d82096f332eb52ba7ddeaf76b99a2e5a89a7ed11986588d44548b","0-1918e6e0beab9b0ae6f34c8b8e16c74f8c7705950fdd655cd903b6f12a683333","","","","","","","141-d3c031e2749c801417754f7ef0e25fcf8cf0942860d1056e56d38f02e7ad5857","root"
"Engines","0","156.482","55.081","50.375","64.548","","85.368","115.871","112.162","127.16","4289.291","5056.338","2013-BASE_PROCUREMENT-2013-AIRFORCE_AIRCRAFT_VOL1-MasterJustificationBook_Air_Force_PB_2013.zzz_unzipped-MasterJustificationBook_Air_Force_PB_2013.xml","8ca272206c6b30f61972a00065d737d41c09597a3caeca5dca6f8e9b4d2b639e","0-4367598afd46d787273986791a6b196f0a539748d3019c5390183ee4eb217a43","","","","","","","147-92a7ff3e616f6cb75a28230e05dbec9506a96962374dcf3bad1ca7bfc560a9c3","root"
"AVIONICS","0","37.969","0","0","0","","0","0","0","0","0","37.969","2013-BASE_PROCUREMENT-2013-AIRFORCE_AIRCRAFT_VOL1-MasterJustificationBook_Air_Force_PB_2013.zzz_unzipped-MasterJustificationBook_Air_Force_PB_2013.xml","a81a42ae1db722058f6d5962d3234e2397b7cb620f8cd202f2f913551d1c3f6e","0-8877858603b8d711d6ebf3989c6b7bf65cb1b38211e2c16bdc11d8bd952c2bf0","","","","","","","154-e0f4d45aedbc5692ab8d5022ef91c569e73cb0fd4f53ea7748e361470d0b5c0f","root"
"Equipment","30","130","0","0","0","","0","0","0","0","0","130","2013-BASE_PROCUREMENT-2013-AIRFORCE_AIRCRAFT_VOL1-MasterJustificationBook_Air_Force_PB_2013.zzz_unzipped-MasterJustificationBook_Air_Force_PB_2013.xml","6d2a5a5d589018a44e3cbf52cb1c912bfc2ae7ebfa3167c185f32baeccefdb83","0-8bcdc0c98fa02b940decd2ea98796c50415c2a0f0f9a59e8eb3a9843e2737695","","","","","","","191-0b7cdad460e77e104f998e064624603485bb3587e17cd9b769f1328032662162","root"
"Engines","0","220.776","50.375","64.548","80.032","","106.215","112.162","127.16","129.449","4093.728","4984.445","2014-BASE_PROCUREMENT-2014-AIRFORCE_AIRCRAFT_VOL1-PROCUREMENT_JustificationBook_Air_Force_PB_2014.zzz_unzipped-PROCUREMENT_JustificationBook_Air_Force_PB_2014.xml","9b61234d81d63166f24ad258b5e55dffeec409e2dd27bb2645028bc0cc61d668","0-0ef74f397cb4822fa24d11fcb465a709afc98337ff736b14e8cfef83edbf1626","Pratt & Whitney","East Hartford, CT","","","","662-172e17db2b76d80ba2837ee82697e0c1f3a00fb24a234a4b081fb20a87a813b6","root"
"AVIONICS","0","37.969","0","0","0","","0","0","0","0","0","37.969","2014-BASE_PROCUREMENT-2014-AIRFORCE_AIRCRAFT_VOL1-PROCUREMENT_JustificationBook_Air_Force_PB_2014.zzz_unzipped-PROCUREMENT_JustificationBook_Air_Force_PB_2014.xml","2646edf56b0a2f35eb384cabca2534ac2cc070221cde934447c037bbc8c8d2fd","0-49b0086253da597956ed4c5b2543327ea91087594730a61520da534d9ffbce81","","","","","","","668-3ab73e93bdbe8d6237370ddf667e9fb1d1fe442cf41c5294c928bbfa78a6b4c6","root"
"Equipment","30","130","0","0","92","","0","0","0","0","0","222","2014-BASE_PROCUREMENT-2014-AIRFORCE_AIRCRAFT_VOL1-PROCUREMENT_JustificationBook_Air_Force_PB_2014.zzz_unzipped-PROCUREMENT_JustificationBook_Air_Force_PB_2014.xml","87fe378a0d0a4ac2bd7f5599a847577c8b84352d788084ef2c6af33bc809e3d3","0-50693ce1e512ad41490a79a039281779f09dc7dd12e80145d419c7d535cc5b0e","","","","","","","703-8042ce277aa9bd5ab9f5806eb2fcf662d18499f17e247acea5e7e998839eecbb","root"
"Equipment","12","0","0","0","48","","0","0","0","0","0","48","2014-BASE_PROCUREMENT-2014-AIRFORCE_AIRCRAFT_VOL1-PROCUREMENT_JustificationBook_Air_Force_PB_2014.zzz_unzipped-PROCUREMENT_JustificationBook_Air_Force_PB_2014.xml","dbfe8de14b0d32c628ed01d3914e078284fa20402d5b14399264b391cbf7da9d","0-97dc19adb00333fbbdfe08eba899ad9a5331e9666f2e80b8aa49591464efd9bd","","","","","","","705-98df304259dd5362ec6783fa66d50e128194cd15740e84a2ac27bdf2dc01f58c","root"
"Equipment","12","0","0","0","84","","0","0","0","0","0","84","2014-BASE_PROCUREMENT-2014-AIRFORCE_AIRCRAFT_VOL1-PROCUREMENT_JustificationBook_Air_Force_PB_2014.zzz_unzipped-PROCUREMENT_JustificationBook_Air_Force_PB_2014.xml","8006d245bd699020fdba3c4b1cd620c2f5d69d075a47574c25b22402c14a21e8","0-82bb4dcbe6881b675f4400ab8f700a9225c013ea7d39882892c0043e48e82ce8","","","","","","","707-e99b423671d16ef75043d00f51446eb79590b0ca84941b6857eee037a19bdd4a","root"
"Engines","0","220.776","50.375","64.548","80.032","","106.215","112.162","127.16","129.449","4093.728","4984.445","2014-BASE_PROCUREMENT-2014-AIRFORCE_AIRCRAFT_VOL2-PROCUREMENT_MasterJustificationBook_Air_Force_PB_2014.zzz_unzipped-PROCUREMENT_MasterJustificationBook_Air_Force_PB_2014.xml","49e6ebb877c28b1a5a5ad3ec630e9669d0f205b4790c66bd50e69d037f2b0687","0-7dd27f6a85747769f07eb3d249bc3095a71252c98addad47eb2f114bc47eab84","Pratt & Whitney","East Hartford, CT","","","","709-def9cbc81c3c29da7d517c042140e3031483cdc8ce9c5272e70e350d4cc54299","root"
"AVIONICS","0","37.969","0","0","0","","0","0","0","0","0","37.969","2014-BASE_PROCUREMENT-2014-AIRFORCE_AIRCRAFT_VOL2-PROCUREMENT_MasterJustificationBook_Air_Force_PB_2014.zzz_unzipped-PROCUREMENT_MasterJustificationBook_Air_Force_PB_2014.xml","87e6219c53a6a0e21d8cd2ef48641c364c0940e3ebc418f58e09ce6611c01b96","0-7fd904db7c25109df92a0a0223323b517d24a5eb31e0ede9295ed86a5bb3ab3f","","","","","","","715-c75243eb45c0cb2177d30851572b7544269fa6cab0eb23413ab1dcb0347ee43f","root"
"Equipment","30","130","0","0","92","","0","0","0","0","0","222","2014-BASE_PROCUREMENT-2014-AIRFORCE_AIRCRAFT_VOL2-PROCUREMENT_MasterJustificationBook_Air_Force_PB_2014.zzz_unzipped-PROCUREMENT_MasterJustificationBook_Air_Force_PB_2014.xml","488edd08a4134d4ef47f67932aa0e770dd42909fc6ec080a1be4113faa890508","0-292cb71c3386bc068bb3848d51d7136c4879b252ff1eb809f7bc1e00643ae1ca","","","","","","","750-ea232c1030c6a048a2a9239213060d710753a584a09c5d1dfbf304f2cf54cf11","root"
"Equipment","12","0","0","0","48","","0","0","0","0","0","48","2014-BASE_PROCUREMENT-2014-AIRFORCE_AIRCRAFT_VOL2-PROCUREMENT_MasterJustificationBook_Air_Force_PB_2014.zzz_unzipped-PROCUREMENT_MasterJustificationBook_Air_Force_PB_2014.xml","afff2db197154c64bd3603746babe747ea6f30fabb8f1dcbb90731d86f8fdd0a","0-11d71253f31c7d9b000a43d903fdde24dcce6bc5e6f3933d3042f59d06445d41","","","","","","","752-4f537ae5588a6b4edafc98672b73033547b9f92697b8face130b50a31f92c61e","root"
"Equipment","12","0","0","0","84","","0","0","0","0","0","84","2014-BASE_PROCUREMENT-2014-AIRFORCE_AIRCRAFT_VOL2-PROCUREMENT_MasterJustificationBook_Air_Force_PB_2014.zzz_unzipped-PROCUREMENT_MasterJustificationBook_Air_Force_PB_2014.xml","568274f6da4ae741bf3451b1e4bd1ce95232308fe969b118463d712471e787ca","0-4855ec2a77baef82560320aac2491ff64f80a885cbe4855c606145e47ccacf91","","","","","","","754-5f5e0a65a4f828df1e9e772d9c4b47e0a0a440277445c3b411820bb1818d1a8b","root"
"Engines","0","220.776","50.375","64.548","80.032","","106.215","112.162","127.16","129.449","4093.728","4984.445","2014-BASE_PROCUREMENT-2014-AIRFORCE_AIRCRAFT_VOL1-PROCUREMENT_MasterJustificationBook_Air_Force_PB_2014.zzz_unzipped-PROCUREMENT_MasterJustificationBook_Air_Force_PB_2014.xml","6ab9e29ac3b8aded689164aba8dab423bb75c52b5172bcd81d5d2ac7eeafb8ff","0-dd88b346649ef2945dccbe9a08d3969d082c19e7f1e9fcc3d8940bdcd38673c4","Pratt & Whitney","East Hartford, CT","","","","756-621aca992347edf0767db2052c1b7a192e5dc061e0d177538ba2b722cad6d0b5","root"
"AVIONICS","0","37.969","0","0","0","","0","0","0","0","0","37.969","2014-BASE_PROCUREMENT-2014-AIRFORCE_AIRCRAFT_VOL1-PROCUREMENT_MasterJustificationBook_Air_Force_PB_2014.zzz_unzipped-PROCUREMENT_MasterJustificationBook_Air_Force_PB_2014.xml","64862d5509d36b3dc25821d3aee2b698b642d9914a9acb94aba0df7947892b95","0-cd6f07605c0e25dd64e792ef56651727b98a8ff02ff3ff0a1a34e994f65fbef3","","","","","","","762-4989086ae04ec0c15dd5734584d3dbb75822889377d970775783e3dbdf4f9a18","root"
"Equipment","30","130","0","0","92","","0","0","0","0","0","222","2014-BASE_PROCUREMENT-2014-AIRFORCE_AIRCRAFT_VOL1-PROCUREMENT_MasterJustificationBook_Air_Force_PB_2014.zzz_unzipped-PROCUREMENT_MasterJustificationBook_Air_Force_PB_2014.xml","9de913aeb6567c0d4534e57110f9dda8f4ab9f2890ebec10995f16b0056b8d4a","0-3a2a54993d10bfe62506f22d9d003f19d0937916380bd50d80fb832580c381c0","","","","","","","797-a4a43a364a9d5793e405283a136c41261fd75b7bcc2b566856fb4476e7fc8046","root"
"Equipment","12","0","0","0","48","","0","0","0","0","0","48","2014-BASE_PROCUREMENT-2014-AIRFORCE_AIRCRAFT_VOL1-PROCUREMENT_MasterJustificationBook_Air_Force_PB_2014.zzz_unzipped-PROCUREMENT_MasterJustificationBook_Air_Force_PB_2014.xml","b4e943eafd3729a618b1044fb9e5de1dd8c175e919b52421689b90b7354dd0b6","0-202dd9ba7da0cbd5699be6354bad1500b299b879a8993bbfb65fadf9bcbe5db3","","","","","","","799-3bc966544ef15396432f37d12c073386d371d70e66961e419382e297e448871d","root"
"Equipment","12","0","0","0","84","","0","0","0","0","0","84","2014-BASE_PROCUREMENT-2014-AIRFORCE_AIRCRAFT_VOL1-PROCUREMENT_MasterJustificationBook_Air_Force_PB_2014.zzz_unzipped-PROCUREMENT_MasterJustificationBook_Air_Force_PB_2014.xml","1800a4a3cade962759517e8f30a849a8b21a34bb984d87d8abe05b8727f27625","0-f74b270df48fc068a35facbe33a3161d08140aab1583eb00f541d889193b33c0","","","","","","","801-d1602d61ff35653c8dc6e2593eb4fb2c9150c5fdc1fbb2b994bfa067370bc7e3","root"
"For FY 2013 EOQ/Long Lead","0","","","","0","0","","","","","","","2014-BASE_PROCUREMENT-2014-NAVY_AIRCRAFT_BA1-4-PROCUREMENT_JustificationBook_Navy_PB_2014.zzz_unzipped-PROCUREMENT_JustificationBook_Navy_PB_2014.xml","59eb071a2b8c27825df619eb2437ee7c5c84f3ba541674a32571545b2cf94550","0-585057e5acbfad4308dcda18589c593f68fe86338dd2cd9252e0300fb19b54dd","See End Item P5A","See End Item P5A","0","0","0","1557-ced96d51181f0dd6aa40aed9dfb7680b58ef2c962c806fe0b41347ac48770764","root"
"For FY 2014 EOQ/Long Lead","0","","","","0","0","","","","","","","2014-BASE_PROCUREMENT-2014-NAVY_AIRCRAFT_BA1-4-PROCUREMENT_JustificationBook_Navy_PB_2014.zzz_unzipped-PROCUREMENT_JustificationBook_Navy_PB_2014.xml","59eb071a2b8c27825df619eb2437ee7c5c84f3ba541674a32571545b2cf94550","1-8948076d74de532d255f15250e80b452440bfed7eef927d9ce57387f6ccc8109","See End Item P5A","See End Item P5A","0","0","0","1557-ced96d51181f0dd6aa40aed9dfb7680b58ef2c962c806fe0b41347ac48770764","root"
"For FY 2015 EOQ/Long Lead","0","","","","0","0","","","","","","","2014-BASE_PROCUREMENT-2014-NAVY_AIRCRAFT_BA1-4-PROCUREMENT_JustificationBook_Navy_PB_2014.zzz_unzipped-PROCUREMENT_JustificationBook_Navy_PB_2014.xml","59eb071a2b8c27825df619eb2437ee7c5c84f3ba541674a32571545b2cf94550","2-5230974f0c868beeb469c4be63173bbb55e9d93b11ba4fa109c50d1abb15aa9f","See End Item P5A","See End Item P5A","0","0","0","1557-ced96d51181f0dd6aa40aed9dfb7680b58ef2c962c806fe0b41347ac48770764","root"
"For FY 2016 EOQ/Long Lead","0","","","","0","0","","","","","","","2014-BASE_PROCUREMENT-2014-NAVY_AIRCRAFT_BA1-4-PROCUREMENT_JustificationBook_Navy_PB_2014.zzz_unzipped-PROCUREMENT_JustificationBook_Navy_PB_2014.xml","59eb071a2b8c27825df619eb2437ee7c5c84f3ba541674a32571545b2cf94550","3-d2ec0bfd54963a8978cdddef168e187ec5c688bd414f55c7afe82a762eac1f46","See End Item P5A","See End Item P5A","0","0","0","1557-ced96d51181f0dd6aa40aed9dfb7680b58ef2c962c806fe0b41347ac48770764","root"
"For FY 2017 EOQ/Long Lead","0","","","","0","0","","","","","","","2014-BASE_PROCUREMENT-2014-NAVY_AIRCRAFT_BA1-4-PROCUREMENT_JustificationBook_Navy_PB_2014.zzz_unzipped-PROCUREMENT_JustificationBook_Navy_PB_2014.xml","59eb071a2b8c27825df619eb2437ee7c5c84f3ba541674a32571545b2cf94550","4-aab5b93de260c95c134456df5973f0a45637ba39de86d8bb069969dffb88b663","See End Item P5A","See End Item P5A","0","0","0","1557-ced96d51181f0dd6aa40aed9dfb7680b58ef2c962c806fe0b41347ac48770764","root"
"Airframe For FY 2013 EOQ/Long Lead","0","","38.984","","0","0","","","","","","","2014-BASE_PROCUREMENT-2014-NAVY_AIRCRAFT_BA1-4-PROCUREMENT_JustificationBook_Navy_PB_2014.zzz_unzipped-PROCUREMENT_JustificationBook_Navy_PB_2014.xml","fca80c4a5bf23e192e9420dded4f49a1b46495e610d6495e88d6fe525d380853","0-e946bcd42931b0c580e6d93a01ed3968126c3aa3962978f3f09a3a9b6c8f00a8","See End Item P5A","See End Item P5A","25","25","0","1563-e3036d1ade786d351e46a5ba02c9a288f6759275e3160109e78eade4f93c63d3","root"
"Airframe For FY 2014 EOQ/Long Lead","0","","3.037","54.472","0","0","","","","","","","2014-BASE_PROCUREMENT-2014-NAVY_AIRCRAFT_BA1-4-PROCUREMENT_JustificationBook_Navy_PB_2014.zzz_unzipped-PROCUREMENT_JustificationBook_Navy_PB_2014.xml","fca80c4a5bf23e192e9420dded4f49a1b46495e610d6495e88d6fe525d380853","1-6f1b7dce3732620e88e625d7b1718c2e8396b616c09e39de966d222b0ace45e9","See End Item P5A","See End Item P5A","25","25","0","1563-e3036d1ade786d351e46a5ba02c9a288f6759275e3160109e78eade4f93c63d3","root"
"Airframe For FY 2015 EOQ/Long Lead","0","","1.961","4.047","91.031","0","","","","","","","2014-BASE_PROCUREMENT-2014-NAVY_AIRCRAFT_BA1-4-PROCUREMENT_JustificationBook_Navy_PB_2014.zzz_unzipped-PROCUREMENT_JustificationBook_Navy_PB_2014.xml","fca80c4a5bf23e192e9420dded4f49a1b46495e610d6495e88d6fe525d380853","2-e8030167ed570ec3261fa5952c75a2491cbe46a5e8fad9b5f86e9a33dff2a868","See End Item P5A","See End Item P5A","25","25","0","1563-e3036d1ade786d351e46a5ba02c9a288f6759275e3160109e78eade4f93c63d3","root"
"Airframe For FY 2016 EOQ/Long Lead","0","","2.338","3.737","3.775","0","","","","","","","2014-BASE_PROCUREMENT-2014-NAVY_AIRCRAFT_BA1-4-PROCUREMENT_JustificationBook_Navy_PB_2014.zzz_unzipped-PROCUREMENT_JustificationBook_Navy_PB_2014.xml","fca80c4a5bf23e192e9420dded4f49a1b46495e610d6495e88d6fe525d380853","3-2a9bf41f90e4d8ba9e95102e5e6d4db0a668615840d3fefbbfb077d4b4862f6c","See End Item P5A","See End Item P5A","25","25","0","1563-e3036d1ade786d351e46a5ba02c9a288f6759275e3160109e78eade4f93c63d3","root"
"CC/Avionics For FY 2013 EOQ/Long Lead","0","","59","","0","0","","","","","","","2014-BASE_PROCUREMENT-2014-NAVY_AIRCRAFT_BA1-4-PROCUREMENT_JustificationBook_Navy_PB_2014.zzz_unzipped-PROCUREMENT_JustificationBook_Navy_PB_2014.xml","fca80c4a5bf23e192e9420dded4f49a1b46495e610d6495e88d6fe525d380853","4-33a5061ed47f67a87e37531e1cff63838634bf19df16282c457acdea512d7044","See End Item P5A","See End Item P5A","32","32","0","1563-e3036d1ade786d351e46a5ba02c9a288f6759275e3160109e78eade4f93c63d3","root"
"CC/Avionics For FY 2014 EOQ/Long Lead","0","","55.586","25.249","0","0","","","","","","","2014-BASE_PROCUREMENT-2014-NAVY_AIRCRAFT_BA1-4-PROCUREMENT_JustificationBook_Navy_PB_2014.zzz_unzipped-PROCUREMENT_JustificationBook_Navy_PB_2014.xml","fca80c4a5bf23e192e9420dded4f49a1b46495e610d6495e88d6fe525d380853","5-ba8bcd39da2ecb2a22bccc7481fdeb2d6c304c01f19e79c230fb6075340b2a0e","See End Item P5A","See End Item P5A","32","32","0","1563-e3036d1ade786d351e46a5ba02c9a288f6759275e3160109e78eade4f93c63d3","root"
"CC/Avionics For FY 2015 EOQ/Long Lead","0","","4.5","70.673","40.051","0","","","","","","","2014-BASE_PROCUREMENT-2014-NAVY_AIRCRAFT_BA1-4-PROCUREMENT_JustificationBook_Navy_PB_2014.zzz_unzipped-PROCUREMENT_JustificationBook_Navy_PB_2014.xml","fca80c4a5bf23e192e9420dded4f49a1b46495e610d6495e88d6fe525d380853","6-e3a82c96088ba028f6014f444fbe7b692c2195320be200ba549a97639a6867cf","See End Item P5A","See End Item P5A","32","32","0","1563-e3036d1ade786d351e46a5ba02c9a288f6759275e3160109e78eade4f93c63d3","root"
"CC/Avionics For FY 2016 EOQ/Long Lead","0","","4.5","2","92.396","0","","","","","","","2014-BASE_PROCUREMENT-2014-NAVY_AIRCRAFT_BA1-4-PROCUREMENT_JustificationBook_Navy_PB_2014.zzz_unzipped-PROCUREMENT_JustificationBook_Navy_PB_2014.xml","fca80c4a5bf23e192e9420dded4f49a1b46495e610d6495e88d6fe525d380853","7-bde9acc3d27cf67ca3ea6a0d04eb34b2d56fa00447f1399514c9a7455dc3f52a","See End Item P5A","See End Item P5A","32","32","0","1563-e3036d1ade786d351e46a5ba02c9a288f6759275e3160109e78eade4f93c63d3","root"
"For FY 2013 EOQ/Long Lead","0","","","","0","0","","","","","","","2014-BASE_PROCUREMENT-2014-NAVY_AIRCRAFT_BA1-4-PROCUREMENT_JustificationBook_Navy_PB_2014.zzz_unzipped-PROCUREMENT_JustificationBook_Navy_PB_2014.xml","9153159fe86babf2338e4b160b0225ad806515ca1ccc0dbf362bf9b5e04bfffb","0-230bab3d94678664050d5f0d7f652dba1fd57baa45ea4bd24cf572e0ebd3bb8a","See End Item P5A","See End Item P5A","0","0","0","1565-619ee013d44571b1fc09308090a25a1850da873b3da78d309dda910812a7953f","root"
"For FY 2014 EOQ/Long Lead","0","","","","0","0","","","","","","","2014-BASE_PROCUREMENT-2014-NAVY_AIRCRAFT_BA1-4-PROCUREMENT_JustificationBook_Navy_PB_2014.zzz_unzipped-PROCUREMENT_JustificationBook_Navy_PB_2014.xml","9153159fe86babf2338e4b160b0225ad806515ca1ccc0dbf362bf9b5e04bfffb","1-be034635b57640dc6b34c352633d4f9f9af4e926db8500980627b16f785f7cd4","See End Item P5A","See End Item P5A","0","0","0","1565-619ee013d44571b1fc09308090a25a1850da873b3da78d309dda910812a7953f","root"
"For FY 2015 EOQ/Long Lead","0","","","","0","0","","","","","","","2014-BASE_PROCUREMENT-2014-NAVY_AIRCRAFT_BA1-4-PROCUREMENT_JustificationBook_Navy_PB_2014.zzz_unzipped-PROCUREMENT_JustificationBook_Navy_PB_2014.xml","9153159fe86babf2338e4b160b0225ad806515ca1ccc0dbf362bf9b5e04bfffb","2-b36dc807755f9b9824c632f38459329bc5c8a1484893d38657dce495403110e7","See End Item P5A","See End Item P5A","0","0","0","1565-619ee013d44571b1fc09308090a25a1850da873b3da78d309dda910812a7953f","root"
"For FY 2016 EOQ/Long Lead","0","","","","0","0","","","","","","","2014-BASE_PROCUREMENT-2014-NAVY_AIRCRAFT_BA1-4-PROCUREMENT_JustificationBook_Navy_PB_2014.zzz_unzipped-PROCUREMENT_JustificationBook_Navy_PB_2014.xml","9153159fe86babf2338e4b160b0225ad806515ca1ccc0dbf362bf9b5e04bfffb","3-8d78c1142dbde5de448b96057a10b243b4bb1186c24d672ef2435d910cac1cb3","See End Item P5A","See End Item P5A","0","0","0","1565-619ee013d44571b1fc09308090a25a1850da873b3da78d309dda910812a7953f","root"
"For FY 2017 EOQ/Long Lead","0","","","","0","0","","","","","","","2014-BASE_PROCUREMENT-2014-NAVY_AIRCRAFT_BA1-4-PROCUREMENT_JustificationBook_Navy_PB_2014.zzz_unzipped-PROCUREMENT_JustificationBook_Navy_PB_2014.xml","9153159fe86babf2338e4b160b0225ad806515ca1ccc0dbf362bf9b5e04bfffb","4-7a687e5b890a47fed30888520af410865c2b86b5ff55d704a432a010938fd00a","See End Item P5A","See End Item P5A","0","0","0","1565-619ee013d44571b1fc09308090a25a1850da873b3da78d309dda910812a7953f","root"
"EOQ","0","","","","20","0","","","","","","","2014-BASE_PROCUREMENT-2014-NAVY_AIRCRAFT_BA1-4-PROCUREMENT_JustificationBook_Navy_PB_2014.zzz_unzipped-PROCUREMENT_JustificationBook_Navy_PB_2014.xml","2ca0b177ff5773179adc68e99a8aa14d5082a81544df1d5d478b6a1901815e1a","0-c6cbfc7d7f7b42de942434cbcc31e7e27866975715bea78bed707d4a3cf5cd18","See End Item P5A","See End Item P5A","0","0","0","1571-ccf050cfea72c137b2c6e0720b9d43b65709341420aaaad87d76917910008c60","root"
"For FY13 EOQ/Long Lead","0","","","","0","0","","","","","","","2014-BASE_PROCUREMENT-2014-NAVY_AIRCRAFT_BA1-4-PROCUREMENT_JustificationBook_Navy_PB_2014.zzz_unzipped-PROCUREMENT_JustificationBook_Navy_PB_2014.xml","64929e2f3b423b633d4163e755851b1fd905e7aae3c16591258a0272ed89fca7","0-85b3c3df732406f451bb02996cc147f90c2d4650ae528f1a47733650d97ccb98","See End Item P5A","See End Item P5A","0","0","0","1573-83b927d844c81d193b49b2cab4dd3a610eae19bf3593fd3d9fc85ad3e34b3ef7","root"
"For FY14 EOQ/Long Lead","0","","","","0","0","","","","","","","2014-BASE_PROCUREMENT-2014-NAVY_AIRCRAFT_BA1-4-PROCUREMENT_JustificationBook_Navy_PB_2014.zzz_unzipped-PROCUREMENT_JustificationBook_Navy_PB_2014.xml","64929e2f3b423b633d4163e755851b1fd905e7aae3c16591258a0272ed89fca7","1-23d804bf8c35959d6b0bba685ba5d5ffe5ddd08ede6d75c96abf0cd2d9cf1d38","See End Item P5A","See End Item P5A","0","0","0","1573-83b927d844c81d193b49b2cab4dd3a610eae19bf3593fd3d9fc85ad3e34b3ef7","root"
"For FY15 EOQ/Long Lead","0","","","","0","0","","","","","","","2014-BASE_PROCUREMENT-2014-NAVY_AIRCRAFT_BA1-4-PROCUREMENT_JustificationBook_Navy_PB_2014.zzz_unzipped-PROCUREMENT_JustificationBook_Navy_PB_2014.xml","64929e2f3b423b633d4163e755851b1fd905e7aae3c16591258a0272ed89fca7","2-47c54d9e50e82d2059eaaf18663b82a0099d3b73d376d69e5e8fd8267f1662c7","See End Item P5A","See End Item P5A","0","0","0","1573-83b927d844c81d193b49b2cab4dd3a610eae19bf3593fd3d9fc85ad3e34b3ef7","root"
"For FY16 EOQ/Long Lead","0","","","","0","0","","","","","","","2014-BASE_PROCUREMENT-2014-NAVY_AIRCRAFT_BA1-4-PROCUREMENT_JustificationBook_Navy_PB_2014.zzz_unzipped-PROCUREMENT_JustificationBook_Navy_PB_2014.xml","64929e2f3b423b633d4163e755851b1fd905e7aae3c16591258a0272ed89fca7","3-663457732442b919cbaa5f1ca27f043105dcd865a9f4882d6441e89d9b8c6ffb","See End Item P5A","See End Item P5A","0","0","0","1573-83b927d844c81d193b49b2cab4dd3a610eae19bf3593fd3d9fc85ad3e34b3ef7","root"
"For FY17 EOQ/Long Lead","0","","","","0","0","","","","","","","2014-BASE_PROCUREMENT-2014-NAVY_AIRCRAFT_BA1-4-PROCUREMENT_JustificationBook_Navy_PB_2014.zzz_unzipped-PROCUREMENT_JustificationBook_Navy_PB_2014.xml","64929e2f3b423b633d4163e755851b1fd905e7aae3c16591258a0272ed89fca7","4-9b0e0949c02511acdc3d3315c18391e845db72b5504caf6163a82df559cd81f4","See End Item P5A","See End Item P5A","0","0","0","1573-83b927d844c81d193b49b2cab4dd3a610eae19bf3593fd3d9fc85ad3e34b3ef7","root"
"EOQ/Long Lead (Prior Years)","0","364.235","","","0","0","","","","","","","2014-BASE_PROCUREMENT-2014-NAVY_AIRCRAFT_BA1-4-PROCUREMENT_JustificationBook_Navy_PB_2014.zzz_unzipped-PROCUREMENT_JustificationBook_Navy_PB_2014.xml","049cb91018f89e9c503e94cc8bbd5cb09e1075dae1b2910caf7d2d2f90fe1cc2","0-ac4b8fd512c9bdf3b04d37dbbb1d242bde39dfcba267108f7908eb737082a229","See End Item P5A","See End Item P5A","0","0","0","1577-b8a2b7f4568629ec9953417974e7b21ef842813d7228fa9ef5ce63967e35a4e1","root"
