Name_val,IdCode_val,Cost_AllPriorYears_TotalCost_val,Cost_AllPriorYears_UnitCost_val,Cost_AllPriorYears_Quantity_val,Cost_PriorYear_TotalCost_val,Cost_CurrentYear_TotalCost_val,Cost_BudgetYearOneBase_TotalCost_val,Cost_BudgetYearOneOCO_TotalCost_val,Cost_BudgetYearOne_TotalCost_val,Cost_ToComplete_TotalCost_val,Cost_Total_TotalCost_val,Cost_Total_UnitCost_val,Cost_Total_Quantity_val,Cost_BudgetYearTwo_TotalCost_val,Cost_BudgetYearThree_TotalCost_val,Cost_BudgetYearFour_TotalCost_val,Cost_BudgetYearFive_TotalCost_val,Cost_TotalCost_AllPriorYears_val,Cost_TotalCost_ToComplete_val,Cost_TotalCost_Total_val,Cost_TotalCost_PriorYear_val,Cost_TotalCost_CurrentYear_val,Cost_TotalCost_BudgetYearOneBase_val,Cost_TotalCost_BudgetYearOne_val,Cost_TotalCost_BudgetYearTwo_val,Cost_TotalCost_BudgetYearThree_val,Cost_TotalCost_BudgetYearFour_val,Cost_TotalCost_BudgetYearFive_val,@SOURCE_FILENAME,@RECORDID,@ROWID,@PARENTROWID,@PARENT
"LM Spacecraft Battery Option / SAFT CLIN 2","A","8.801","","","0.512","0.182","0.392","0.000","0.392","","","","","","","","","","","","","","","","","","","","2013-BASE_PROCUREMENT-2013-AIRFORCE_MISSILE-JustificationBook_Air_Force_PB_2013.zzz_unzipped-JustificationBook_Air_Force_PB_2013.xml","d15fb990f8b482f5f872799d52c5c6fd07e2fbb73e9cc84357ce2ec1c4aaf90d","0-bc111a014c81695e554e280defafc27c13fa9ec718818263b064d810f5250338","0-dee78045acd731071ccced4fc78a2da2ad73237a38a9585ee61bd1bb970eb2d1","root.record.ItemExhibitList.P5Item"
"LM Spacecraft Orbital Incentives","A","10.927","","","0.000","0.000","0.000","0.000","0.000","","","","","","","","","","","","","","","","","","","","2013-BASE_PROCUREMENT-2013-AIRFORCE_MISSILE-JustificationBook_Air_Force_PB_2013.zzz_unzipped-JustificationBook_Air_Force_PB_2013.xml","d15fb990f8b482f5f872799d52c5c6fd07e2fbb73e9cc84357ce2ec1c4aaf90d","1-9e31bfee54bc4c47ce55d454f6c825f76c4029b7a0a761b599c953db931ee501","0-dee78045acd731071ccced4fc78a2da2ad73237a38a9585ee61bd1bb970eb2d1","root.record.ItemExhibitList.P5Item"
"NGC Orbital Incentives","A","4.769","","","0.000","0.000","0.000","0.000","0.000","","","","","","","","","","","","","","","","","","","","2013-BASE_PROCUREMENT-2013-AIRFORCE_MISSILE-JustificationBook_Air_Force_PB_2013.zzz_unzipped-JustificationBook_Air_Force_PB_2013.xml","d15fb990f8b482f5f872799d52c5c6fd07e2fbb73e9cc84357ce2ec1c4aaf90d","2-441d8703368342eea3d759d2343842285345f6400421980b2a04dea66675e58b","0-dee78045acd731071ccced4fc78a2da2ad73237a38a9585ee61bd1bb970eb2d1","root.record.ItemExhibitList.P5Item"
"LM Spacecraft Battery Option / SAFT CLIN 2","A","8.801","","","0.512","0.182","0.392","0.000","0.392","","","","","","","","","","","","","","","","","","","","2013-BASE_PROCUREMENT-2013-AIRFORCE_MISSILE-MasterJustificationBook_Air_Force_PB_2013.zzz_unzipped-MasterJustificationBook_Air_Force_PB_2013.xml","a65a1f1ae54a5d345d80f3ca17e9ada935dce4641675e4c421ede8399b22f7ec","0-4f6e87dd5d5e14f6fa7a9e093a92ef9c8c636439c881a79c13eaebd743d96aa6","0-91e5e2b937938bdcb6ac7b84ead185333772f2cb76a98be30ac6449edc5d3c0b","root.record.ItemExhibitList.P5Item"
"LM Spacecraft Orbital Incentives","A","10.927","","","0.000","0.000","0.000","0.000","0.000","","","","","","","","","","","","","","","","","","","","2013-BASE_PROCUREMENT-2013-AIRFORCE_MISSILE-MasterJustificationBook_Air_Force_PB_2013.zzz_unzipped-MasterJustificationBook_Air_Force_PB_2013.xml","a65a1f1ae54a5d345d80f3ca17e9ada935dce4641675e4c421ede8399b22f7ec","1-81f8fbdf73854058d634bf01e46b66accc9e020ca7916cfcdbcc27cf2976b30f","0-91e5e2b937938bdcb6ac7b84ead185333772f2cb76a98be30ac6449edc5d3c0b","root.record.ItemExhibitList.P5Item"
"NGC Orbital Incentives","A","4.769","","","0.000","0.000","0.000","0.000","0.000","","","","","","","","","","","","","","","","","","","","2013-BASE_PROCUREMENT-2013-AIRFORCE_MISSILE-MasterJustificationBook_Air_Force_PB_2013.zzz_unzipped-MasterJustificationBook_Air_Force_PB_2013.xml","a65a1f1ae54a5d345d80f3ca17e9ada935dce4641675e4c421ede8399b22f7ec","2-6c9d17cc620c4804e01987468880ac167f410e442000e5f6382ce392ac7fb980","0-91e5e2b937938bdcb6ac7b84ead185333772f2cb76a98be30ac6449edc5d3c0b","root.record.ItemExhibitList.P5Item"
"GPS III SV03-08 Systems Engineering and Integration (SE&I)","A","0.000","","","0.000","1.65","2.22","","2.22","0.000","3.87","","","","","","","","","","","","","","","","","","2014-BASE_PROCUREMENT-2014-AIRFORCE_MISSILE-PROCUREMENT_JustificationBook_Air_Force_PB_2014.zzz_unzipped-PROCUREMENT_JustificationBook_Air_Force_PB_2014.xml","fa634b730fed67337dcbf550d65f4bdf7a793e69d597c0b413dd971618e23634","0-92c7677ffe1d8b8b4f55eab87386108a1db7df577ab0eeff075329fc7943a381","0-e558e4f66c89c67eb328db6051baad6f50c978715cb43fc86968c343b8b9b684","root.record.ItemExhibitList.P5Item"
"GPS III SV 09+ Nonrecurring","A","0.000","","","","","","","","26.55","37.752","","","2.651","2.75","2.851","2.95","","","","","","","","","","","","2014-BASE_PROCUREMENT-2014-AIRFORCE_MISSILE-PROCUREMENT_JustificationBook_Air_Force_PB_2014.zzz_unzipped-PROCUREMENT_JustificationBook_Air_Force_PB_2014.xml","fa634b730fed67337dcbf550d65f4bdf7a793e69d597c0b413dd971618e23634","0-443953c7c6223f38a2210055c9ef70f6ede59224beb411620013ac3b1a928e72","1-3c6a684c5a9a3019d1a6863d3a199c7506b16d3ff1761127581806171232d95a","root.record.ItemExhibitList.P5Item"
"GPS III SV 09+ Search and Rescue (SAR) GPS","A","0.000","","","0.000","0.000","0.948","","0.948","0.000","14.306","","","3.106","3.363","3.414","3.475","","","","","","","","","","","","2014-BASE_PROCUREMENT-2014-AIRFORCE_MISSILE-PROCUREMENT_JustificationBook_Air_Force_PB_2014.zzz_unzipped-PROCUREMENT_JustificationBook_Air_Force_PB_2014.xml","fa634b730fed67337dcbf550d65f4bdf7a793e69d597c0b413dd971618e23634","1-c116877c8c2fc7e581518cfb61012db6dfa297a475fb00b6df140748df2a677b","1-3c6a684c5a9a3019d1a6863d3a199c7506b16d3ff1761127581806171232d95a","root.record.ItemExhibitList.P5Item"
"LM Spacecraft Battery Option / SAFT CLIN 2","A","7.091","","","0.182","0.392","0.000","","0.000","","","","","","","","","","","","","","","","","","","","2014-BASE_PROCUREMENT-2014-AIRFORCE_MISSILE-PROCUREMENT_JustificationBook_Air_Force_PB_2014.zzz_unzipped-PROCUREMENT_JustificationBook_Air_Force_PB_2014.xml","39ca58bbb356607ed4d71e68bd068008af93a2336ba52e66a252be8037ef5179","0-ad7cc1a254f5882f0e7807f90a4a8c54ce8af89af945e5a889946727c172609d","0-84723e36a03e83e130f35a863dbf1fb5048eaf90b1f7356fd79021f953e8f993","root.record.ItemExhibitList.P5Item"
"LM Spacecraft Orbital Incentives","A","8.32","","","0.000","0.000","3.352","","3.352","","","","","","","","","","","","","","","","","","","","2014-BASE_PROCUREMENT-2014-AIRFORCE_MISSILE-PROCUREMENT_JustificationBook_Air_Force_PB_2014.zzz_unzipped-PROCUREMENT_JustificationBook_Air_Force_PB_2014.xml","39ca58bbb356607ed4d71e68bd068008af93a2336ba52e66a252be8037ef5179","1-fed1aa65ba6bfb5e998f9f6f3aee2df701840cb4770e15b74a8e8e327ec8a85a","0-84723e36a03e83e130f35a863dbf1fb5048eaf90b1f7356fd79021f953e8f993","root.record.ItemExhibitList.P5Item"
"NGC Orbital Incentives","A","3.631","","","0.000","0.000","1.463","","1.463","","","","","","","","","","","","","","","","","","","","2014-BASE_PROCUREMENT-2014-AIRFORCE_MISSILE-PROCUREMENT_JustificationBook_Air_Force_PB_2014.zzz_unzipped-PROCUREMENT_JustificationBook_Air_Force_PB_2014.xml","39ca58bbb356607ed4d71e68bd068008af93a2336ba52e66a252be8037ef5179","2-52f6d8f742909c1aa6f5912736bd96c6ba618e548013b6324a09463b47362557","0-84723e36a03e83e130f35a863dbf1fb5048eaf90b1f7356fd79021f953e8f993","root.record.ItemExhibitList.P5Item"
"GEO 3-4 Obsolescence Non-Recurring","A","310.614","","","0.355","","","","","0.000","310.969","","","","","","","","","","","","","","","","","","2014-BASE_PROCUREMENT-2014-AIRFORCE_MISSILE-PROCUREMENT_JustificationBook_Air_Force_PB_2014.zzz_unzipped-PROCUREMENT_JustificationBook_Air_Force_PB_2014.xml","32b7109bb8d79ef08088f8211f19de97cdf66e04e0163444c25731cb5ff5f7c7","0-70f8e5e1f651c0fe456fafa67a3f8b9d648b8a57550e19dd5b66a18228100b31","0-e8f40d2b703fcf40fb75174897cabe98d86af0a63a9022c65b277be59f24ff3c","root.record.ItemExhibitList.P5Item"
"GEO 3-4 Launch Vehicle and Range Integration","A","0.554","","","0.41","13.726","5.948","","5.948","0.000","31.978","","","5.747","5.593","","","","","","","","","","","","","","2014-BASE_PROCUREMENT-2014-AIRFORCE_MISSILE-PROCUREMENT_JustificationBook_Air_Force_PB_2014.zzz_unzipped-PROCUREMENT_JustificationBook_Air_Force_PB_2014.xml","32b7109bb8d79ef08088f8211f19de97cdf66e04e0163444c25731cb5ff5f7c7","1-47c375ddcb549176ab0260984f213859403701dbf4c518c4db4802bc2e0d5104","0-e8f40d2b703fcf40fb75174897cabe98d86af0a63a9022c65b277be59f24ff3c","root.record.ItemExhibitList.P5Item"
"GEO 5-6 Obsolescence Non-Recurring","A","0.000","0.000","0","","324","","","","0.000","324","0.000","0","","","","","","","","","","","","","","","","2014-BASE_PROCUREMENT-2014-AIRFORCE_MISSILE-PROCUREMENT_JustificationBook_Air_Force_PB_2014.zzz_unzipped-PROCUREMENT_JustificationBook_Air_Force_PB_2014.xml","32b7109bb8d79ef08088f8211f19de97cdf66e04e0163444c25731cb5ff5f7c7","0-0e29ef7cb433b5612f226f6ccfbb36e1e4d2cd5bcac9fd3ceca27211b3f53c9b","1-5e4fc6c0b64592c27f8668b6a53f30aee0c6eb6d8fbe07530c28910312ec181a","root.record.ItemExhibitList.P5Item"
"GEO 5-6 Launch Vehicle and Range Integration","A","","","","","","","","","18.658","33.079","","","","","6.512","7.909","","","","","","","","","","","","2014-BASE_PROCUREMENT-2014-AIRFORCE_MISSILE-PROCUREMENT_JustificationBook_Air_Force_PB_2014.zzz_unzipped-PROCUREMENT_JustificationBook_Air_Force_PB_2014.xml","32b7109bb8d79ef08088f8211f19de97cdf66e04e0163444c25731cb5ff5f7c7","1-1b39dfd1f2b90b015767c415cc8faab81fc26f2d23cf318cd97a9f311e122bc8","1-5e4fc6c0b64592c27f8668b6a53f30aee0c6eb6d8fbe07530c28910312ec181a","root.record.ItemExhibitList.P5Item"
"HEO 3-4 Obsolescence Non-Recurring","A","101.443","","","","","","","","0.000","101.443","","","","","","","","","","","","","","","","","","2014-BASE_PROCUREMENT-2014-AIRFORCE_MISSILE-PROCUREMENT_JustificationBook_Air_Force_PB_2014.zzz_unzipped-PROCUREMENT_JustificationBook_Air_Force_PB_2014.xml","32b7109bb8d79ef08088f8211f19de97cdf66e04e0163444c25731cb5ff5f7c7","0-00d2bedcb28aebcd78a6f1d66f7e07a1fe1994b8ff78e1a7c3269ccaa40c21d0","2-a7f6f4c99edd35f0542226c4b19fede6922012dfbbafaa2c649a9400ef44b285","root.record.ItemExhibitList.P5Item"
"HEO 3-4 Launch Vehicle and Range Integration","A","0.237","","","0.176","8.765","6.063","","6.063","0.000","20.498","","","5.257","","","","","","","","","","","","","","","2014-BASE_PROCUREMENT-2014-AIRFORCE_MISSILE-PROCUREMENT_JustificationBook_Air_Force_PB_2014.zzz_unzipped-PROCUREMENT_JustificationBook_Air_Force_PB_2014.xml","32b7109bb8d79ef08088f8211f19de97cdf66e04e0163444c25731cb5ff5f7c7","1-12c205fac6d03acb7d72299446b7956c2b57c71dc2ca93d00da192986225c0de","2-a7f6f4c99edd35f0542226c4b19fede6922012dfbbafaa2c649a9400ef44b285","root.record.ItemExhibitList.P5Item"
"GPS III SV03-08 Systems Engineering and Integration (SE&I)","A","0.000","","","0.000","1.65","2.22","","2.22","0.000","3.87","","","","","","","","","","","","","","","","","","2014-BASE_PROCUREMENT-2014-AIRFORCE_MISSILE-PROCUREMENT_MasterJustificationBook_Air_Force_PB_2014.zzz_unzipped-PROCUREMENT_MasterJustificationBook_Air_Force_PB_2014.xml","3f74a8ce992b58bff0203aa59054245697d5f293f300ca891ef9fafd9620a03e","0-ef2a20ca79c03c5f699b55114575e5ace9d8208b3860d1a24ee225dce724b94f","0-93f1f1602254c99f6ff8d1a1d20f8495e3c50d75c4c625031ecbf7babe1d917b","root.record.ItemExhibitList.P5Item"
"GPS III SV 09+ Nonrecurring","A","0.000","","","","","","","","26.55","37.752","","","2.651","2.75","2.851","2.95","","","","","","","","","","","","2014-BASE_PROCUREMENT-2014-AIRFORCE_MISSILE-PROCUREMENT_MasterJustificationBook_Air_Force_PB_2014.zzz_unzipped-PROCUREMENT_MasterJustificationBook_Air_Force_PB_2014.xml","3f74a8ce992b58bff0203aa59054245697d5f293f300ca891ef9fafd9620a03e","0-4f3708aa80dba4cef27714b2e3cd4f36811df778935c607e75afe68544ec5c91","1-4426540206eae77bd76452cf0b58b40ac125f2feb22cbf95e259cb6e569198dc","root.record.ItemExhibitList.P5Item"
"GPS III SV 09+ Search and Rescue (SAR) GPS","A","0.000","","","0.000","0.000","0.948","","0.948","0.000","14.306","","","3.106","3.363","3.414","3.475","","","","","","","","","","","","2014-BASE_PROCUREMENT-2014-AIRFORCE_MISSILE-PROCUREMENT_MasterJustificationBook_Air_Force_PB_2014.zzz_unzipped-PROCUREMENT_MasterJustificationBook_Air_Force_PB_2014.xml","3f74a8ce992b58bff0203aa59054245697d5f293f300ca891ef9fafd9620a03e","1-a4788f589365427bc6f8beee02aa4f3461cf8bc861ff86f5ca07b8819ab29923","1-4426540206eae77bd76452cf0b58b40ac125f2feb22cbf95e259cb6e569198dc","root.record.ItemExhibitList.P5Item"
"LM Spacecraft Battery Option / SAFT CLIN 2","A","7.091","","","0.182","0.392","0.000","","0.000","","","","","","","","","","","","","","","","","","","","2014-BASE_PROCUREMENT-2014-AIRFORCE_MISSILE-PROCUREMENT_MasterJustificationBook_Air_Force_PB_2014.zzz_unzipped-PROCUREMENT_MasterJustificationBook_Air_Force_PB_2014.xml","b31c92596f6ccbf91720f89270c2aa573e143aa1b9e9ea949815f37a122e9486","0-4fe6a6f6935996d483232c3335c2490e1b5924d51cd2806f0a4c8a4b30876f84","0-9a2314be7c2532e060ff887068aaada8109a0a2de808d783a3a29cd2f0d144be","root.record.ItemExhibitList.P5Item"
"LM Spacecraft Orbital Incentives","A","8.32","","","0.000","0.000","3.352","","3.352","","","","","","","","","","","","","","","","","","","","2014-BASE_PROCUREMENT-2014-AIRFORCE_MISSILE-PROCUREMENT_MasterJustificationBook_Air_Force_PB_2014.zzz_unzipped-PROCUREMENT_MasterJustificationBook_Air_Force_PB_2014.xml","b31c92596f6ccbf91720f89270c2aa573e143aa1b9e9ea949815f37a122e9486","1-1f919227e822339d84490a2e3c140dfb79da090e7e037b3f25363c94ddcea977","0-9a2314be7c2532e060ff887068aaada8109a0a2de808d783a3a29cd2f0d144be","root.record.ItemExhibitList.P5Item"
"NGC Orbital Incentives","A","3.631","","","0.000","0.000","1.463","","1.463","","","","","","","","","","","","","","","","","","","","2014-BASE_PROCUREMENT-2014-AIRFORCE_MISSILE-PROCUREMENT_MasterJustificationBook_Air_Force_PB_2014.zzz_unzipped-PROCUREMENT_MasterJustificationBook_Air_Force_PB_2014.xml","b31c92596f6ccbf91720f89270c2aa573e143aa1b9e9ea949815f37a122e9486","2-236df1d7f477e26479b72af2725aee050893f93e8ab3ff25618b84091a5c5786","0-9a2314be7c2532e060ff887068aaada8109a0a2de808d783a3a29cd2f0d144be","root.record.ItemExhibitList.P5Item"
"GEO 3-4 Obsolescence Non-Recurring","A","310.614","","","0.355","","","","","0.000","310.969","","","","","","","","","","","","","","","","","","2014-BASE_PROCUREMENT-2014-AIRFORCE_MISSILE-PROCUREMENT_MasterJustificationBook_Air_Force_PB_2014.zzz_unzipped-PROCUREMENT_MasterJustificationBook_Air_Force_PB_2014.xml","c09d619ce532c1c86db360d274ec3de490ff840c9a7e13567ca5beab706dfd39","0-49a18a2cf60b3996e542fd2512f85c23fe8d7419fa1a37cc1e8ad49477fd0775","0-b281ad6dccf67823bb4bba8f0c4140bfd225e7608bd6e694ff5f1911e2dbb984","root.record.ItemExhibitList.P5Item"
"GEO 3-4 Launch Vehicle and Range Integration","A","0.554","","","0.41","13.726","5.948","","5.948","0.000","31.978","","","5.747","5.593","","","","","","","","","","","","","","2014-BASE_PROCUREMENT-2014-AIRFORCE_MISSILE-PROCUREMENT_MasterJustificationBook_Air_Force_PB_2014.zzz_unzipped-PROCUREMENT_MasterJustificationBook_Air_Force_PB_2014.xml","c09d619ce532c1c86db360d274ec3de490ff840c9a7e13567ca5beab706dfd39","1-617ebf1da611e877fa6ca3692131d417e2adcac3e309a41831f2b29b9d0d28c0","0-b281ad6dccf67823bb4bba8f0c4140bfd225e7608bd6e694ff5f1911e2dbb984","root.record.ItemExhibitList.P5Item"
"GEO 5-6 Obsolescence Non-Recurring","A","0.000","0.000","0","","324","","","","0.000","324","0.000","0","","","","","","","","","","","","","","","","2014-BASE_PROCUREMENT-2014-AIRFORCE_MISSILE-PROCUREMENT_MasterJustificationBook_Air_Force_PB_2014.zzz_unzipped-PROCUREMENT_MasterJustificationBook_Air_Force_PB_2014.xml","c09d619ce532c1c86db360d274ec3de490ff840c9a7e13567ca5beab706dfd39","0-fee723f9f636cacba5170f075b8637a98dcf1ebb99a6c735da415681340eb991","1-f241b3ca212cc1c75bf6a60a89140fe49abf91b13f60cb43a4b1af69686bde51","root.record.ItemExhibitList.P5Item"
"GEO 5-6 Launch Vehicle and Range Integration","A","","","","","","","","","18.658","33.079","","","","","6.512","7.909","","","","","","","","","","","","2014-BASE_PROCUREMENT-2014-AIRFORCE_MISSILE-PROCUREMENT_MasterJustificationBook_Air_Force_PB_2014.zzz_unzipped-PROCUREMENT_MasterJustificationBook_Air_Force_PB_2014.xml","c09d619ce532c1c86db360d274ec3de490ff840c9a7e13567ca5beab706dfd39","1-c719f3396fb7d0ac40b252004e06e920d2773b3a005d2c99bcdcf2d35eb06ada","1-f241b3ca212cc1c75bf6a60a89140fe49abf91b13f60cb43a4b1af69686bde51","root.record.ItemExhibitList.P5Item"
"HEO 3-4 Obsolescence Non-Recurring","A","101.443","","","","","","","","0.000","101.443","","","","","","","","","","","","","","","","","","2014-BASE_PROCUREMENT-2014-AIRFORCE_MISSILE-PROCUREMENT_MasterJustificationBook_Air_Force_PB_2014.zzz_unzipped-PROCUREMENT_MasterJustificationBook_Air_Force_PB_2014.xml","c09d619ce532c1c86db360d274ec3de490ff840c9a7e13567ca5beab706dfd39","0-f3b39fcdc8e5bc658c6d65c74c22a41f3a1cc0078bdfae2137eb20342e0d30a7","2-0c7665dcd7b4eabafc4d5f621facbbbad11ea068989102fdb31eab004cafbcf7","root.record.ItemExhibitList.P5Item"
"HEO 3-4 Launch Vehicle and Range Integration","A","0.237","","","0.176","8.765","6.063","","6.063","0.000","20.498","","","5.257","","","","","","","","","","","","","","","2014-BASE_PROCUREMENT-2014-AIRFORCE_MISSILE-PROCUREMENT_MasterJustificationBook_Air_Force_PB_2014.zzz_unzipped-PROCUREMENT_MasterJustificationBook_Air_Force_PB_2014.xml","c09d619ce532c1c86db360d274ec3de490ff840c9a7e13567ca5beab706dfd39","1-94f8edb75d11a5735170c48130065cc6e8fbfac375c271c139bdccf9ec731c66","2-0c7665dcd7b4eabafc4d5f621facbbbad11ea068989102fdb31eab004cafbcf7","root.record.ItemExhibitList.P5Item"
"GPS III SV 09+ Nonrecurring","A","","","","","","","","","","","","","","","","","0.000","0.000","0.000","","","","","","","","","2015-BASE_PROCUREMENT-2015-AIRFORCE_MISSILE-PROCUREMENT_JustificationBook_Air_Force_PB_2015.zzz_unzipped-PROCUREMENT_JustificationBook_Air_Force_PB_2015.xml","27d3e87bb2fc7e3e342a740b15883c038cc1395873b8ef70810bbcfee7a54946","0-eff79a2c7e425344fd1edaeb8b05725b240915ed7df549707ee1244592e2db7e","1-5f254fe7aad18098d93fbb8441bbf081e933859e0bbdbe2ae1afebe93f3b6b29","root.record.ItemExhibitList.P5Item"
"GPS III SV 09+ Search and Rescue (SAR) GPS","A","","","","","","","","","","","","","","","","","0.000","5.824","23.523","0.000","0.948","3.072","3.072","3.332","3.387","3.448","3.512","2015-BASE_PROCUREMENT-2015-AIRFORCE_MISSILE-PROCUREMENT_JustificationBook_Air_Force_PB_2015.zzz_unzipped-PROCUREMENT_JustificationBook_Air_Force_PB_2015.xml","27d3e87bb2fc7e3e342a740b15883c038cc1395873b8ef70810bbcfee7a54946","1-ab2ca9dcf756663628026f5d77edf50c49597706aad3091dfed56eedfebf3db6","1-5f254fe7aad18098d93fbb8441bbf081e933859e0bbdbe2ae1afebe93f3b6b29","root.record.ItemExhibitList.P5Item"
"LM Spacecraft Battery Option / SAFT CLIN 2","A","","","","","","","","","","","","","","","","","7.273","","","0.392","","","","","","","","2015-BASE_PROCUREMENT-2015-AIRFORCE_MISSILE-PROCUREMENT_JustificationBook_Air_Force_PB_2015.zzz_unzipped-PROCUREMENT_JustificationBook_Air_Force_PB_2015.xml","9d6d7cc2e213d10711c93d66b1cde5a68bd237bd013f9f174c1ce0b96e710eb0","0-8b6d6db07db92c6b28d98abd9f8c46fa9e7a9bfa3776daeaa5a226892413fe88","0-8616e9d61e41ccad8e8e45a57b36ae997e713f687f31a19f81bb22c5492cfe03","root.record.ItemExhibitList.P5Item"
"LM Spacecraft Orbital Incentives","A","","","","","","","","","","","","","","","","","8.32","","","","3.352","","","","","","","2015-BASE_PROCUREMENT-2015-AIRFORCE_MISSILE-PROCUREMENT_JustificationBook_Air_Force_PB_2015.zzz_unzipped-PROCUREMENT_JustificationBook_Air_Force_PB_2015.xml","9d6d7cc2e213d10711c93d66b1cde5a68bd237bd013f9f174c1ce0b96e710eb0","1-4a89c5e25d243e85e2b87cd9e7a03a155c7a2f77868f8424b369c2eea985014d","0-8616e9d61e41ccad8e8e45a57b36ae997e713f687f31a19f81bb22c5492cfe03","root.record.ItemExhibitList.P5Item"
"NGC Orbital Incentives","A","","","","","","","","","","","","","","","","","3.631","","","","1.463","","","","","","","2015-BASE_PROCUREMENT-2015-AIRFORCE_MISSILE-PROCUREMENT_JustificationBook_Air_Force_PB_2015.zzz_unzipped-PROCUREMENT_JustificationBook_Air_Force_PB_2015.xml","9d6d7cc2e213d10711c93d66b1cde5a68bd237bd013f9f174c1ce0b96e710eb0","2-0acff2061c6e619c9bb4463db9bfb5e69979bca9ad417642df53685bc73360a0","0-8616e9d61e41ccad8e8e45a57b36ae997e713f687f31a19f81bb22c5492cfe03","root.record.ItemExhibitList.P5Item"
"GEO 3-4 Obsolescence Non-Recurring","A","","","","","","","","","","","","","","","","","437.696","0.000","437.696","","","","","","","","","2015-BASE_PROCUREMENT-2015-AIRFORCE_MISSILE-PROCUREMENT_JustificationBook_Air_Force_PB_2015.zzz_unzipped-PROCUREMENT_JustificationBook_Air_Force_PB_2015.xml","b0439627d697f23309d80778f48f7bf9598ab22c86f68e7c8eb97d5630e37c1c","0-fa042c3187b3d018a7024b4c36c47443e1da419f70e554e35b9da8a4b7087090","0-6c2373c340fa46eb05d77c2d19f16b421a5b5179b67edce7e0a90623501ccdec","root.record.ItemExhibitList.P5Item"
"GEO 3-4 Launch Vehicle and Range Integration","A","","","","","","","","","","","","","","","","","0.97","0.000","32.348","3.811","21.217","2.651","2.651","3.699","","","","2015-BASE_PROCUREMENT-2015-AIRFORCE_MISSILE-PROCUREMENT_JustificationBook_Air_Force_PB_2015.zzz_unzipped-PROCUREMENT_JustificationBook_Air_Force_PB_2015.xml","b0439627d697f23309d80778f48f7bf9598ab22c86f68e7c8eb97d5630e37c1c","1-b97e5c7309b64f2b569812ac45d98ce3f400f87cbfd268b2af2cb2bf26ee7879","0-6c2373c340fa46eb05d77c2d19f16b421a5b5179b67edce7e0a90623501ccdec","root.record.ItemExhibitList.P5Item"
"GEO 5-6 Obsolescence Non-Recurring","A","","","","","","","","","","","","","","","","","0.000","0.000","642.682","461.824","77.942","59.461","59.461","25.508","13.235","4.712","","2015-BASE_PROCUREMENT-2015-AIRFORCE_MISSILE-PROCUREMENT_JustificationBook_Air_Force_PB_2015.zzz_unzipped-PROCUREMENT_JustificationBook_Air_Force_PB_2015.xml","b0439627d697f23309d80778f48f7bf9598ab22c86f68e7c8eb97d5630e37c1c","0-b2ce81fb9fb5cc9ce1e3ff5153e9e7a12466dcb76b71a85d634c57af95019ea3","1-fe32abadeea4138b8b5def0bce027b831abeae58e003c3632b5f96e299984720","root.record.ItemExhibitList.P5Item"
"FY14 Incremental Funding","A","","","","","","","","","","","","","","","","","","0.000","-77.942","-77.942","","","","","","","","2015-BASE_PROCUREMENT-2015-AIRFORCE_MISSILE-PROCUREMENT_JustificationBook_Air_Force_PB_2015.zzz_unzipped-PROCUREMENT_JustificationBook_Air_Force_PB_2015.xml","b0439627d697f23309d80778f48f7bf9598ab22c86f68e7c8eb97d5630e37c1c","1-5b33a0a7866686df34d6276ab83a6c37ab0e6d05ef3967a7c7ce10d712133585","1-fe32abadeea4138b8b5def0bce027b831abeae58e003c3632b5f96e299984720","root.record.ItemExhibitList.P5Item"
"FY15 Incremental Funding","A","","","","","","","","","","","","","","","","","","0.000","-59.461","-59.461","","","","","","","","2015-BASE_PROCUREMENT-2015-AIRFORCE_MISSILE-PROCUREMENT_JustificationBook_Air_Force_PB_2015.zzz_unzipped-PROCUREMENT_JustificationBook_Air_Force_PB_2015.xml","b0439627d697f23309d80778f48f7bf9598ab22c86f68e7c8eb97d5630e37c1c","2-ff4f8cca41d11ff7aff72a737b1e756bac98331b5329aa1e4918e88cb7cf8fff","1-fe32abadeea4138b8b5def0bce027b831abeae58e003c3632b5f96e299984720","root.record.ItemExhibitList.P5Item"
"FY16 Incremental Funding","A","","","","","","","","","","","","","","","","","","0.000","-25.508","-25.508","","","","","","","","2015-BASE_PROCUREMENT-2015-AIRFORCE_MISSILE-PROCUREMENT_JustificationBook_Air_Force_PB_2015.zzz_unzipped-PROCUREMENT_JustificationBook_Air_Force_PB_2015.xml","b0439627d697f23309d80778f48f7bf9598ab22c86f68e7c8eb97d5630e37c1c","3-3aa92b1bc96b46236d56633a55f8634d067a3e920ce73fc1330327c2bf5a1f64","1-fe32abadeea4138b8b5def0bce027b831abeae58e003c3632b5f96e299984720","root.record.ItemExhibitList.P5Item"
"FY17 Incremental Funding","A","","","","","","","","","","","","","","","","","","0.000","-13.235","-13.235","","","","","","","","2015-BASE_PROCUREMENT-2015-AIRFORCE_MISSILE-PROCUREMENT_JustificationBook_Air_Force_PB_2015.zzz_unzipped-PROCUREMENT_JustificationBook_Air_Force_PB_2015.xml","b0439627d697f23309d80778f48f7bf9598ab22c86f68e7c8eb97d5630e37c1c","4-54035a67a97c8ec62eb99552628dd1163172fd6b8dfb5e542a5a1e6ae81252bc","1-fe32abadeea4138b8b5def0bce027b831abeae58e003c3632b5f96e299984720","root.record.ItemExhibitList.P5Item"
"FY18 Incremental Funding","A","","","","","","","","","","","","","","","","","","0.000","-4.712","-4.712","","","","","","","","2015-BASE_PROCUREMENT-2015-AIRFORCE_MISSILE-PROCUREMENT_JustificationBook_Air_Force_PB_2015.zzz_unzipped-PROCUREMENT_JustificationBook_Air_Force_PB_2015.xml","b0439627d697f23309d80778f48f7bf9598ab22c86f68e7c8eb97d5630e37c1c","5-cdd41e9da02efe623174b2ea4c716b755d3c0ed8e92b781c55b9bb94c5f55b4f","1-fe32abadeea4138b8b5def0bce027b831abeae58e003c3632b5f96e299984720","root.record.ItemExhibitList.P5Item"
"GEO 5-6 Launch Vehicle and Range Integration","A","","","","","","","","","","","","","","","","","0.000","7.256","15.622","","","","","","1.937","1.622","4.807","2015-BASE_PROCUREMENT-2015-AIRFORCE_MISSILE-PROCUREMENT_JustificationBook_Air_Force_PB_2015.zzz_unzipped-PROCUREMENT_JustificationBook_Air_Force_PB_2015.xml","b0439627d697f23309d80778f48f7bf9598ab22c86f68e7c8eb97d5630e37c1c","6-8b31e669dd5c1eeaa413b80ca36d36521f8e7480450331fe4c58cabfb69ef724","1-fe32abadeea4138b8b5def0bce027b831abeae58e003c3632b5f96e299984720","root.record.ItemExhibitList.P5Item"
"HEO 3-4 Obsolescence Non-Recurring","A","","","","","","","","","","","","","","","","","137.146","0.000","137.146","","","","","","","","","2015-BASE_PROCUREMENT-2015-AIRFORCE_MISSILE-PROCUREMENT_JustificationBook_Air_Force_PB_2015.zzz_unzipped-PROCUREMENT_JustificationBook_Air_Force_PB_2015.xml","b0439627d697f23309d80778f48f7bf9598ab22c86f68e7c8eb97d5630e37c1c","0-ae0d70afc2160f5981d9bd786f2cc6099c45d72bee7976e8f6710b707c9da105","2-3310036ad3cb85343bfa5f7ea6cea7de3232099dbddf83519d00f04a00d9766c","root.record.ItemExhibitList.P5Item"
"HEO 3-4 Launch Vehicle and Range Integration","A","","","","","","","","","","","","","","","","","0.413","0.000","21.225","4.551","13.962","2.299","2.299","","","","","2015-BASE_PROCUREMENT-2015-AIRFORCE_MISSILE-PROCUREMENT_JustificationBook_Air_Force_PB_2015.zzz_unzipped-PROCUREMENT_JustificationBook_Air_Force_PB_2015.xml","b0439627d697f23309d80778f48f7bf9598ab22c86f68e7c8eb97d5630e37c1c","1-90c2eedd6c6629282a8e5b48e10e2ee50d589cee1b14a5d5c7f281fe7367d12e","2-3310036ad3cb85343bfa5f7ea6cea7de3232099dbddf83519d00f04a00d9766c","root.record.ItemExhibitList.P5Item"
"GPS III SV 09+ Nonrecurring","A","","","","","","","","","","","","","","","","","0.000","0.000","0.000","","","","","","","","","2015-BASE_PROCUREMENT-2015-AIRFORCE_MISSILE-PROCUREMENT_MasterJustificationBook_Air_Force_PB_2015.zzz_unzipped-PROCUREMENT_MasterJustificationBook_Air_Force_PB_2015.xml","33b3b0ad5835d13cc15e7e273b3a3b0e797b8b7474e6a63df610479ef30e8683","0-63373a9e40abedbe78efac20fc044c13aad2218735a6cff55ed32e6cb36fdf71","1-d0586d48995bc53e5712048afcde83c0e30b2fd13ffeb7002e15b474ced494ab","root.record.ItemExhibitList.P5Item"
"GPS III SV 09+ Search and Rescue (SAR) GPS","A","","","","","","","","","","","","","","","","","0.000","5.824","23.523","0.000","0.948","3.072","3.072","3.332","3.387","3.448","3.512","2015-BASE_PROCUREMENT-2015-AIRFORCE_MISSILE-PROCUREMENT_MasterJustificationBook_Air_Force_PB_2015.zzz_unzipped-PROCUREMENT_MasterJustificationBook_Air_Force_PB_2015.xml","33b3b0ad5835d13cc15e7e273b3a3b0e797b8b7474e6a63df610479ef30e8683","1-77d5f8e58b479dfa3dd4a9360ed70a68bb0b47521d23e40da5386c89075b22b6","1-d0586d48995bc53e5712048afcde83c0e30b2fd13ffeb7002e15b474ced494ab","root.record.ItemExhibitList.P5Item"
"LM Spacecraft Battery Option / SAFT CLIN 2","A","","","","","","","","","","","","","","","","","7.273","","","0.392","","","","","","","","2015-BASE_PROCUREMENT-2015-AIRFORCE_MISSILE-PROCUREMENT_MasterJustificationBook_Air_Force_PB_2015.zzz_unzipped-PROCUREMENT_MasterJustificationBook_Air_Force_PB_2015.xml","ec01fd2dc2e4b3154d5fd777d577fadafd0887cac57c8654b4ea1a3886efa793","0-9a8d48d26a7f0e8d1afa0892f05fe5acb8a655dc1746ea87d075e4993db6e95b","0-42ca07edb192cf59bdb00b2a29603395cb5b981e9f9501c359c9e060dd020f16","root.record.ItemExhibitList.P5Item"
"LM Spacecraft Orbital Incentives","A","","","","","","","","","","","","","","","","","8.32","","","","3.352","","","","","","","2015-BASE_PROCUREMENT-2015-AIRFORCE_MISSILE-PROCUREMENT_MasterJustificationBook_Air_Force_PB_2015.zzz_unzipped-PROCUREMENT_MasterJustificationBook_Air_Force_PB_2015.xml","ec01fd2dc2e4b3154d5fd777d577fadafd0887cac57c8654b4ea1a3886efa793","1-8e1ecf2019da4952876f99adb76bd73e6c12078d9644ad1502867312c843433a","0-42ca07edb192cf59bdb00b2a29603395cb5b981e9f9501c359c9e060dd020f16","root.record.ItemExhibitList.P5Item"
"NGC Orbital Incentives","A","","","","","","","","","","","","","","","","","3.631","","","","1.463","","","","","","","2015-BASE_PROCUREMENT-2015-AIRFORCE_MISSILE-PROCUREMENT_MasterJustificationBook_Air_Force_PB_2015.zzz_unzipped-PROCUREMENT_MasterJustificationBook_Air_Force_PB_2015.xml","ec01fd2dc2e4b3154d5fd777d577fadafd0887cac57c8654b4ea1a3886efa793","2-9fba04d34a765300c460e522c18e83f24ee78df3ac326e6d3529b30463ade337","0-42ca07edb192cf59bdb00b2a29603395cb5b981e9f9501c359c9e060dd020f16","root.record.ItemExhibitList.P5Item"
"GEO 3-4 Obsolescence Non-Recurring","A","","","","","","","","","","","","","","","","","437.696","0.000","437.696","","","","","","","","","2015-BASE_PROCUREMENT-2015-AIRFORCE_MISSILE-PROCUREMENT_MasterJustificationBook_Air_Force_PB_2015.zzz_unzipped-PROCUREMENT_MasterJustificationBook_Air_Force_PB_2015.xml","8c9448bac531fa76bde6d0d330853a3c625667bcc8a7fac5efe03c4154f7d50a","0-6424f8bf82a178afded727cd1f1de2331b7c12d8c65a3812f7a55a05c79dda2f","0-44d727de8e450ca7ce3816282c411fc308bee777cc132d545e7bc96237739d76","root.record.ItemExhibitList.P5Item"
"GEO 3-4 Launch Vehicle and Range Integration","A","","","","","","","","","","","","","","","","","0.97","0.000","32.348","3.811","21.217","2.651","2.651","3.699","","","","2015-BASE_PROCUREMENT-2015-AIRFORCE_MISSILE-PROCUREMENT_MasterJustificationBook_Air_Force_PB_2015.zzz_unzipped-PROCUREMENT_MasterJustificationBook_Air_Force_PB_2015.xml","8c9448bac531fa76bde6d0d330853a3c625667bcc8a7fac5efe03c4154f7d50a","1-5237b5ed19b14f1bdf78e24f10065c5394c766900781c996bed890e15a330c59","0-44d727de8e450ca7ce3816282c411fc308bee777cc132d545e7bc96237739d76","root.record.ItemExhibitList.P5Item"
"GEO 5-6 Obsolescence Non-Recurring","A","","","","","","","","","","","","","","","","","0.000","0.000","642.682","461.824","77.942","59.461","59.461","25.508","13.235","4.712","","2015-BASE_PROCUREMENT-2015-AIRFORCE_MISSILE-PROCUREMENT_MasterJustificationBook_Air_Force_PB_2015.zzz_unzipped-PROCUREMENT_MasterJustificationBook_Air_Force_PB_2015.xml","8c9448bac531fa76bde6d0d330853a3c625667bcc8a7fac5efe03c4154f7d50a","0-c72c5fe2067d3b27bd21b7d3d7f6181f2f03558e0304e9404e3a4fbe0b85bfb4","1-9bc1c11020c51749045bbba483b8da4ec25a0b47c1d5bcb17406897110ae0592","root.record.ItemExhibitList.P5Item"
"FY14 Incremental Funding","A","","","","","","","","","","","","","","","","","","0.000","-77.942","-77.942","","","","","","","","2015-BASE_PROCUREMENT-2015-AIRFORCE_MISSILE-PROCUREMENT_MasterJustificationBook_Air_Force_PB_2015.zzz_unzipped-PROCUREMENT_MasterJustificationBook_Air_Force_PB_2015.xml","8c9448bac531fa76bde6d0d330853a3c625667bcc8a7fac5efe03c4154f7d50a","1-a1db8e153f2d74282f84baf6f92ae9332619cf1af647ccc28cdf93bf46309e92","1-9bc1c11020c51749045bbba483b8da4ec25a0b47c1d5bcb17406897110ae0592","root.record.ItemExhibitList.P5Item"
"FY15 Incremental Funding","A","","","","","","","","","","","","","","","","","","0.000","-59.461","-59.461","","","","","","","","2015-BASE_PROCUREMENT-2015-AIRFORCE_MISSILE-PROCUREMENT_MasterJustificationBook_Air_Force_PB_2015.zzz_unzipped-PROCUREMENT_MasterJustificationBook_Air_Force_PB_2015.xml","8c9448bac531fa76bde6d0d330853a3c625667bcc8a7fac5efe03c4154f7d50a","2-363a2fc542c82b759dca678dac01212d22467cf8e8fcfec00710f6d5e4a71ecc","1-9bc1c11020c51749045bbba483b8da4ec25a0b47c1d5bcb17406897110ae0592","root.record.ItemExhibitList.P5Item"
"FY16 Incremental Funding","A","","","","","","","","","","","","","","","","","","0.000","-25.508","-25.508","","","","","","","","2015-BASE_PROCUREMENT-2015-AIRFORCE_MISSILE-PROCUREMENT_MasterJustificationBook_Air_Force_PB_2015.zzz_unzipped-PROCUREMENT_MasterJustificationBook_Air_Force_PB_2015.xml","8c9448bac531fa76bde6d0d330853a3c625667bcc8a7fac5efe03c4154f7d50a","3-358fdc41260a31024a1eeaf5a1cdc4eeee10fd1d3f8fed6e4197a52cbda28811","1-9bc1c11020c51749045bbba483b8da4ec25a0b47c1d5bcb17406897110ae0592","root.record.ItemExhibitList.P5Item"
"FY17 Incremental Funding","A","","","","","","","","","","","","","","","","","","0.000","-13.235","-13.235","","","","","","","","2015-BASE_PROCUREMENT-2015-AIRFORCE_MISSILE-PROCUREMENT_MasterJustificationBook_Air_Force_PB_2015.zzz_unzipped-PROCUREMENT_MasterJustificationBook_Air_Force_PB_2015.xml","8c9448bac531fa76bde6d0d330853a3c625667bcc8a7fac5efe03c4154f7d50a","4-6a339abb0a93a2ebe7e51288ec81f8e7026c8f9011d4c7196566a403128c471b","1-9bc1c11020c51749045bbba483b8da4ec25a0b47c1d5bcb17406897110ae0592","root.record.ItemExhibitList.P5Item"
"FY18 Incremental Funding","A","","","","","","","","","","","","","","","","","","0.000","-4.712","-4.712","","","","","","","","2015-BASE_PROCUREMENT-2015-AIRFORCE_MISSILE-PROCUREMENT_MasterJustificationBook_Air_Force_PB_2015.zzz_unzipped-PROCUREMENT_MasterJustificationBook_Air_Force_PB_2015.xml","8c9448bac531fa76bde6d0d330853a3c625667bcc8a7fac5efe03c4154f7d50a","5-60bf1ad31f7ee5ea06580d1f839ef9028f9d7e3e224d9bccf4bf9f4cf1d6cd6f","1-9bc1c11020c51749045bbba483b8da4ec25a0b47c1d5bcb17406897110ae0592","root.record.ItemExhibitList.P5Item"
"GEO 5-6 Launch Vehicle and Range Integration","A","","","","","","","","","","","","","","","","","0.000","7.256","15.622","","","","","","1.937","1.622","4.807","2015-BASE_PROCUREMENT-2015-AIRFORCE_MISSILE-PROCUREMENT_MasterJustificationBook_Air_Force_PB_2015.zzz_unzipped-PROCUREMENT_MasterJustificationBook_Air_Force_PB_2015.xml","8c9448bac531fa76bde6d0d330853a3c625667bcc8a7fac5efe03c4154f7d50a","6-2efebac98563519dbeee17033aa585e35d0d0d4877f2048a53912a121bba5af4","1-9bc1c11020c51749045bbba483b8da4ec25a0b47c1d5bcb17406897110ae0592","root.record.ItemExhibitList.P5Item"
"HEO 3-4 Obsolescence Non-Recurring","A","","","","","","","","","","","","","","","","","137.146","0.000","137.146","","","","","","","","","2015-BASE_PROCUREMENT-2015-AIRFORCE_MISSILE-PROCUREMENT_MasterJustificationBook_Air_Force_PB_2015.zzz_unzipped-PROCUREMENT_MasterJustificationBook_Air_Force_PB_2015.xml","8c9448bac531fa76bde6d0d330853a3c625667bcc8a7fac5efe03c4154f7d50a","0-891fb523da75625c97f233e18b42bd23dacea02b06ba13470657384b78aa211c","2-a3ba11672a01d79392f492fe72c2a6269a8c2ca21905b097156f6762dd4e0d80","root.record.ItemExhibitList.P5Item"
"HEO 3-4 Launch Vehicle and Range Integration","A","","","","","","","","","","","","","","","","","0.413","0.000","21.225","4.551","13.962","2.299","2.299","","","","","2015-BASE_PROCUREMENT-2015-AIRFORCE_MISSILE-PROCUREMENT_MasterJustificationBook_Air_Force_PB_2015.zzz_unzipped-PROCUREMENT_MasterJustificationBook_Air_Force_PB_2015.xml","8c9448bac531fa76bde6d0d330853a3c625667bcc8a7fac5efe03c4154f7d50a","1-183e127f0c52cb6c55f2a4fcc8d0cd3858beb9bc4ae59aefb69efd135ea00955","2-a3ba11672a01d79392f492fe72c2a6269a8c2ca21905b097156f6762dd4e0d80","root.record.ItemExhibitList.P5Item"
"GEO 3-4 Obsolescence Non-Recurring","","","","","","","","","","","","","","","","","","438.772","0","438.772","","","","","","","","","2016-BASE_PROCUREMENT-2016-AIRFORCE_MISSILE-PROCUREMENT_JustificationBook_Air_Force_PB_2016.zzz_unzipped-PROCUREMENT_JustificationBook_Air_Force_PB_2016.xml","b7250a7bc654675ae44d6d62c2bb1e4e483647e362d5d04206595c9b29029aa8","0-0e63307fd842f8f081ba9bd904e9b98538fd750de5cc4cf6770b95a1918d21f8","0-803071826ef51836f650a783cbfcb0e5e572854e39ac70fea9366f7d4609bb8f","root.record.ItemExhibitList.P5Item"
"GEO 3-4 Launch Vehicle and Range Integration","","","","","","","","","","","","","","","","","","1.807","0","12.838","4.284","6.747","","","","","","","2016-BASE_PROCUREMENT-2016-AIRFORCE_MISSILE-PROCUREMENT_JustificationBook_Air_Force_PB_2016.zzz_unzipped-PROCUREMENT_JustificationBook_Air_Force_PB_2016.xml","b7250a7bc654675ae44d6d62c2bb1e4e483647e362d5d04206595c9b29029aa8","1-7f360dcf5c9f0f5bb81249dacc1e8d82f831730466f637b424f4c0f2d86badd7","0-803071826ef51836f650a783cbfcb0e5e572854e39ac70fea9366f7d4609bb8f","root.record.ItemExhibitList.P5Item"
"GEO 5-6 Obsolescence Non-Recurring","","","","","","","","","","","","","","","","","","461.824","0","599.227","77.942","59.461","","","","","","","2016-BASE_PROCUREMENT-2016-AIRFORCE_MISSILE-PROCUREMENT_JustificationBook_Air_Force_PB_2016.zzz_unzipped-PROCUREMENT_JustificationBook_Air_Force_PB_2016.xml","b7250a7bc654675ae44d6d62c2bb1e4e483647e362d5d04206595c9b29029aa8","0-024de7740636d5e8a315e25899ff2ce51850a59f64bb0ec81c55bffc18295954","1-7aa07d4bca5ad2e7c4328ebe5b17ed7c62ef9065ff81e845bfa381cbc45d6e50","root.record.ItemExhibitList.P5Item"
"FY14 Incremental Funding","","","","","","","","","","","","","","","","","","-77.942","0","-77.942","","","","","","","","","2016-BASE_PROCUREMENT-2016-AIRFORCE_MISSILE-PROCUREMENT_JustificationBook_Air_Force_PB_2016.zzz_unzipped-PROCUREMENT_JustificationBook_Air_Force_PB_2016.xml","b7250a7bc654675ae44d6d62c2bb1e4e483647e362d5d04206595c9b29029aa8","1-68ed2c2c67b311b7464f978d555052beaf04638e2bb3ea5beb2b97451767e5e3","1-7aa07d4bca5ad2e7c4328ebe5b17ed7c62ef9065ff81e845bfa381cbc45d6e50","root.record.ItemExhibitList.P5Item"
"FY15 Incremental Funding","","","","","","","","","","","","","","","","","","-59.461","0","-59.461","","","","","","","","","2016-BASE_PROCUREMENT-2016-AIRFORCE_MISSILE-PROCUREMENT_JustificationBook_Air_Force_PB_2016.zzz_unzipped-PROCUREMENT_JustificationBook_Air_Force_PB_2016.xml","b7250a7bc654675ae44d6d62c2bb1e4e483647e362d5d04206595c9b29029aa8","2-83887fb9c7ec257928ab8d598fefbe5af064dcc154791870a01f73e33f98cf23","1-7aa07d4bca5ad2e7c4328ebe5b17ed7c62ef9065ff81e845bfa381cbc45d6e50","root.record.ItemExhibitList.P5Item"
"FY16 Incremental Funding (3021)","","","","","","","","","","","","","","","","","","-25.508","0","-25.508","","","","","","","","","2016-BASE_PROCUREMENT-2016-AIRFORCE_MISSILE-PROCUREMENT_JustificationBook_Air_Force_PB_2016.zzz_unzipped-PROCUREMENT_JustificationBook_Air_Force_PB_2016.xml","b7250a7bc654675ae44d6d62c2bb1e4e483647e362d5d04206595c9b29029aa8","3-5b29a5db680f0195aa3641b8d2f619d722ec8c089ec3345b05c250b2834c6455","1-7aa07d4bca5ad2e7c4328ebe5b17ed7c62ef9065ff81e845bfa381cbc45d6e50","root.record.ItemExhibitList.P5Item"
"FY17 Incremental Funding (3021)","","","","","","","","","","","","","","","","","","-13.235","0","-13.235","","","","","","","","","2016-BASE_PROCUREMENT-2016-AIRFORCE_MISSILE-PROCUREMENT_JustificationBook_Air_Force_PB_2016.zzz_unzipped-PROCUREMENT_JustificationBook_Air_Force_PB_2016.xml","b7250a7bc654675ae44d6d62c2bb1e4e483647e362d5d04206595c9b29029aa8","4-fd79771341c7950c9706297ea08b77d4002d750d4ef1816e41d29c41b30359fc","1-7aa07d4bca5ad2e7c4328ebe5b17ed7c62ef9065ff81e845bfa381cbc45d6e50","root.record.ItemExhibitList.P5Item"
"FY18 Incremental Funding (3021)","","","","","","","","","","","","","","","","","","-4.712","0","-4.712","","","","","","","","","2016-BASE_PROCUREMENT-2016-AIRFORCE_MISSILE-PROCUREMENT_JustificationBook_Air_Force_PB_2016.zzz_unzipped-PROCUREMENT_JustificationBook_Air_Force_PB_2016.xml","b7250a7bc654675ae44d6d62c2bb1e4e483647e362d5d04206595c9b29029aa8","5-06b263da6d7219f6bea030c75a2f536b1311b7620678ce412798b6fa43314715","1-7aa07d4bca5ad2e7c4328ebe5b17ed7c62ef9065ff81e845bfa381cbc45d6e50","root.record.ItemExhibitList.P5Item"
"GEO 5-6 Launch Vehicle and Range Integration","","","","","","","","","","","","","","","","","","0.158","0","2.415","0.286","1.971","","","","","","","2016-BASE_PROCUREMENT-2016-AIRFORCE_MISSILE-PROCUREMENT_JustificationBook_Air_Force_PB_2016.zzz_unzipped-PROCUREMENT_JustificationBook_Air_Force_PB_2016.xml","b7250a7bc654675ae44d6d62c2bb1e4e483647e362d5d04206595c9b29029aa8","6-a93648851a6d7ab0a4715a03247f4afb3139c3fe4c5f8b685d0eb9e47eea6ced","1-7aa07d4bca5ad2e7c4328ebe5b17ed7c62ef9065ff81e845bfa381cbc45d6e50","root.record.ItemExhibitList.P5Item"
"HEO 3-4 Obsolescence Non-Recurring","","","","","","","","","","","","","","","","","","155.384","0","155.384","","","","","","","","","2016-BASE_PROCUREMENT-2016-AIRFORCE_MISSILE-PROCUREMENT_JustificationBook_Air_Force_PB_2016.zzz_unzipped-PROCUREMENT_JustificationBook_Air_Force_PB_2016.xml","b7250a7bc654675ae44d6d62c2bb1e4e483647e362d5d04206595c9b29029aa8","0-6d3a1907db913386d4fa3f526139680c3e1b9ed1954a010e9b72b6ec0ec0e566","2-95552290cd6594f509c40068a017ee387e70f7ffe7413a63c9e44deda0fcca5e","root.record.ItemExhibitList.P5Item"
"HEO 3-4 Launch Vehicle and Range Integration","","","","","","","","","","","","","","","","","","3.371","0","3.603","","0.232","","","","","","","2016-BASE_PROCUREMENT-2016-AIRFORCE_MISSILE-PROCUREMENT_JustificationBook_Air_Force_PB_2016.zzz_unzipped-PROCUREMENT_JustificationBook_Air_Force_PB_2016.xml","b7250a7bc654675ae44d6d62c2bb1e4e483647e362d5d04206595c9b29029aa8","1-6657835117fa2fef131d87f8a6f63e959a5acd35bdb0c3d2ee88bde00e8cebc1","2-95552290cd6594f509c40068a017ee387e70f7ffe7413a63c9e44deda0fcca5e","root.record.ItemExhibitList.P5Item"
"GEO 3-4 Obsolescence Non-Recurring","","","","","","","","","","","","","","","","","","438.772","0","438.772","","","","","","","","","2016-BASE_PROCUREMENT-2016-AIRFORCE_MISSILE-PROCUREMENT_MasterJustificationBook_Air_Force_PB_2016.zzz_unzipped-PROCUREMENT_MasterJustificationBook_Air_Force_PB_2016.xml","c2682d49efaf19193dea2762b72643b49faaa2c67e9ab748e3149c7c25e9e852","0-b1324fbfe71d69bf3cb7f7969a7f99667049e09b11ed49ba6871265ccc0678e1","0-8faafa71f661ec57c32f0c6f2d09309a48469cfef0baef516226a3d1f06622e4","root.record.ItemExhibitList.P5Item"
"GEO 3-4 Launch Vehicle and Range Integration","","","","","","","","","","","","","","","","","","1.807","0","12.838","4.284","6.747","","","","","","","2016-BASE_PROCUREMENT-2016-AIRFORCE_MISSILE-PROCUREMENT_MasterJustificationBook_Air_Force_PB_2016.zzz_unzipped-PROCUREMENT_MasterJustificationBook_Air_Force_PB_2016.xml","c2682d49efaf19193dea2762b72643b49faaa2c67e9ab748e3149c7c25e9e852","1-08e16fefab62290050a8f791af29849d8119336074adc983c3be18ab0408d856","0-8faafa71f661ec57c32f0c6f2d09309a48469cfef0baef516226a3d1f06622e4","root.record.ItemExhibitList.P5Item"
"GEO 5-6 Obsolescence Non-Recurring","","","","","","","","","","","","","","","","","","461.824","0","599.227","77.942","59.461","","","","","","","2016-BASE_PROCUREMENT-2016-AIRFORCE_MISSILE-PROCUREMENT_MasterJustificationBook_Air_Force_PB_2016.zzz_unzipped-PROCUREMENT_MasterJustificationBook_Air_Force_PB_2016.xml","c2682d49efaf19193dea2762b72643b49faaa2c67e9ab748e3149c7c25e9e852","0-1b588a439d82fc7c0b15d661ad8fc118b141868741a00c4b2b3a4e91158fdc89","1-cbab4f9a81199e83e5d96ca8d60963b5541142aba161385ffbc59cf096004a6d","root.record.ItemExhibitList.P5Item"
"FY14 Incremental Funding","","","","","","","","","","","","","","","","","","-77.942","0","-77.942","","","","","","","","","2016-BASE_PROCUREMENT-2016-AIRFORCE_MISSILE-PROCUREMENT_MasterJustificationBook_Air_Force_PB_2016.zzz_unzipped-PROCUREMENT_MasterJustificationBook_Air_Force_PB_2016.xml","c2682d49efaf19193dea2762b72643b49faaa2c67e9ab748e3149c7c25e9e852","1-602f9f8c466e73530d9808192a47376851d4850cb5d2a3df66d478c6c054cc40","1-cbab4f9a81199e83e5d96ca8d60963b5541142aba161385ffbc59cf096004a6d","root.record.ItemExhibitList.P5Item"
"FY15 Incremental Funding","","","","","","","","","","","","","","","","","","-59.461","0","-59.461","","","","","","","","","2016-BASE_PROCUREMENT-2016-AIRFORCE_MISSILE-PROCUREMENT_MasterJustificationBook_Air_Force_PB_2016.zzz_unzipped-PROCUREMENT_MasterJustificationBook_Air_Force_PB_2016.xml","c2682d49efaf19193dea2762b72643b49faaa2c67e9ab748e3149c7c25e9e852","2-c1eac5bf79783297c874bcc48f11491cb114d5a9a12cc90b89dda1a8ffcd1114","1-cbab4f9a81199e83e5d96ca8d60963b5541142aba161385ffbc59cf096004a6d","root.record.ItemExhibitList.P5Item"
"FY16 Incremental Funding (3021)","","","","","","","","","","","","","","","","","","-25.508","0","-25.508","","","","","","","","","2016-BASE_PROCUREMENT-2016-AIRFORCE_MISSILE-PROCUREMENT_MasterJustificationBook_Air_Force_PB_2016.zzz_unzipped-PROCUREMENT_MasterJustificationBook_Air_Force_PB_2016.xml","c2682d49efaf19193dea2762b72643b49faaa2c67e9ab748e3149c7c25e9e852","3-60a41d2e5445116a4ad6751d476eaca9849481c9d32b0a10b3ae411f448e51dc","1-cbab4f9a81199e83e5d96ca8d60963b5541142aba161385ffbc59cf096004a6d","root.record.ItemExhibitList.P5Item"
"FY17 Incremental Funding (3021)","","","","","","","","","","","","","","","","","","-13.235","0","-13.235","","","","","","","","","2016-BASE_PROCUREMENT-2016-AIRFORCE_MISSILE-PROCUREMENT_MasterJustificationBook_Air_Force_PB_2016.zzz_unzipped-PROCUREMENT_MasterJustificationBook_Air_Force_PB_2016.xml","c2682d49efaf19193dea2762b72643b49faaa2c67e9ab748e3149c7c25e9e852","4-b9be1af7fedf4c599d295ed9fd1b31531eec6245f60a896f25b7c87fc6840875","1-cbab4f9a81199e83e5d96ca8d60963b5541142aba161385ffbc59cf096004a6d","root.record.ItemExhibitList.P5Item"
"FY18 Incremental Funding (3021)","","","","","","","","","","","","","","","","","","-4.712","0","-4.712","","","","","","","","","2016-BASE_PROCUREMENT-2016-AIRFORCE_MISSILE-PROCUREMENT_MasterJustificationBook_Air_Force_PB_2016.zzz_unzipped-PROCUREMENT_MasterJustificationBook_Air_Force_PB_2016.xml","c2682d49efaf19193dea2762b72643b49faaa2c67e9ab748e3149c7c25e9e852","5-708600f36f398d826e00fa404bd373b79e4f80b8bc18b450e1b6b144bb858c5f","1-cbab4f9a81199e83e5d96ca8d60963b5541142aba161385ffbc59cf096004a6d","root.record.ItemExhibitList.P5Item"
"GEO 5-6 Launch Vehicle and Range Integration","","","","","","","","","","","","","","","","","","0.158","0","2.415","0.286","1.971","","","","","","","2016-BASE_PROCUREMENT-2016-AIRFORCE_MISSILE-PROCUREMENT_MasterJustificationBook_Air_Force_PB_2016.zzz_unzipped-PROCUREMENT_MasterJustificationBook_Air_Force_PB_2016.xml","c2682d49efaf19193dea2762b72643b49faaa2c67e9ab748e3149c7c25e9e852","6-82811e16a875d4e01b17917259d737e643f08931e6220a54168273968f7491bb","1-cbab4f9a81199e83e5d96ca8d60963b5541142aba161385ffbc59cf096004a6d","root.record.ItemExhibitList.P5Item"
"HEO 3-4 Obsolescence Non-Recurring","","","","","","","","","","","","","","","","","","155.384","0","155.384","","","","","","","","","2016-BASE_PROCUREMENT-2016-AIRFORCE_MISSILE-PROCUREMENT_MasterJustificationBook_Air_Force_PB_2016.zzz_unzipped-PROCUREMENT_MasterJustificationBook_Air_Force_PB_2016.xml","c2682d49efaf19193dea2762b72643b49faaa2c67e9ab748e3149c7c25e9e852","0-6d9e9481c938aab9b1a460f59945507e6ca4ebb8ca576148f95ef2e8dd35759f","2-eed9086981b625d87b2b1782216485b561d743a87f6bd08c39f9080f094a4572","root.record.ItemExhibitList.P5Item"
"HEO 3-4 Launch Vehicle and Range Integration","","","","","","","","","","","","","","","","","","3.371","0","3.603","","0.232","","","","","","","2016-BASE_PROCUREMENT-2016-AIRFORCE_MISSILE-PROCUREMENT_MasterJustificationBook_Air_Force_PB_2016.zzz_unzipped-PROCUREMENT_MasterJustificationBook_Air_Force_PB_2016.xml","c2682d49efaf19193dea2762b72643b49faaa2c67e9ab748e3149c7c25e9e852","1-c378efdfde34feddcbba6926753fa330b6ac3df4611e53fd12cf66a17c55c505","2-eed9086981b625d87b2b1782216485b561d743a87f6bd08c39f9080f094a4572","root.record.ItemExhibitList.P5Item"
"GPS III SV11+ Non Recurring Engineering (NRE)","","","","","","","","","","","","","","","","","","","0","287.3","","","","","","202.2","85.1","","2016-BASE_PROCUREMENT-2016-AIRFORCE_SPACE-PROCUREMENT_JustificationBook_Air_Force_PB_2016.zzz_unzipped-PROCUREMENT_JustificationBook_Air_Force_PB_2016.xml","678e9f85d37c485a8e95cf2f19be22938c446e29fa4a202f939bb30848017f66","0-3cb63167694e34afbf5d31224bff09a7a97584dbb78df9a515b6a489bbf7eec5","0-0aad16e0c3d699ce739656401d3b233f9828adcc7a80e3b2b3e609eccc29bff1","root.record.ItemExhibitList.P5Item"
"GEO 3-4 Obsolescence Non-Recurring","","","","","","","","","","","","","","","","","","0","0","0","","","","","","","","","2016-BASE_PROCUREMENT-2016-AIRFORCE_SPACE-PROCUREMENT_JustificationBook_Air_Force_PB_2016.zzz_unzipped-PROCUREMENT_JustificationBook_Air_Force_PB_2016.xml","287b62771054d0f13cd631e4cc2a4355b1a7900fa72ee0f32c62ae772146f461","0-35b69f7338ef90be9ba5b2ce408c35e3a5e038157a72cbc2b78f037eda480496","0-f35f8efa54bed03d4eba1ba6886b6b47e13539e58755b51e3a9b9311f064e102","root.record.ItemExhibitList.P5Item"
"GEO 3-4 Launch Vehicle and Range Integration","","","","","","","","","","","","","","","","","","","0","16.621","","","8.317","8.317","7.178","1.126","","","2016-BASE_PROCUREMENT-2016-AIRFORCE_SPACE-PROCUREMENT_JustificationBook_Air_Force_PB_2016.zzz_unzipped-PROCUREMENT_JustificationBook_Air_Force_PB_2016.xml","287b62771054d0f13cd631e4cc2a4355b1a7900fa72ee0f32c62ae772146f461","1-b4a4306679ac5d5c018d1f2ee04fb2a27d7e11d6ce6e731e167e9d5e4c18599a","0-f35f8efa54bed03d4eba1ba6886b6b47e13539e58755b51e3a9b9311f064e102","root.record.ItemExhibitList.P5Item"
"GEO 5-6 Obsolescence Non-Recurring","","","","","","","","","","","","","","","","","","","0","43.455","","","25.508","25.508","13.235","4.712","","","2016-BASE_PROCUREMENT-2016-AIRFORCE_SPACE-PROCUREMENT_JustificationBook_Air_Force_PB_2016.zzz_unzipped-PROCUREMENT_JustificationBook_Air_Force_PB_2016.xml","287b62771054d0f13cd631e4cc2a4355b1a7900fa72ee0f32c62ae772146f461","0-f6b3382bd383167b8d35b55a61f8e21e685492b55485c5ecd1e5de8199d1893c","1-b965051dc1175ffe860180eae54be78e43564428af2db75edb4dc33e38a95e5b","root.record.ItemExhibitList.P5Item"
"GEO 5-6 Launch Vehicle and Range Integration","","","","","","","","","","","","","","","","","","","5.08","71.594","","","11.922","11.922","10.168","37.001","1.673","5.75","2016-BASE_PROCUREMENT-2016-AIRFORCE_SPACE-PROCUREMENT_JustificationBook_Air_Force_PB_2016.zzz_unzipped-PROCUREMENT_JustificationBook_Air_Force_PB_2016.xml","287b62771054d0f13cd631e4cc2a4355b1a7900fa72ee0f32c62ae772146f461","1-549e58bb48bd948e664b27313d16b1881606426fd8be4dab03b5b0e98e381f20","1-b965051dc1175ffe860180eae54be78e43564428af2db75edb4dc33e38a95e5b","root.record.ItemExhibitList.P5Item"
"HEO 3-4 Obsolescence Non-Recurring","","","","","","","","","","","","","","","","","","0","0","0","","","","","","","","","2016-BASE_PROCUREMENT-2016-AIRFORCE_SPACE-PROCUREMENT_JustificationBook_Air_Force_PB_2016.zzz_unzipped-PROCUREMENT_JustificationBook_Air_Force_PB_2016.xml","287b62771054d0f13cd631e4cc2a4355b1a7900fa72ee0f32c62ae772146f461","0-a4100b8543cf7ff42865ffdebfb4cdb038968d336db847a1d85bd0c964b8f20a","2-31e263fa6dcbf06e124029a4acba894e32718095fbfb331e583b17639a9653bd","root.record.ItemExhibitList.P5Item"
"HEO 3-4 Launch Vehicle and Range Integration","","","","","","","","","","","","","","","","","","0","0","0","","","","","","","","","2016-BASE_PROCUREMENT-2016-AIRFORCE_SPACE-PROCUREMENT_JustificationBook_Air_Force_PB_2016.zzz_unzipped-PROCUREMENT_JustificationBook_Air_Force_PB_2016.xml","287b62771054d0f13cd631e4cc2a4355b1a7900fa72ee0f32c62ae772146f461","1-e73d8ce5f515e93f540955fc2a0f8c244f32fef7e4bbce84ae8eddadac97d24f","2-31e263fa6dcbf06e124029a4acba894e32718095fbfb331e583b17639a9653bd","root.record.ItemExhibitList.P5Item"
"GPS III SV11+ Non Recurring Engineering (NRE)","","","","","","","","","","","","","","","","","","","0","287.3","","","","","","202.2","85.1","","2016-BASE_PROCUREMENT-2016-AIRFORCE_SPACE-PROCUREMENT_MasterJustificationBook_Air_Force_PB_2016.zzz_unzipped-PROCUREMENT_MasterJustificationBook_Air_Force_PB_2016.xml","c5a4557238b31f1521498953a3c7e3ef4b25abd540d107617a261a54274c2734","0-69e863eb36b3afec880458c313e768bbb7c3d43493183d12757264802517538d","0-73aad807004359580da86fcfe2da29f3e46ed6de5a1d1a8d9d62ba5c891426b6","root.record.ItemExhibitList.P5Item"
"GEO 3-4 Obsolescence Non-Recurring","","","","","","","","","","","","","","","","","","0","0","0","","","","","","","","","2016-BASE_PROCUREMENT-2016-AIRFORCE_SPACE-PROCUREMENT_MasterJustificationBook_Air_Force_PB_2016.zzz_unzipped-PROCUREMENT_MasterJustificationBook_Air_Force_PB_2016.xml","f8d9619bd1899c8e2ae8e81d8b2b51cac6d373193ca0be49716a61749c39d71f","0-ebd46d3e3069c3937783c35d57182109a82c92ab9cc09b8208c7d3dc315766bb","0-e26ea139a63b1c14686689e868bc5e0fea3939a11913bd80133a0268a83ca620","root.record.ItemExhibitList.P5Item"
"GEO 3-4 Launch Vehicle and Range Integration","","","","","","","","","","","","","","","","","","","0","16.621","","","8.317","8.317","7.178","1.126","","","2016-BASE_PROCUREMENT-2016-AIRFORCE_SPACE-PROCUREMENT_MasterJustificationBook_Air_Force_PB_2016.zzz_unzipped-PROCUREMENT_MasterJustificationBook_Air_Force_PB_2016.xml","f8d9619bd1899c8e2ae8e81d8b2b51cac6d373193ca0be49716a61749c39d71f","1-3c1d554500db8adc91b5dfe05f1380b326f80d461f932cb2f15466e6593cd5e5","0-e26ea139a63b1c14686689e868bc5e0fea3939a11913bd80133a0268a83ca620","root.record.ItemExhibitList.P5Item"
"GEO 5-6 Obsolescence Non-Recurring","","","","","","","","","","","","","","","","","","","0","43.455","","","25.508","25.508","13.235","4.712","","","2016-BASE_PROCUREMENT-2016-AIRFORCE_SPACE-PROCUREMENT_MasterJustificationBook_Air_Force_PB_2016.zzz_unzipped-PROCUREMENT_MasterJustificationBook_Air_Force_PB_2016.xml","f8d9619bd1899c8e2ae8e81d8b2b51cac6d373193ca0be49716a61749c39d71f","0-6130ba49a3884ebb00d963fb36a2b144a0bc8c80a4c8eb84b750dda75ec054a2","1-56141471c63e14cc388a10ac544b38a27fd5314b075dfedbf9911df80ed11e5f","root.record.ItemExhibitList.P5Item"
"GEO 5-6 Launch Vehicle and Range Integration","","","","","","","","","","","","","","","","","","","5.08","71.594","","","11.922","11.922","10.168","37.001","1.673","5.75","2016-BASE_PROCUREMENT-2016-AIRFORCE_SPACE-PROCUREMENT_MasterJustificationBook_Air_Force_PB_2016.zzz_unzipped-PROCUREMENT_MasterJustificationBook_Air_Force_PB_2016.xml","f8d9619bd1899c8e2ae8e81d8b2b51cac6d373193ca0be49716a61749c39d71f","1-6f4aea0fbf35c036d1be91a06463058626491edba4f7248e228059b5fa15cd09","1-56141471c63e14cc388a10ac544b38a27fd5314b075dfedbf9911df80ed11e5f","root.record.ItemExhibitList.P5Item"
"HEO 3-4 Obsolescence Non-Recurring","","","","","","","","","","","","","","","","","","0","0","0","","","","","","","","","2016-BASE_PROCUREMENT-2016-AIRFORCE_SPACE-PROCUREMENT_MasterJustificationBook_Air_Force_PB_2016.zzz_unzipped-PROCUREMENT_MasterJustificationBook_Air_Force_PB_2016.xml","f8d9619bd1899c8e2ae8e81d8b2b51cac6d373193ca0be49716a61749c39d71f","0-227f09c16a268d70b4b356e1ab8b0f09814cf9a883bcf3c20ecd82da0893949a","2-28d20d424f7186dae05701377d64668f9c872d6c47f13579d20a2180edbead93","root.record.ItemExhibitList.P5Item"
"HEO 3-4 Launch Vehicle and Range Integration","","","","","","","","","","","","","","","","","","0","0","0","","","","","","","","","2016-BASE_PROCUREMENT-2016-AIRFORCE_SPACE-PROCUREMENT_MasterJustificationBook_Air_Force_PB_2016.zzz_unzipped-PROCUREMENT_MasterJustificationBook_Air_Force_PB_2016.xml","f8d9619bd1899c8e2ae8e81d8b2b51cac6d373193ca0be49716a61749c39d71f","1-0a8fc6cda976f35448045d9fd621703312ba8f697a38f429f273657a81773fc4","2-28d20d424f7186dae05701377d64668f9c872d6c47f13579d20a2180edbead93","root.record.ItemExhibitList.P5Item"
"GEO 3-4 Obsolescence Non-Recurring","","","","","","","","","","","","","","","","","","450.511","0","450.511","","","","","","","","","2017-BASE_PROCUREMENT-2017-AIRFORCE_MISSILE-U_PROCUREMENT_JustificationBook_Air_Force_PB_2017.zzz_unzipped-U_PROCUREMENT_JustificationBook_Air_Force_PB_2017.xml","0044feba6c5f103dc52333af25237d8df99ab8495c014e88535cc38b2a15aca5","0-860964fe905ce236380462435f4e6d929e5c9ffdf4c79b926d55db5e89aaf46e","0-2e945ddd6ac7552467c91054bb903edb357ff83523b55e174ed5d023af383d45","root.record.ItemExhibitList.P5Item"
"GEO 3-4 Launch Vehicle and Range Integration","","","","","","","","","","","","","","","","","","0.303","0","18.851","18.548","","","","","","","","2017-BASE_PROCUREMENT-2017-AIRFORCE_MISSILE-U_PROCUREMENT_JustificationBook_Air_Force_PB_2017.zzz_unzipped-U_PROCUREMENT_JustificationBook_Air_Force_PB_2017.xml","0044feba6c5f103dc52333af25237d8df99ab8495c014e88535cc38b2a15aca5","1-f6399a529e0a84e12678906ebbd4ba65fdcd99e161d8f5851651ccb66988bacf","0-2e945ddd6ac7552467c91054bb903edb357ff83523b55e174ed5d023af383d45","root.record.ItemExhibitList.P5Item"
"GEO 5-6 Obsolescence Non-Recurring","","","","","","","","","","","","","","","","","","461.824","0","521.285","59.461","","","","","","","","2017-BASE_PROCUREMENT-2017-AIRFORCE_MISSILE-U_PROCUREMENT_JustificationBook_Air_Force_PB_2017.zzz_unzipped-U_PROCUREMENT_JustificationBook_Air_Force_PB_2017.xml","0044feba6c5f103dc52333af25237d8df99ab8495c014e88535cc38b2a15aca5","0-0644228cc6beb95c1b196578f7166fc1fa0b6ada728310a1dd9802e99039c763","1-21966717697613569f33a06eebc44e81b0209688242e0e9e3bca36cd3f405c8c","root.record.ItemExhibitList.P5Item"
"FY15 Incremental Funding","","","","","","","","","","","","","","","","","","-59.461","0","-59.461","","","","","","","","","2017-BASE_PROCUREMENT-2017-AIRFORCE_MISSILE-U_PROCUREMENT_JustificationBook_Air_Force_PB_2017.zzz_unzipped-U_PROCUREMENT_JustificationBook_Air_Force_PB_2017.xml","0044feba6c5f103dc52333af25237d8df99ab8495c014e88535cc38b2a15aca5","1-2aa38f0228896366cb193c36a5922f77684ced735aeb8f8878de4be8d8e0e6c2","1-21966717697613569f33a06eebc44e81b0209688242e0e9e3bca36cd3f405c8c","root.record.ItemExhibitList.P5Item"
"FY16 Incremental Funding (3021)","","","","","","","","","","","","","","","","","","-25.508","0","-25.508","","","","","","","","","2017-BASE_PROCUREMENT-2017-AIRFORCE_MISSILE-U_PROCUREMENT_JustificationBook_Air_Force_PB_2017.zzz_unzipped-U_PROCUREMENT_JustificationBook_Air_Force_PB_2017.xml","0044feba6c5f103dc52333af25237d8df99ab8495c014e88535cc38b2a15aca5","2-8e736bfa61df9e27d14bd91fa84f0112f2ab8ea2ed0557e7c87dc930a5b04d44","1-21966717697613569f33a06eebc44e81b0209688242e0e9e3bca36cd3f405c8c","root.record.ItemExhibitList.P5Item"
"FY17 Incremental Funding (3021)","","","","","","","","","","","","","","","","","","-13.235","0","-13.235","","","","","","","","","2017-BASE_PROCUREMENT-2017-AIRFORCE_MISSILE-U_PROCUREMENT_JustificationBook_Air_Force_PB_2017.zzz_unzipped-U_PROCUREMENT_JustificationBook_Air_Force_PB_2017.xml","0044feba6c5f103dc52333af25237d8df99ab8495c014e88535cc38b2a15aca5","3-866c8fbd07d021b0e868274a86f43383fa16b8e6c578602c2d047f0b392f4955","1-21966717697613569f33a06eebc44e81b0209688242e0e9e3bca36cd3f405c8c","root.record.ItemExhibitList.P5Item"
"FY18 Incremental Funding (3021)","","","","","","","","","","","","","","","","","","-4.712","0","-4.712","","","","","","","","","2017-BASE_PROCUREMENT-2017-AIRFORCE_MISSILE-U_PROCUREMENT_JustificationBook_Air_Force_PB_2017.zzz_unzipped-U_PROCUREMENT_JustificationBook_Air_Force_PB_2017.xml","0044feba6c5f103dc52333af25237d8df99ab8495c014e88535cc38b2a15aca5","4-8f1e066cc729f7498b4d028cb9fcbc51e9852738df4e36f32d5b635c4b8cd6ce","1-21966717697613569f33a06eebc44e81b0209688242e0e9e3bca36cd3f405c8c","root.record.ItemExhibitList.P5Item"
"GEO 5-6 Launch Vehicle and Range Integration","","","","","","","","","","","","","","","","","","0.286","0","0.836","0.55","","","","","","","","2017-BASE_PROCUREMENT-2017-AIRFORCE_MISSILE-U_PROCUREMENT_JustificationBook_Air_Force_PB_2017.zzz_unzipped-U_PROCUREMENT_JustificationBook_Air_Force_PB_2017.xml","0044feba6c5f103dc52333af25237d8df99ab8495c014e88535cc38b2a15aca5","5-e7cc64c3f649c1a992f8a0cc8d9e4c09d918a1d029cb3823ad1f7c4d78ef8bc0","1-21966717697613569f33a06eebc44e81b0209688242e0e9e3bca36cd3f405c8c","root.record.ItemExhibitList.P5Item"
"HEO 3-4 Obsolescence Non-Recurring","","","","","","","","","","","","","","","","","","158.796","0","158.796","","","","","","","","","2017-BASE_PROCUREMENT-2017-AIRFORCE_MISSILE-U_PROCUREMENT_JustificationBook_Air_Force_PB_2017.zzz_unzipped-U_PROCUREMENT_JustificationBook_Air_Force_PB_2017.xml","0044feba6c5f103dc52333af25237d8df99ab8495c014e88535cc38b2a15aca5","0-0f9d10773087586301765fcf9fcb180581e51f6d126466ec201d44f1c96c80ac","2-936f9df0c8906fecfc60ca69db1bd77e86c113a4a62832e469dc712a3ed980c8","root.record.ItemExhibitList.P5Item"
"HEO 3-4 Launch Vehicle and Range Integration","","","","","","","","","","","","","","","","","","3.376","0","3.608","0.232","","","","","","","","2017-BASE_PROCUREMENT-2017-AIRFORCE_MISSILE-U_PROCUREMENT_JustificationBook_Air_Force_PB_2017.zzz_unzipped-U_PROCUREMENT_JustificationBook_Air_Force_PB_2017.xml","0044feba6c5f103dc52333af25237d8df99ab8495c014e88535cc38b2a15aca5","1-e4fbc22ef9a748df069db4149aecf04d2d90c7c2095385cc7df4e909a8c3bae1","2-936f9df0c8906fecfc60ca69db1bd77e86c113a4a62832e469dc712a3ed980c8","root.record.ItemExhibitList.P5Item"
"GEO 3-4 Obsolescence Non-Recurring","","","","","","","","","","","","","","","","","","450.511","0","450.511","","","","","","","","","2017-BASE_PROCUREMENT-2017-AIRFORCE_MISSILE-U_PROCUREMENT_MasterJustificationBook_Air_Force_PB_2017.zzz_unzipped-U_PROCUREMENT_MasterJustificationBook_Air_Force_PB_2017.xml","ba076296aff15c2f2961886b84d8a001a53c229bc2b8cc2bff1bf90636aa7516","0-2932e8802fa9b0117fa5b39a5bf2ecf210d71d50a895d7bddfc552cdf2c21501","0-a6084c29cd7f5f6df52c59c94b488ff39e3e2599e4a135861cb25258a58c6536","root.record.ItemExhibitList.P5Item"
"GEO 3-4 Launch Vehicle and Range Integration","","","","","","","","","","","","","","","","","","0.303","0","18.851","18.548","","","","","","","","2017-BASE_PROCUREMENT-2017-AIRFORCE_MISSILE-U_PROCUREMENT_MasterJustificationBook_Air_Force_PB_2017.zzz_unzipped-U_PROCUREMENT_MasterJustificationBook_Air_Force_PB_2017.xml","ba076296aff15c2f2961886b84d8a001a53c229bc2b8cc2bff1bf90636aa7516","1-bdd661508edf4e65886decb5549e1547ffa2818cf4d7122911b5338f4156f9ec","0-a6084c29cd7f5f6df52c59c94b488ff39e3e2599e4a135861cb25258a58c6536","root.record.ItemExhibitList.P5Item"
"GEO 5-6 Obsolescence Non-Recurring","","","","","","","","","","","","","","","","","","461.824","0","521.285","59.461","","","","","","","","2017-BASE_PROCUREMENT-2017-AIRFORCE_MISSILE-U_PROCUREMENT_MasterJustificationBook_Air_Force_PB_2017.zzz_unzipped-U_PROCUREMENT_MasterJustificationBook_Air_Force_PB_2017.xml","ba076296aff15c2f2961886b84d8a001a53c229bc2b8cc2bff1bf90636aa7516","0-13ef3d5a3da54bcea54e45c2892384bb48dd028b7e795240c78e3c2fce206014","1-58fb91bbda03b9d5c5b51b849b04c94ed7dc6d8ed585f63de6c705eee753b38c","root.record.ItemExhibitList.P5Item"
"FY15 Incremental Funding","","","","","","","","","","","","","","","","","","-59.461","0","-59.461","","","","","","","","","2017-BASE_PROCUREMENT-2017-AIRFORCE_MISSILE-U_PROCUREMENT_MasterJustificationBook_Air_Force_PB_2017.zzz_unzipped-U_PROCUREMENT_MasterJustificationBook_Air_Force_PB_2017.xml","ba076296aff15c2f2961886b84d8a001a53c229bc2b8cc2bff1bf90636aa7516","1-2452bf870b42253181f11f867607a6e91b54a6868f4ece74fa989b8c4da75141","1-58fb91bbda03b9d5c5b51b849b04c94ed7dc6d8ed585f63de6c705eee753b38c","root.record.ItemExhibitList.P5Item"
"FY16 Incremental Funding (3021)","","","","","","","","","","","","","","","","","","-25.508","0","-25.508","","","","","","","","","2017-BASE_PROCUREMENT-2017-AIRFORCE_MISSILE-U_PROCUREMENT_MasterJustificationBook_Air_Force_PB_2017.zzz_unzipped-U_PROCUREMENT_MasterJustificationBook_Air_Force_PB_2017.xml","ba076296aff15c2f2961886b84d8a001a53c229bc2b8cc2bff1bf90636aa7516","2-1c7e2206b92eb2cd94d7dc8e3b15ab1dd83e2b031d858d28182056d4828a1f6b","1-58fb91bbda03b9d5c5b51b849b04c94ed7dc6d8ed585f63de6c705eee753b38c","root.record.ItemExhibitList.P5Item"
"FY17 Incremental Funding (3021)","","","","","","","","","","","","","","","","","","-13.235","0","-13.235","","","","","","","","","2017-BASE_PROCUREMENT-2017-AIRFORCE_MISSILE-U_PROCUREMENT_MasterJustificationBook_Air_Force_PB_2017.zzz_unzipped-U_PROCUREMENT_MasterJustificationBook_Air_Force_PB_2017.xml","ba076296aff15c2f2961886b84d8a001a53c229bc2b8cc2bff1bf90636aa7516","3-586798b08dc2d657f17e3d857800e2fd8b0528b34228f383d53e273c4ae93f09","1-58fb91bbda03b9d5c5b51b849b04c94ed7dc6d8ed585f63de6c705eee753b38c","root.record.ItemExhibitList.P5Item"
"FY18 Incremental Funding (3021)","","","","","","","","","","","","","","","","","","-4.712","0","-4.712","","","","","","","","","2017-BASE_PROCUREMENT-2017-AIRFORCE_MISSILE-U_PROCUREMENT_MasterJustificationBook_Air_Force_PB_2017.zzz_unzipped-U_PROCUREMENT_MasterJustificationBook_Air_Force_PB_2017.xml","ba076296aff15c2f2961886b84d8a001a53c229bc2b8cc2bff1bf90636aa7516","4-314c0e3b8d0c23a7a2d331e31cc28fa1c7ef4bdef5908e328312527336f44bdd","1-58fb91bbda03b9d5c5b51b849b04c94ed7dc6d8ed585f63de6c705eee753b38c","root.record.ItemExhibitList.P5Item"
"GEO 5-6 Launch Vehicle and Range Integration","","","","","","","","","","","","","","","","","","0.286","0","0.836","0.55","","","","","","","","2017-BASE_PROCUREMENT-2017-AIRFORCE_MISSILE-U_PROCUREMENT_MasterJustificationBook_Air_Force_PB_2017.zzz_unzipped-U_PROCUREMENT_MasterJustificationBook_Air_Force_PB_2017.xml","ba076296aff15c2f2961886b84d8a001a53c229bc2b8cc2bff1bf90636aa7516","5-5d3139fd41e4d41af908f993173af7de23511e6504b0c0c4ee981c95d519b7b7","1-58fb91bbda03b9d5c5b51b849b04c94ed7dc6d8ed585f63de6c705eee753b38c","root.record.ItemExhibitList.P5Item"
"HEO 3-4 Obsolescence Non-Recurring","","","","","","","","","","","","","","","","","","158.796","0","158.796","","","","","","","","","2017-BASE_PROCUREMENT-2017-AIRFORCE_MISSILE-U_PROCUREMENT_MasterJustificationBook_Air_Force_PB_2017.zzz_unzipped-U_PROCUREMENT_MasterJustificationBook_Air_Force_PB_2017.xml","ba076296aff15c2f2961886b84d8a001a53c229bc2b8cc2bff1bf90636aa7516","0-c88e6fb8fb1152a2bffd8b67bde16821c69ee95c12cf1067006b0a806c674678","2-9efa257777fd100a3be963239e029379d631907530670f3cc4efa68122bc7cfa","root.record.ItemExhibitList.P5Item"
"HEO 3-4 Launch Vehicle and Range Integration","","","","","","","","","","","","","","","","","","3.376","0","3.608","0.232","","","","","","","","2017-BASE_PROCUREMENT-2017-AIRFORCE_MISSILE-U_PROCUREMENT_MasterJustificationBook_Air_Force_PB_2017.zzz_unzipped-U_PROCUREMENT_MasterJustificationBook_Air_Force_PB_2017.xml","ba076296aff15c2f2961886b84d8a001a53c229bc2b8cc2bff1bf90636aa7516","1-c2f60faf68347e924ea07ec0ada56152e325caacd322bc583bd6bf15e4848ef3","2-9efa257777fd100a3be963239e029379d631907530670f3cc4efa68122bc7cfa","root.record.ItemExhibitList.P5Item"
"GEO 3-4 Obsolescence Non-Recurring","","","","","","","","","","","","","","","","","","0","0","0","","","","","","","","","2017-BASE_PROCUREMENT-2017-AIRFORCE_SPACE-U_PROCUREMENT_JustificationBook_Air_Force_PB_2017.zzz_unzipped-U_PROCUREMENT_JustificationBook_Air_Force_PB_2017.xml","47a5432172342821db8a8588f41755940326caa43b9180a0dbf6bec4e452e639","0-2d6678d1ae97bed48ebacd32acff856d5e96b5cf10c47cae9a5f57af228ae30a","0-8620606d7964644c9bf2c6b09d9b4d62d80431167b1bc324b3a74cc95181c182","root.record.ItemExhibitList.P5Item"
"GEO 3-4 Launch Vehicle and Range Integration","","","","","","","","","","","","","","","","","","","0","45.418","","6.813","30.539","30.539","8.066","","","","2017-BASE_PROCUREMENT-2017-AIRFORCE_SPACE-U_PROCUREMENT_JustificationBook_Air_Force_PB_2017.zzz_unzipped-U_PROCUREMENT_JustificationBook_Air_Force_PB_2017.xml","47a5432172342821db8a8588f41755940326caa43b9180a0dbf6bec4e452e639","1-8c7a8200dcb1c9430c4d62bf0edbfcf2a31d08226b864de209f12cf13c7a56ce","0-8620606d7964644c9bf2c6b09d9b4d62d80431167b1bc324b3a74cc95181c182","root.record.ItemExhibitList.P5Item"
"GEO 5-6 Obsolescence Non-Recurring","","","","","","","","","","","","","","","","","","","0","43.455","","25.508","13.235","13.235","4.712","","","","2017-BASE_PROCUREMENT-2017-AIRFORCE_SPACE-U_PROCUREMENT_JustificationBook_Air_Force_PB_2017.zzz_unzipped-U_PROCUREMENT_JustificationBook_Air_Force_PB_2017.xml","47a5432172342821db8a8588f41755940326caa43b9180a0dbf6bec4e452e639","0-c632bb4f1b61e310dda1b01ffbd4251be539764cc1fd1d5d0cadb123d8c5e4dd","1-a1a70f8b78cd7910948ae203ae0600ec6dc83a5bb98a95b9247f1fe1aeb3c678","root.record.ItemExhibitList.P5Item"
"GEO 5-6 Launch Vehicle and Range Integration","","","","","","","","","","","","","","","","","","","0","71.396","","0","2.13","2.13","27.835","3.643","16.753","21.035","2017-BASE_PROCUREMENT-2017-AIRFORCE_SPACE-U_PROCUREMENT_JustificationBook_Air_Force_PB_2017.zzz_unzipped-U_PROCUREMENT_JustificationBook_Air_Force_PB_2017.xml","47a5432172342821db8a8588f41755940326caa43b9180a0dbf6bec4e452e639","1-74da915a26abf882b4e8f70a0f8adfc9ea77707bd949258c116aa861b1d18169","1-a1a70f8b78cd7910948ae203ae0600ec6dc83a5bb98a95b9247f1fe1aeb3c678","root.record.ItemExhibitList.P5Item"
"HEO 3-4 Obsolescence Non-Recurring","","","","","","","","","","","","","","","","","","0","0","0","","","","","","","","","2017-BASE_PROCUREMENT-2017-AIRFORCE_SPACE-U_PROCUREMENT_JustificationBook_Air_Force_PB_2017.zzz_unzipped-U_PROCUREMENT_JustificationBook_Air_Force_PB_2017.xml","47a5432172342821db8a8588f41755940326caa43b9180a0dbf6bec4e452e639","0-5c08f7887c083a17bafbd571d4af9e5a8ed1deddf48853bfdfdf44ee7d1efd2f","2-09a6846cf9ba014c973af804dd3fc3f3145e5ba79cbda59fcbbaa7f89b02b229","root.record.ItemExhibitList.P5Item"
"HEO 3-4 Launch Vehicle and Range Integration","","","","","","","","","","","","","","","","","","0","0","0","","","","","","","","","2017-BASE_PROCUREMENT-2017-AIRFORCE_SPACE-U_PROCUREMENT_JustificationBook_Air_Force_PB_2017.zzz_unzipped-U_PROCUREMENT_JustificationBook_Air_Force_PB_2017.xml","47a5432172342821db8a8588f41755940326caa43b9180a0dbf6bec4e452e639","1-8cebd42cb0679f0795761c38673f470bfa6280a293a00fc6ec4b197544f1c557","2-09a6846cf9ba014c973af804dd3fc3f3145e5ba79cbda59fcbbaa7f89b02b229","root.record.ItemExhibitList.P5Item"
"GPS III NRE","","","","","","","","","","","","","","","","","","","132.409","683.697","","","","","178.715","225.963","136.204","10.406","2017-BASE_PROCUREMENT-2017-AIRFORCE_SPACE-U_PROCUREMENT_JustificationBook_Air_Force_PB_2017.zzz_unzipped-U_PROCUREMENT_JustificationBook_Air_Force_PB_2017.xml","ac7f5f0c477ea2e319b9718d793e60f8044918482b7746f84839bc5fb8abfd6c","0-e3ef340d96d47306afc466da2887356f4a2a1dad49d253c905f186f87b084230","0-3e4e02be603609c5d6dd73ca044259e62d343839f88af570cc558b694c2bbb0d","root.record.ItemExhibitList.P5Item"
"GEO 3-4 Obsolescence Non-Recurring","","","","","","","","","","","","","","","","","","0","0","0","","","","","","","","","2017-BASE_PROCUREMENT-2017-AIRFORCE_SPACE-U_PROCUREMENT_MasterJustificationBook_Air_Force_PB_2017.zzz_unzipped-U_PROCUREMENT_MasterJustificationBook_Air_Force_PB_2017.xml","ca5cd995b42dacb4743c610e3e1e282ffec8e42efa472de7418cbaa013fae1dd","0-3d48cbf1c84c2885245320eda3ec03e2ab62ad9b7f9b375586bfcd47624ed2c1","0-74d80ee14cba885d6deff834a021222ae6104dc6d64c8e0811655bf7b9bc2637","root.record.ItemExhibitList.P5Item"
"GEO 3-4 Launch Vehicle and Range Integration","","","","","","","","","","","","","","","","","","","0","45.418","","6.813","30.539","30.539","8.066","","","","2017-BASE_PROCUREMENT-2017-AIRFORCE_SPACE-U_PROCUREMENT_MasterJustificationBook_Air_Force_PB_2017.zzz_unzipped-U_PROCUREMENT_MasterJustificationBook_Air_Force_PB_2017.xml","ca5cd995b42dacb4743c610e3e1e282ffec8e42efa472de7418cbaa013fae1dd","1-09675f0504c1fb2b38fc69d45753bdc30798a441b55028618296610f9b80f878","0-74d80ee14cba885d6deff834a021222ae6104dc6d64c8e0811655bf7b9bc2637","root.record.ItemExhibitList.P5Item"
"GEO 5-6 Obsolescence Non-Recurring","","","","","","","","","","","","","","","","","","","0","43.455","","25.508","13.235","13.235","4.712","","","","2017-BASE_PROCUREMENT-2017-AIRFORCE_SPACE-U_PROCUREMENT_MasterJustificationBook_Air_Force_PB_2017.zzz_unzipped-U_PROCUREMENT_MasterJustificationBook_Air_Force_PB_2017.xml","ca5cd995b42dacb4743c610e3e1e282ffec8e42efa472de7418cbaa013fae1dd","0-66d5f8a3f0e1e8df638252855570c2012f82cc1c7f2d763e2fcb29c410d34d48","1-3d4b10aeba6dfe2409d62a12858b8c3b08f10005a4e2f4dc73df779fc9e1566c","root.record.ItemExhibitList.P5Item"
"GEO 5-6 Launch Vehicle and Range Integration","","","","","","","","","","","","","","","","","","","0","71.396","","0","2.13","2.13","27.835","3.643","16.753","21.035","2017-BASE_PROCUREMENT-2017-AIRFORCE_SPACE-U_PROCUREMENT_MasterJustificationBook_Air_Force_PB_2017.zzz_unzipped-U_PROCUREMENT_MasterJustificationBook_Air_Force_PB_2017.xml","ca5cd995b42dacb4743c610e3e1e282ffec8e42efa472de7418cbaa013fae1dd","1-689aeb4815f8d63fb1ea0a87282972102dc1a523a42e9dde5ddcc767440fb338","1-3d4b10aeba6dfe2409d62a12858b8c3b08f10005a4e2f4dc73df779fc9e1566c","root.record.ItemExhibitList.P5Item"
"HEO 3-4 Obsolescence Non-Recurring","","","","","","","","","","","","","","","","","","0","0","0","","","","","","","","","2017-BASE_PROCUREMENT-2017-AIRFORCE_SPACE-U_PROCUREMENT_MasterJustificationBook_Air_Force_PB_2017.zzz_unzipped-U_PROCUREMENT_MasterJustificationBook_Air_Force_PB_2017.xml","ca5cd995b42dacb4743c610e3e1e282ffec8e42efa472de7418cbaa013fae1dd","0-6588e0e6ea69a605e48883ee60ea15ba6c45e23c2cf9ee14ad9faf552abf42a5","2-c5d3f35cbda3f5d2315243eed9992e96f1c511c2cc0e6910aa4e845e5235707b","root.record.ItemExhibitList.P5Item"
"HEO 3-4 Launch Vehicle and Range Integration","","","","","","","","","","","","","","","","","","0","0","0","","","","","","","","","2017-BASE_PROCUREMENT-2017-AIRFORCE_SPACE-U_PROCUREMENT_MasterJustificationBook_Air_Force_PB_2017.zzz_unzipped-U_PROCUREMENT_MasterJustificationBook_Air_Force_PB_2017.xml","ca5cd995b42dacb4743c610e3e1e282ffec8e42efa472de7418cbaa013fae1dd","1-57d53a726bb34592e262c33ba5d4207c33e07d8d8f88c11459d8b1a74aff9e9e","2-c5d3f35cbda3f5d2315243eed9992e96f1c511c2cc0e6910aa4e845e5235707b","root.record.ItemExhibitList.P5Item"
"GPS III NRE","","","","","","","","","","","","","","","","","","","132.409","683.697","","","","","178.715","225.963","136.204","10.406","2017-BASE_PROCUREMENT-2017-AIRFORCE_SPACE-U_PROCUREMENT_MasterJustificationBook_Air_Force_PB_2017.zzz_unzipped-U_PROCUREMENT_MasterJustificationBook_Air_Force_PB_2017.xml","d04d697926aa20f016e2010f3f7bb3fa4c373c6c6702c3ad57975bf59074690f","0-efc8bfb4340f885fac31bec1af489d67d178916d6339672fbfbbc4152167c08e","0-dd40004eca368fb9aece107273f13e22cfd6a933a56a5f51faa0c85d3e0a2cfa","root.record.ItemExhibitList.P5Item"
"Enterprise SE&I","","","","","","","","","","","","","","","","","","","","","2.302","1.479","","","","","","","2018-BASE_PROCUREMENT-2018-AIRFORCE_SPACE-U_PROCUREMENT_JustificationBook_Air_Force_PB_2018.zzz_unzipped-U_PROCUREMENT_JustificationBook_Air_Force_PB_2018.xml","b09f2a395e28d75920d06a2c4357d3e9862bc725f2eb538802dab0e8246d6e81","0-1a57fb5a0f52480e96853a72ca6cba172b3cd4ec7ec945acbcf4bd527966d7b8","0-a74523d3fc67cefe88a352af49843115cafdcfab822df54c8cb3191a3c2cc043","root.record.ItemExhibitList.P5Item"
"Technical Mission Analysis (WS)","","","","","","","","","","","","","","","","","","","","","10","10.764","","","","","","","2018-BASE_PROCUREMENT-2018-AIRFORCE_SPACE-U_PROCUREMENT_JustificationBook_Air_Force_PB_2018.zzz_unzipped-U_PROCUREMENT_JustificationBook_Air_Force_PB_2018.xml","b09f2a395e28d75920d06a2c4357d3e9862bc725f2eb538802dab0e8246d6e81","1-f1bbc885a020fdad5f12432bda95f80d603b41061cb9a359eb5b4f89efe77768","0-a74523d3fc67cefe88a352af49843115cafdcfab822df54c8cb3191a3c2cc043","root.record.ItemExhibitList.P5Item"
"GEO 3-4 Obsolescence Non-Recurring","","","","","","","","","","","","","","","","","","","","","0","","","","","","","","2018-BASE_PROCUREMENT-2018-AIRFORCE_SPACE-U_PROCUREMENT_JustificationBook_Air_Force_PB_2018.zzz_unzipped-U_PROCUREMENT_JustificationBook_Air_Force_PB_2018.xml","349c370ac6bc97a5ad160143ded991d0d22dea7de2bf966fd5e97c39409da319","0-abbb7d64a5e3558349172405a76755e9b364fad3dd70a7858d912feef6c346f3","0-a369f21b2885a09dee514079a9949237bf53e744d7a62bcb736a4f31b2388f95","root.record.ItemExhibitList.P5Item"
"GEO 3-4 Launch Vehicle and Range Integration","","","","","","","","","","","","","","","","","","","","","3.145","10.149","3.684","3.684","","","","","2018-BASE_PROCUREMENT-2018-AIRFORCE_SPACE-U_PROCUREMENT_JustificationBook_Air_Force_PB_2018.zzz_unzipped-U_PROCUREMENT_JustificationBook_Air_Force_PB_2018.xml","349c370ac6bc97a5ad160143ded991d0d22dea7de2bf966fd5e97c39409da319","1-8f507556f5d8907e9c8a536cdd0571d6491d458df165e05f3be8c54cbd769180","0-a369f21b2885a09dee514079a9949237bf53e744d7a62bcb736a4f31b2388f95","root.record.ItemExhibitList.P5Item"
"GEO 5-6 Obsolescence Non-Recurring","","","","","","","","","","","","","","","","","","","","","26.908","13.235","4.712","4.712","","","","","2018-BASE_PROCUREMENT-2018-AIRFORCE_SPACE-U_PROCUREMENT_JustificationBook_Air_Force_PB_2018.zzz_unzipped-U_PROCUREMENT_JustificationBook_Air_Force_PB_2018.xml","349c370ac6bc97a5ad160143ded991d0d22dea7de2bf966fd5e97c39409da319","0-135b3d508b5703825db99943e5e5064835376f720ccc127bcb567a45e9b5af0c","1-7b528faa3f9b354151ec62c725be000ec23425816bfe5c619db45cd65cfb7c84","root.record.ItemExhibitList.P5Item"
"GEO 5-6 Launch Vehicle and Range Integration","","","","","","","","","","","","","","","","","","","","","1.223","1.13","28.921","28.921","","","","","2018-BASE_PROCUREMENT-2018-AIRFORCE_SPACE-U_PROCUREMENT_JustificationBook_Air_Force_PB_2018.zzz_unzipped-U_PROCUREMENT_JustificationBook_Air_Force_PB_2018.xml","349c370ac6bc97a5ad160143ded991d0d22dea7de2bf966fd5e97c39409da319","1-8a8675988abbf2301c0d635db8f2c26ac456a340c48004f778bc7f5e4efb3f26","1-7b528faa3f9b354151ec62c725be000ec23425816bfe5c619db45cd65cfb7c84","root.record.ItemExhibitList.P5Item"
"HEO 3-4 Obsolescence Non-Recurring","","","","","","","","","","","","","","","","","","0","","","","","","","","","","","2018-BASE_PROCUREMENT-2018-AIRFORCE_SPACE-U_PROCUREMENT_JustificationBook_Air_Force_PB_2018.zzz_unzipped-U_PROCUREMENT_JustificationBook_Air_Force_PB_2018.xml","349c370ac6bc97a5ad160143ded991d0d22dea7de2bf966fd5e97c39409da319","0-ae6c42f302581135debf32cd4cd2a5396464116c8d77a19f740e5a075e7e9ef5","3-4e8b7406857c90b9eebbfe0803b6bcd467772132f8c3f5e1087e86f4a5be83de","root.record.ItemExhibitList.P5Item"
"HEO 3-4 Launch Vehicle and Range Integration","","","","","","","","","","","","","","","","","","0","","","","","","","","","","","2018-BASE_PROCUREMENT-2018-AIRFORCE_SPACE-U_PROCUREMENT_JustificationBook_Air_Force_PB_2018.zzz_unzipped-U_PROCUREMENT_JustificationBook_Air_Force_PB_2018.xml","349c370ac6bc97a5ad160143ded991d0d22dea7de2bf966fd5e97c39409da319","1-7addc566f9ffe51df7d2b8c100fd1afa9fe173a7fb5c274442c259f0df181a1f","3-4e8b7406857c90b9eebbfe0803b6bcd467772132f8c3f5e1087e86f4a5be83de","root.record.ItemExhibitList.P5Item"
"GPS III SV 11+ NRE","","","","","","","","","","","","","","","","","","","","","0","0","0","0","","","","","2018-BASE_PROCUREMENT-2018-AIRFORCE_SPACE-U_PROCUREMENT_JustificationBook_Air_Force_PB_2018.zzz_unzipped-U_PROCUREMENT_JustificationBook_Air_Force_PB_2018.xml","685626bcbd517b62bc34139b0037af2fa425781e225839e5bac66f2ba9c9171f","0-944eef2306b84fa4ca913d06147205eaafcb1c08128f0c583e73f3ede1c24d71","0-49489834013a569d80f39fcadcb24ec9ed26af23e4e34bb46972278f2b831b73","root.record.ItemExhibitList.P5Item"
"Enterprise SE&I","","","","","","","","","","","","","","","","","","","","","2.302","1.479","","","","","","","2018-BASE_PROCUREMENT-2018-AIRFORCE_SPACE-U_PROCUREMENT_MasterJustificationBook_Air_Force_PB_2018.zzz_unzipped-U_PROCUREMENT_MasterJustificationBook_Air_Force_PB_2018.xml","e4bec6db9d02385ec49054265b3ce2d2777aa09e7e74c1d283af7d04ed073896","0-7eafe4ee7079dbc31313e9ae54866f5d7e43259a1563a0ca07c4433832a59bf7","0-faa73ee0f70320c94f6c300bcd3f3d5d0bc4492310811a791f271433e016ac0a","root.record.ItemExhibitList.P5Item"
"Technical Mission Analysis (WS)","","","","","","","","","","","","","","","","","","","","","10","10.764","","","","","","","2018-BASE_PROCUREMENT-2018-AIRFORCE_SPACE-U_PROCUREMENT_MasterJustificationBook_Air_Force_PB_2018.zzz_unzipped-U_PROCUREMENT_MasterJustificationBook_Air_Force_PB_2018.xml","e4bec6db9d02385ec49054265b3ce2d2777aa09e7e74c1d283af7d04ed073896","1-9bf57c17c69a4002af0f6cc0d71d44d9b9583effe11a36adb14946b69f72a7ff","0-faa73ee0f70320c94f6c300bcd3f3d5d0bc4492310811a791f271433e016ac0a","root.record.ItemExhibitList.P5Item"
"GEO 3-4 Obsolescence Non-Recurring","","","","","","","","","","","","","","","","","","","","","0","","","","","","","","2018-BASE_PROCUREMENT-2018-AIRFORCE_SPACE-U_PROCUREMENT_MasterJustificationBook_Air_Force_PB_2018.zzz_unzipped-U_PROCUREMENT_MasterJustificationBook_Air_Force_PB_2018.xml","5a6e56aaee2cd93fc0c6924a649668af9970661371ccd8532aa15662b3047718","0-213cb744029bb56d29352c8260f915683801554134bf4d2b57683b17c1a5c54c","0-a8abe8af158141267875d22c49c66bee4548044068cfb52c3f7cbb67d493c9ed","root.record.ItemExhibitList.P5Item"
"GEO 3-4 Launch Vehicle and Range Integration","","","","","","","","","","","","","","","","","","","","","3.145","10.149","3.684","3.684","","","","","2018-BASE_PROCUREMENT-2018-AIRFORCE_SPACE-U_PROCUREMENT_MasterJustificationBook_Air_Force_PB_2018.zzz_unzipped-U_PROCUREMENT_MasterJustificationBook_Air_Force_PB_2018.xml","5a6e56aaee2cd93fc0c6924a649668af9970661371ccd8532aa15662b3047718","1-13e4b1f50a9d5407144a2d8e54483c31aebac1085cd7cbfd70a481b1e9e14189","0-a8abe8af158141267875d22c49c66bee4548044068cfb52c3f7cbb67d493c9ed","root.record.ItemExhibitList.P5Item"
"GEO 5-6 Obsolescence Non-Recurring","","","","","","","","","","","","","","","","","","","","","26.908","13.235","4.712","4.712","","","","","2018-BASE_PROCUREMENT-2018-AIRFORCE_SPACE-U_PROCUREMENT_MasterJustificationBook_Air_Force_PB_2018.zzz_unzipped-U_PROCUREMENT_MasterJustificationBook_Air_Force_PB_2018.xml","5a6e56aaee2cd93fc0c6924a649668af9970661371ccd8532aa15662b3047718","0-3519f4e43379e32db3c0250538a161c136487fbb9115041c58168edcc4608baa","1-80400cf6b39e0ac7ec2ec4583d1db6c005d582ab1fef7331a20ffce4b653fad9","root.record.ItemExhibitList.P5Item"
"GEO 5-6 Launch Vehicle and Range Integration","","","","","","","","","","","","","","","","","","","","","1.223","1.13","28.921","28.921","","","","","2018-BASE_PROCUREMENT-2018-AIRFORCE_SPACE-U_PROCUREMENT_MasterJustificationBook_Air_Force_PB_2018.zzz_unzipped-U_PROCUREMENT_MasterJustificationBook_Air_Force_PB_2018.xml","5a6e56aaee2cd93fc0c6924a649668af9970661371ccd8532aa15662b3047718","1-7c619233e9f5f62602313794055c2bd9e905237e38f28ae5b06321b9188894d6","1-80400cf6b39e0ac7ec2ec4583d1db6c005d582ab1fef7331a20ffce4b653fad9","root.record.ItemExhibitList.P5Item"
"HEO 3-4 Obsolescence Non-Recurring","","","","","","","","","","","","","","","","","","0","","","","","","","","","","","2018-BASE_PROCUREMENT-2018-AIRFORCE_SPACE-U_PROCUREMENT_MasterJustificationBook_Air_Force_PB_2018.zzz_unzipped-U_PROCUREMENT_MasterJustificationBook_Air_Force_PB_2018.xml","5a6e56aaee2cd93fc0c6924a649668af9970661371ccd8532aa15662b3047718","0-b667a49fc9fcae8e7710b6282bd0b3846346636a7582f2d3b54913a52f935709","3-657100f9ff37a1f4315db89c01532c9b564900daf08ccf1fee440e1bf0aa1b07","root.record.ItemExhibitList.P5Item"
"HEO 3-4 Launch Vehicle and Range Integration","","","","","","","","","","","","","","","","","","0","","","","","","","","","","","2018-BASE_PROCUREMENT-2018-AIRFORCE_SPACE-U_PROCUREMENT_MasterJustificationBook_Air_Force_PB_2018.zzz_unzipped-U_PROCUREMENT_MasterJustificationBook_Air_Force_PB_2018.xml","5a6e56aaee2cd93fc0c6924a649668af9970661371ccd8532aa15662b3047718","1-90757dd934721ef8f22d7dcd621277f5b002f300856fb2018febdd0619f235e8","3-657100f9ff37a1f4315db89c01532c9b564900daf08ccf1fee440e1bf0aa1b07","root.record.ItemExhibitList.P5Item"
"GPS III SV 11+ NRE","","","","","","","","","","","","","","","","","","","","","0","0","0","0","","","","","2018-BASE_PROCUREMENT-2018-AIRFORCE_SPACE-U_PROCUREMENT_MasterJustificationBook_Air_Force_PB_2018.zzz_unzipped-U_PROCUREMENT_MasterJustificationBook_Air_Force_PB_2018.xml","295b44666dd56da6ea8be66b809bd44676df5ec2e19d318d3f126a0ace142d5d","0-42a07503677c7c6b85bc0101d2843c53cde1f3374bb9886b515ef1ac18d170c7","0-63197cfd4b4f6a6757a4a8cc885dbcfbed6e6cf1504d75e8c5b6751df874248d","root.record.ItemExhibitList.P5Item"
"Enterprise SE&I","","","","","","","","","","","","","","","","","","","","","1.479","","","","","","","","2019-BASE_PROCUREMENT-2019-AIRFORCE_SPACE-U_PROCUREMENT_JustificationBook_Air_Force_PB_2019.zzz_unzipped-U_PROCUREMENT_JustificationBook_Air_Force_PB_2019.xml","ed993553dbb3dca04a1bd01ff5d0475c2177f9415da2b4c01e0cebc8365eef2f","0-d1f98c8931d1a78fff99b34b4545280e7d2c9a34f9f916790d0ac76143c734eb","0-d39ce62bcf00074f31b5040124fa19fb0015cbc77ce65fb2fa1123a26a6fa3ca","root.record.ItemExhibitList.P5Item"
"Technical Mission Analysis","","","","","","","","","","","","","","","","","","","","","10.764","","","","","","","","2019-BASE_PROCUREMENT-2019-AIRFORCE_SPACE-U_PROCUREMENT_JustificationBook_Air_Force_PB_2019.zzz_unzipped-U_PROCUREMENT_JustificationBook_Air_Force_PB_2019.xml","ed993553dbb3dca04a1bd01ff5d0475c2177f9415da2b4c01e0cebc8365eef2f","1-36bac3263b7364e9b86b4f8bb0cbe941bc13e1f7ed23225b5ecb87e701fa6e2c","0-d39ce62bcf00074f31b5040124fa19fb0015cbc77ce65fb2fa1123a26a6fa3ca","root.record.ItemExhibitList.P5Item"
"NSA Production Support","","","","","","","","","","","","","","","","","","","","","0.925","","","","","","","","2019-BASE_PROCUREMENT-2019-AIRFORCE_SPACE-U_PROCUREMENT_JustificationBook_Air_Force_PB_2019.zzz_unzipped-U_PROCUREMENT_JustificationBook_Air_Force_PB_2019.xml","ed993553dbb3dca04a1bd01ff5d0475c2177f9415da2b4c01e0cebc8365eef2f","2-111f06026de417a82a3fed0fb60de1ad455c0e609847707381f79dd43cd779cd","0-d39ce62bcf00074f31b5040124fa19fb0015cbc77ce65fb2fa1123a26a6fa3ca","root.record.ItemExhibitList.P5Item"
"GEO 3-4 Launch Vehicle and Range Integration","","","","","","","","","","","","","","","","","","3.145","","","10.149","3.684","","","","","","","2019-BASE_PROCUREMENT-2019-AIRFORCE_SPACE-U_PROCUREMENT_JustificationBook_Air_Force_PB_2019.zzz_unzipped-U_PROCUREMENT_JustificationBook_Air_Force_PB_2019.xml","69f5d537ee02fe3841147f7d8dc4885ccab93abdd3905985c9061680464c3c83","0-1d26af391b68afd7a4bbabeddfbeebe737d27c901c83bbe0aab75e3a96bcbdcd","0-e028a72cb3ac82d9195111fc451e9beb46ceac0aa44fa2afebe454d8b87443b9","root.record.ItemExhibitList.P5Item"
"GEO 5-6 Obsolescence Non-Recurring","","","","","","","","","","","","","","","","","","26.071","","","15.314","4.712","","","","","","","2019-BASE_PROCUREMENT-2019-AIRFORCE_SPACE-U_PROCUREMENT_JustificationBook_Air_Force_PB_2019.zzz_unzipped-U_PROCUREMENT_JustificationBook_Air_Force_PB_2019.xml","69f5d537ee02fe3841147f7d8dc4885ccab93abdd3905985c9061680464c3c83","0-cbe62a9b52ea6351f516c27f4a2719f1f6ba87f4abed76e164d35ff83445b246","1-5ac30424c93394818395776fbb568e32157ccb559d3eba46b88cd40c5fded775","root.record.ItemExhibitList.P5Item"
"GEO 5-6 Launch Vehicle and Range Integration","","","","","","","","","","","","","","","","","","3.072","","","0.958","47.021","35.371","35.371","","","","","2019-BASE_PROCUREMENT-2019-AIRFORCE_SPACE-U_PROCUREMENT_JustificationBook_Air_Force_PB_2019.zzz_unzipped-U_PROCUREMENT_JustificationBook_Air_Force_PB_2019.xml","69f5d537ee02fe3841147f7d8dc4885ccab93abdd3905985c9061680464c3c83","1-13536f6e4d9e3d065aaba4c50d76f162e957bdf1484872e7f9c80029871528d3","1-5ac30424c93394818395776fbb568e32157ccb559d3eba46b88cd40c5fded775","root.record.ItemExhibitList.P5Item"
"Enterprise SE&I","","","","","","","","","","","","","","","","","","","","","1.479","","","","","","","","2019-BASE_PROCUREMENT-2019-AIRFORCE_SPACE-U_PROCUREMENT_MasterJustificationBook_Air_Force_PB_2019.zzz_unzipped-U_PROCUREMENT_MasterJustificationBook_Air_Force_PB_2019.xml","770867f755d84c763c0b74a40a002f909b38525c5c7879963377f1db55a6c939","0-e01b9c0893f98084f5b5a3186d3eb5d567595f8ddcc9fbc819edb0c3b67960ae","0-70fc93cf442bfb4bbbc05f1efa9b3b9ca39ec2842b32cbd3ea8e37fc9a91f2f2","root.record.ItemExhibitList.P5Item"
"Technical Mission Analysis","","","","","","","","","","","","","","","","","","","","","10.764","","","","","","","","2019-BASE_PROCUREMENT-2019-AIRFORCE_SPACE-U_PROCUREMENT_MasterJustificationBook_Air_Force_PB_2019.zzz_unzipped-U_PROCUREMENT_MasterJustificationBook_Air_Force_PB_2019.xml","770867f755d84c763c0b74a40a002f909b38525c5c7879963377f1db55a6c939","1-2b17c92576d0d1fb6e9047e209300afcb69617d0c159cd632b7aada83fa2a6a5","0-70fc93cf442bfb4bbbc05f1efa9b3b9ca39ec2842b32cbd3ea8e37fc9a91f2f2","root.record.ItemExhibitList.P5Item"
"NSA Production Support","","","","","","","","","","","","","","","","","","","","","0.925","","","","","","","","2019-BASE_PROCUREMENT-2019-AIRFORCE_SPACE-U_PROCUREMENT_MasterJustificationBook_Air_Force_PB_2019.zzz_unzipped-U_PROCUREMENT_MasterJustificationBook_Air_Force_PB_2019.xml","770867f755d84c763c0b74a40a002f909b38525c5c7879963377f1db55a6c939","2-89e92bf2f9677b601f24d93c2a77138b79d27f5424d43434f6c92435db2f29a8","0-70fc93cf442bfb4bbbc05f1efa9b3b9ca39ec2842b32cbd3ea8e37fc9a91f2f2","root.record.ItemExhibitList.P5Item"
"GEO 3-4 Launch Vehicle and Range Integration","","","","","","","","","","","","","","","","","","3.145","","","10.149","3.684","","","","","","","2019-BASE_PROCUREMENT-2019-AIRFORCE_SPACE-U_PROCUREMENT_MasterJustificationBook_Air_Force_PB_2019.zzz_unzipped-U_PROCUREMENT_MasterJustificationBook_Air_Force_PB_2019.xml","0c71715f409ac85cc53798867fc1f08294b549796ed9b5bd2c1d3370ed828913","0-355e90e05f991f241da2be9154aae2398e62965384fcde4ce9d49fb47c9678cc","0-d1be0a7cf687eaa0d20fe9a20d7c8a40b890217f656969f6fc60da8bf11d8056","root.record.ItemExhibitList.P5Item"
"GEO 5-6 Obsolescence Non-Recurring","","","","","","","","","","","","","","","","","","26.071","","","15.314","4.712","","","","","","","2019-BASE_PROCUREMENT-2019-AIRFORCE_SPACE-U_PROCUREMENT_MasterJustificationBook_Air_Force_PB_2019.zzz_unzipped-U_PROCUREMENT_MasterJustificationBook_Air_Force_PB_2019.xml","0c71715f409ac85cc53798867fc1f08294b549796ed9b5bd2c1d3370ed828913","0-381aa7891d9fd3135818c33d391288ff185026d52ecacd0996b4380bf07a4777","1-d0862f2ce6fbb3428dd1e2d91f1df4cb5deab16786a1704f54d0e044b8683cc4","root.record.ItemExhibitList.P5Item"
"GEO 5-6 Launch Vehicle and Range Integration","","","","","","","","","","","","","","","","","","3.072","","","0.958","47.021","35.371","35.371","","","","","2019-BASE_PROCUREMENT-2019-AIRFORCE_SPACE-U_PROCUREMENT_MasterJustificationBook_Air_Force_PB_2019.zzz_unzipped-U_PROCUREMENT_MasterJustificationBook_Air_Force_PB_2019.xml","0c71715f409ac85cc53798867fc1f08294b549796ed9b5bd2c1d3370ed828913","1-e9ecdb94e538e2ac30c50e8747393978008d083c33aab15e1bf244faad95d62a","1-d0862f2ce6fbb3428dd1e2d91f1df4cb5deab16786a1704f54d0e044b8683cc4","root.record.ItemExhibitList.P5Item"
"Enterprise SE&I","","","","","","","","","","","","","","","","","","1.479","","","","","","","","","","","2020-BASE_PROCUREMENT-2020-AIRFORCE_SPACE-U_PROCUREMENT_JustificationBook_Air_Force_PB_2020.zzz_unzipped-U_PROCUREMENT_JustificationBook_Air_Force_PB_2020.xml","621edea18b6f0aa383bac828a5b90a44fa97edda0d738834c36952ac5651ecbc","0-71d142a08bd1bb7e48779ae196f5d6d25db7fd3289638c4e324515d2adc7d4b7","0-ec5bc2f65febc965780430d62b59ed99a3a1a9e0a0ee27cce84befee6579b8b1","root.record.ItemExhibitList.P5Item"
"Technical Mission Analysis","","","","","","","","","","","","","","","","","","9.279","","","","","","","","","","","2020-BASE_PROCUREMENT-2020-AIRFORCE_SPACE-U_PROCUREMENT_JustificationBook_Air_Force_PB_2020.zzz_unzipped-U_PROCUREMENT_JustificationBook_Air_Force_PB_2020.xml","621edea18b6f0aa383bac828a5b90a44fa97edda0d738834c36952ac5651ecbc","1-a4e0636a6ed5efd376606cc455d8fda3bb5a5dde332fa7cb3ccbba5f8d47652b","0-ec5bc2f65febc965780430d62b59ed99a3a1a9e0a0ee27cce84befee6579b8b1","root.record.ItemExhibitList.P5Item"
"NSA Production Support","","","","","","","","","","","","","","","","","","0.83","","","0.95","","","","","","","","2020-BASE_PROCUREMENT-2020-AIRFORCE_SPACE-U_PROCUREMENT_JustificationBook_Air_Force_PB_2020.zzz_unzipped-U_PROCUREMENT_JustificationBook_Air_Force_PB_2020.xml","621edea18b6f0aa383bac828a5b90a44fa97edda0d738834c36952ac5651ecbc","2-61a331b8d85ced7d84b1bcc2e5666cb0ef3b8c5dbf6f2478ef601f31578a0210","0-ec5bc2f65febc965780430d62b59ed99a3a1a9e0a0ee27cce84befee6579b8b1","root.record.ItemExhibitList.P5Item"
"GEO 3-4 Launch Vehicle and Range Integration","","","","","","","","","","","","","","","","","","5.772","","","0.5","","","","","","","","2020-BASE_PROCUREMENT-2020-AIRFORCE_SPACE-U_PROCUREMENT_JustificationBook_Air_Force_PB_2020.zzz_unzipped-U_PROCUREMENT_JustificationBook_Air_Force_PB_2020.xml","7310993ddf0a03a461093bce5e01a68a4b4bfea03b4d9ab432450cabe9805dda","0-8a373d95240474407bce3745f3e25fa3c5ecf21c01b6ce7413b93bf73396459b","0-16dbca514c6154396a67606681d556bd807a42774457c2efebd3ff4a39557d3c","root.record.ItemExhibitList.P5Item"
"GEO 5-6 Obsolescence Non-Recurring","","","","","","","","","","","","","","","","","","41.385","","","5.012","","","","","","","","2020-BASE_PROCUREMENT-2020-AIRFORCE_SPACE-U_PROCUREMENT_JustificationBook_Air_Force_PB_2020.zzz_unzipped-U_PROCUREMENT_JustificationBook_Air_Force_PB_2020.xml","7310993ddf0a03a461093bce5e01a68a4b4bfea03b4d9ab432450cabe9805dda","0-9a54e139d05112f017b89d9ad8e166576f4e65ddadb21dc3e97a9468cb01d5f8","1-6369036d644247c64566c5d9a25571df870e3289088050fe73d30b58c454071d","root.record.ItemExhibitList.P5Item"
"GEO 5-6 Launch Vehicle and Range Integration","","","","","","","","","","","","","","","","","","4.029","","","23.844","8.428","25.464","25.464","","","","","2020-BASE_PROCUREMENT-2020-AIRFORCE_SPACE-U_PROCUREMENT_JustificationBook_Air_Force_PB_2020.zzz_unzipped-U_PROCUREMENT_JustificationBook_Air_Force_PB_2020.xml","7310993ddf0a03a461093bce5e01a68a4b4bfea03b4d9ab432450cabe9805dda","1-48a094e5f94ad40fd042f05ccbcfaf617162698b3d5e8dc23f2d9e4e39244ca2","1-6369036d644247c64566c5d9a25571df870e3289088050fe73d30b58c454071d","root.record.ItemExhibitList.P5Item"
"HEO 3-4 Launch Vehicle and Range Integration","","","","","","","","","","","","","","","","","","0.244","","","","","","","","","","","2020-BASE_PROCUREMENT-2020-AIRFORCE_SPACE-U_PROCUREMENT_JustificationBook_Air_Force_PB_2020.zzz_unzipped-U_PROCUREMENT_JustificationBook_Air_Force_PB_2020.xml","7310993ddf0a03a461093bce5e01a68a4b4bfea03b4d9ab432450cabe9805dda","0-46d3c8a8fe545c9f1916a35e601f485d7f73bc56dc6199d13d8d796a44361827","2-2610f6adb2f86a37450b4297a16ef5c11073af3b1fcb0ef52ba9d232ff5f11dc","root.record.ItemExhibitList.P5Item"
"Enterprise SE&I","","","","","","","","","","","","","","","","","","1.479","","","","","","","","","","","2020-BASE_PROCUREMENT-2020-AIRFORCE_SPACE-U_PROCUREMENT_MasterJustificationBook_Air_Force_PB_2020.zzz_unzipped-U_PROCUREMENT_MasterJustificationBook_Air_Force_PB_2020.xml","71e709ec4ea58e99f450f7c50bce63c4675eea5ed94481f1ceadefb1f0b03eb9","0-77d3b7fa6c299757d8013afd2b465bf0eeb3880b2f2e26e7acc8710d471aa3dc","0-fee89e2516606416af31bab20448dabc9df4aeb7409ca81efd91859bc7ec0b8a","root.record.ItemExhibitList.P5Item"
"Technical Mission Analysis","","","","","","","","","","","","","","","","","","9.279","","","","","","","","","","","2020-BASE_PROCUREMENT-2020-AIRFORCE_SPACE-U_PROCUREMENT_MasterJustificationBook_Air_Force_PB_2020.zzz_unzipped-U_PROCUREMENT_MasterJustificationBook_Air_Force_PB_2020.xml","71e709ec4ea58e99f450f7c50bce63c4675eea5ed94481f1ceadefb1f0b03eb9","1-08423b22215dd7bc4a0b1ed15991d9353bc025936cb9cb5fd8489f1ab9de7020","0-fee89e2516606416af31bab20448dabc9df4aeb7409ca81efd91859bc7ec0b8a","root.record.ItemExhibitList.P5Item"
"NSA Production Support","","","","","","","","","","","","","","","","","","0.83","","","0.95","","","","","","","","2020-BASE_PROCUREMENT-2020-AIRFORCE_SPACE-U_PROCUREMENT_MasterJustificationBook_Air_Force_PB_2020.zzz_unzipped-U_PROCUREMENT_MasterJustificationBook_Air_Force_PB_2020.xml","71e709ec4ea58e99f450f7c50bce63c4675eea5ed94481f1ceadefb1f0b03eb9","2-7592c93b8c24bc3ab18e443bc64750477917b3fc7647fffde884d8df913a2ca5","0-fee89e2516606416af31bab20448dabc9df4aeb7409ca81efd91859bc7ec0b8a","root.record.ItemExhibitList.P5Item"
"GEO 3-4 Launch Vehicle and Range Integration","","","","","","","","","","","","","","","","","","5.772","","","0.5","","","","","","","","2020-BASE_PROCUREMENT-2020-AIRFORCE_SPACE-U_PROCUREMENT_MasterJustificationBook_Air_Force_PB_2020.zzz_unzipped-U_PROCUREMENT_MasterJustificationBook_Air_Force_PB_2020.xml","4f1d2d6b9106070fa3f8ca9b17516c7e58da2d22e5119318f0d48af58a4c34a5","0-67a7ec84d1c3d94380cfcc891fe3f5b68b1c6e6dbe8ec0af54e9d9e3500bff04","0-92c5925f959f753472da9a3dde6b8b2bdb7d71604883bc9ebf0cb612cd6f5984","root.record.ItemExhibitList.P5Item"
"GEO 5-6 Obsolescence Non-Recurring","","","","","","","","","","","","","","","","","","41.385","","","5.012","","","","","","","","2020-BASE_PROCUREMENT-2020-AIRFORCE_SPACE-U_PROCUREMENT_MasterJustificationBook_Air_Force_PB_2020.zzz_unzipped-U_PROCUREMENT_MasterJustificationBook_Air_Force_PB_2020.xml","4f1d2d6b9106070fa3f8ca9b17516c7e58da2d22e5119318f0d48af58a4c34a5","0-65f0ea5849e74a016b2400b8b3f469c373654fea83b849938d9bccf032091c1d","1-4b6a63175922149c8da7b6f1d3cfa1389882918f893e3309d89fd702d17e3d4f","root.record.ItemExhibitList.P5Item"
"GEO 5-6 Launch Vehicle and Range Integration","","","","","","","","","","","","","","","","","","4.029","","","23.844","8.428","25.464","25.464","","","","","2020-BASE_PROCUREMENT-2020-AIRFORCE_SPACE-U_PROCUREMENT_MasterJustificationBook_Air_Force_PB_2020.zzz_unzipped-U_PROCUREMENT_MasterJustificationBook_Air_Force_PB_2020.xml","4f1d2d6b9106070fa3f8ca9b17516c7e58da2d22e5119318f0d48af58a4c34a5","1-fd1a45c3d67404930ffd72a0b9e403d7f309c62473b41f1ff31db64fbae253df","1-4b6a63175922149c8da7b6f1d3cfa1389882918f893e3309d89fd702d17e3d4f","root.record.ItemExhibitList.P5Item"
"HEO 3-4 Launch Vehicle and Range Integration","","","","","","","","","","","","","","","","","","0.244","","","","","","","","","","","2020-BASE_PROCUREMENT-2020-AIRFORCE_SPACE-U_PROCUREMENT_MasterJustificationBook_Air_Force_PB_2020.zzz_unzipped-U_PROCUREMENT_MasterJustificationBook_Air_Force_PB_2020.xml","4f1d2d6b9106070fa3f8ca9b17516c7e58da2d22e5119318f0d48af58a4c34a5","0-43363bc408f295b3fb8aed0756f1034548deb931967d5fcb544e18825130f3a1","2-3509fa85098d7523c7a8ae68a7f0ceda4487f6efc2dbc1184c321fcf6c9f2129","root.record.ItemExhibitList.P5Item"
