Name_val,Location_val,MinimumSustainingRate_val,MaximumProductionRate_val,Rate185_val,InitialQuantity_AdminLeadTimeBeforeOct1InMonths_val,InitialQuantity_AdminLeadTimeAfterOct1InMonths_val,InitialQuantity_ProductionLeadTimeAfterOct1InMonths_val,InitialQuantity_TotalLeadTimeAfterOct1InMonths_val,ReorderQuantity_AdminLeadTimeBeforeOct1InMonths_val,ReorderQuantity_AdminLeadTimeAfterOct1InMonths_val,ReorderQuantity_ProductionLeadTimeAfterOct1InMonths_val,ReorderQuantity_TotalLeadTimeAfterOct1InMonths_val,@SOURCE_FILENAME,@RECORDID,@ROWID,@PARENTROWID,@PARENT
"L3 Telemtry West","CA","0","0","0","0","0","0","0","0","0","0","0","2013-BASE_PROCUREMENT-2013-AIRFORCE_MISSILE-JustificationBook_Air_Force_PB_2013.zzz_unzipped-JustificationBook_Air_Force_PB_2013.xml","27f4ee5ddee3c9c8291b8071eb6fd6c3382205a785c275f3a02be89e5aae43b5","0-bf41ff000753f4b220acb9bb8e8d9cb75e2bae7771adc03a9c214522b4550c3f","0-be6be38ef2efe4f0b950b09568362bac18983ec435af3e4675a0475216185c32","root.record.ItemExhibitList.P5Item.CostElementCategoryList.Logistics.Recurring.CostElementList.CostElement"
"L3 Telemtry West","CA","0","0","0","0","0","0","0","0","0","0","0","2013-BASE_PROCUREMENT-2013-AIRFORCE_MISSILE-MasterJustificationBook_Air_Force_PB_2013.zzz_unzipped-MasterJustificationBook_Air_Force_PB_2013.xml","5715c9b006692968d79127d8d7e584bc45d6b62d4847094b3904d9d6a82d55e6","0-efff3cbcea6cbcce9e185a294d73da7cb394bfdbcd8b1b5cc6e3e72888fb3a60","0-2861e42df7893ba4f4babc12f5cdc01935c2bf81120b58569a7dc74314fb2945","root.record.ItemExhibitList.P5Item.CostElementCategoryList.Logistics.Recurring.CostElementList.CostElement"
"ITT INDUSTRIES","CAPE CANAVERAL, FL","","","","","","","","","","","","2013-BASE_PROCUREMENT-2013-AIRFORCE_OTHER-JustificationBook_Air_Force_PB_2013.zzz_unzipped-JustificationBook_Air_Force_PB_2013.xml","a47c3fb9f686f4c27b6a0c74baf4c97ee263dfcee495db8e9fa5b39c2bbe72cc","0-ee612e6ea5a4bc0e93debea559178128f719e5c28f77c1cf9261bac8f05de1a5","0-eb08e8041895131ed860ee39c7598f3056267ef1452cb875a15a32071800cc0c","root.record.ItemExhibitList.P5Item.CostElementCategoryList.Logistics.Recurring.CostElementList.CostElement"
"UNKNOWN","UNKNOWN","","","","","","","","","","","","2013-BASE_PROCUREMENT-2013-AIRFORCE_OTHER-JustificationBook_Air_Force_PB_2013.zzz_unzipped-JustificationBook_Air_Force_PB_2013.xml","a47c3fb9f686f4c27b6a0c74baf4c97ee263dfcee495db8e9fa5b39c2bbe72cc","1-43e071c257cf8e78520772b128b159b76050a3147043f66636407e1972bbaf81","0-eb08e8041895131ed860ee39c7598f3056267ef1452cb875a15a32071800cc0c","root.record.ItemExhibitList.P5Item.CostElementCategoryList.Logistics.Recurring.CostElementList.CostElement"
"ITT INDUSTRIES","CAPE CANAVERAL, FL","","","","","","","","","","","","2013-BASE_PROCUREMENT-2013-AIRFORCE_OTHER-MasterJustificationBook_Air_Force_PB_2013.zzz_unzipped-MasterJustificationBook_Air_Force_PB_2013.xml","b95a51121912b4e606479a737b273c66366c627a06c3c2369abb6b7327b379b4","0-12578b329992e74ad3a1aa9f9c3d9bb8c7f4bb1be67f93293c05dba214899031","0-5c6abd539149b82d62020a27e758ad1e6b4fda2bc1c7b046fdccb61ef8302123","root.record.ItemExhibitList.P5Item.CostElementCategoryList.Logistics.Recurring.CostElementList.CostElement"
"UNKNOWN","UNKNOWN","","","","","","","","","","","","2013-BASE_PROCUREMENT-2013-AIRFORCE_OTHER-MasterJustificationBook_Air_Force_PB_2013.zzz_unzipped-MasterJustificationBook_Air_Force_PB_2013.xml","b95a51121912b4e606479a737b273c66366c627a06c3c2369abb6b7327b379b4","1-b3190697be28cb32f4069a4facb250930b4ac5569cbbff5f386ff2774e4e95a0","0-5c6abd539149b82d62020a27e758ad1e6b4fda2bc1c7b046fdccb61ef8302123","root.record.ItemExhibitList.P5Item.CostElementCategoryList.Logistics.Recurring.CostElementList.CostElement"
"Multiple","Multiple","","","","","","","","","","","","2014-BASE_PROCUREMENT-2014-AIRFORCE_MISSILE-PROCUREMENT_JustificationBook_Air_Force_PB_2014.zzz_unzipped-PROCUREMENT_JustificationBook_Air_Force_PB_2014.xml","e3e63a3887d6989a5c2d7108b276daf9ff79d7d1a66fe1bb40809006bb4b76da","0-16fa0fa987b28763f8daf2886a2c0b603a8a7e6c2dd068792d24b87114428d45","0-e081273b276ea539f7c09b60d6fff89b85c5934cfc86376d47f0c3b725999203","root.record.ItemExhibitList.P5Item.CostElementCategoryList.Logistics.Recurring.CostElementList.CostElement"
"Multiple","Multiple","","","","","","","","","","","","2014-BASE_PROCUREMENT-2014-AIRFORCE_MISSILE-PROCUREMENT_MasterJustificationBook_Air_Force_PB_2014.zzz_unzipped-PROCUREMENT_MasterJustificationBook_Air_Force_PB_2014.xml","aa85cbe4f41cfc1c4d9fce368e1b9af8b54a97cd1b25776caa379b7ef036623a","0-7b8d200d8ef6e1435003a3ec08ad5cf71d6695d081cfa2685213cfc165786f70","0-91d244ddadf3ba9a19fc3d24c37a7d9620d68eb35c13e01c14c44ba17724b040","root.record.ItemExhibitList.P5Item.CostElementCategoryList.Logistics.Recurring.CostElementList.CostElement"
"ITT EXELIS","CAPE CANAVERAL, FL","","","","","","","","","","","","2014-BASE_PROCUREMENT-2014-AIRFORCE_OTHER-PROCUREMENT_JustificationBook_Air_Force_PB_2014.zzz_unzipped-PROCUREMENT_JustificationBook_Air_Force_PB_2014.xml","92a7b04031084cf7ce534a8f0732ca36ee08d44923f93a4b18c792255ec3800b","0-f491e3c234f9ed34ebfe6d1d01ef1919764a48acdff2a641bd32948578b848cf","0-80a44a8761022d42bd25fa30141a711586fcadae78ab881cf2094dee0650a54a","root.record.ItemExhibitList.P5Item.CostElementCategoryList.Logistics.Recurring.CostElementList.CostElement"
"UNKNOWN","UNKNOWN","","","","","","","","","","","","2014-BASE_PROCUREMENT-2014-AIRFORCE_OTHER-PROCUREMENT_JustificationBook_Air_Force_PB_2014.zzz_unzipped-PROCUREMENT_JustificationBook_Air_Force_PB_2014.xml","92a7b04031084cf7ce534a8f0732ca36ee08d44923f93a4b18c792255ec3800b","1-ccfeb9d65862c953751b05247b6557499a7a42c49b735e2737a7f3f48824341c","0-80a44a8761022d42bd25fa30141a711586fcadae78ab881cf2094dee0650a54a","root.record.ItemExhibitList.P5Item.CostElementCategoryList.Logistics.Recurring.CostElementList.CostElement"
"ITT EXELIS","CAPE CANAVERAL, FL","","","","","","","","","","","","2014-BASE_PROCUREMENT-2014-AIRFORCE_OTHER-PROCUREMENT_MasterJustificationBook_Air_Force_PB_2014.zzz_unzipped-PROCUREMENT_MasterJustificationBook_Air_Force_PB_2014.xml","faaffdd242cf4bb416860c30bfcbc97ab9f1fabad843ac88488d23d5c82e588f","0-87d6db9f8b4bf4af790e35ba6ac6ddb29246cfbffdc8f1b8fbf84e094cb8e9b9","0-f1140c8235c11c16690d3998a6d7828e5351a03e9bc9dbfdb052d528d3a9f70e","root.record.ItemExhibitList.P5Item.CostElementCategoryList.Logistics.Recurring.CostElementList.CostElement"
"UNKNOWN","UNKNOWN","","","","","","","","","","","","2014-BASE_PROCUREMENT-2014-AIRFORCE_OTHER-PROCUREMENT_MasterJustificationBook_Air_Force_PB_2014.zzz_unzipped-PROCUREMENT_MasterJustificationBook_Air_Force_PB_2014.xml","faaffdd242cf4bb416860c30bfcbc97ab9f1fabad843ac88488d23d5c82e588f","1-93e9139e591a33ffe64b56cbbc2911b15693c68e488e365ff646b0f6b9c78cf9","0-f1140c8235c11c16690d3998a6d7828e5351a03e9bc9dbfdb052d528d3a9f70e","root.record.ItemExhibitList.P5Item.CostElementCategoryList.Logistics.Recurring.CostElementList.CostElement"
"Various","Various","","","","","","","","","","","","2014-BASE_PROCUREMENT-2014-DEFENSE_DTRA-PROCUREMENT_JustificationBook_Defense_Threat_Reduction_Agency_PB_2014.zzz_unzipped-PROCUREMENT_JustificationBook_Defense_Threat_Reduction_Agency_PB_2014.xml","b9f6422383e24c827a39245f546a5e27c63b7555315eb0be5e4a650395701b9c","0-1eae10e8a9f47c013ca06b1f277fc56605ab752c5cb2a443d76fc9b4c45d98a2","0-af20fa9d5e77bd828ef3ac130565888a651b2fa100db3cd756784c636ea8ea39","root.record.ItemExhibitList.P5Item.CostElementCategoryList.Logistics.Recurring.CostElementList.CostElement"
"Various","Various","","","","","","","","","","","","2014-BASE_PROCUREMENT-2014-DEFENSE_DTRA-PROCUREMENT_JustificationBook_Defense_Threat_Reduction_Agency_PB_2014.zzz_unzipped-PROCUREMENT_JustificationBook_Defense_Threat_Reduction_Agency_PB_2014.xml","b9f6422383e24c827a39245f546a5e27c63b7555315eb0be5e4a650395701b9c","0-426c121ac9f0abee16cb5a89098e88c85009b39559e02c92d337adf664b04633","1-6c487dcfa13d1e46558577efa038f6602c577a2133b80398216701c9413ad0f1","root.record.ItemExhibitList.P5Item.CostElementCategoryList.Logistics.Recurring.CostElementList.CostElement"
"VARIOUS","VARIOUS","","","","","","","","","","","","2014-BASE_PROCUREMENT-2014-DEFENSE_DTRA-PROCUREMENT_JustificationBook_Defense_Threat_Reduction_Agency_PB_2014.zzz_unzipped-PROCUREMENT_JustificationBook_Defense_Threat_Reduction_Agency_PB_2014.xml","b9f6422383e24c827a39245f546a5e27c63b7555315eb0be5e4a650395701b9c","0-4c9d830b90ca72c91471f2b74033eab1a7e89d53fe758900a9bfec48b73ce7f4","2-9faaf00f3d746350bb81cf163c74b22e1275614c1afd29a015fb6e15c14dc7ac","root.record.ItemExhibitList.P5Item.CostElementCategoryList.Logistics.Recurring.CostElementList.CostElement"
"Various","Various","","","","","","","","","","","","2014-BASE_PROCUREMENT-2014-DEFENSE_DTRA-PROCUREMENT_JustificationBook_Defense_Threat_Reduction_Agency_PB_2014.zzz_unzipped-PROCUREMENT_JustificationBook_Defense_Threat_Reduction_Agency_PB_2014.xml","b9f6422383e24c827a39245f546a5e27c63b7555315eb0be5e4a650395701b9c","0-a90cbbe9ea8211338d3a048d38f5e5e6c45f6be43140ec12b2e35b363154e1d8","0-fd716d76117131d560c271bc3c3e10428fee148e3ef150d18d2f7f85ca179ce0","root.record.ItemExhibitList.P5Item.CostElementCategoryList.Logistics.Recurring.CostElementList.CostElement"
"Various","Various","","","","","","","","","","","","2014-BASE_PROCUREMENT-2014-DEFENSE_DTRA-PROCUREMENT_JustificationBook_Defense_Threat_Reduction_Agency_PB_2014.zzz_unzipped-PROCUREMENT_JustificationBook_Defense_Threat_Reduction_Agency_PB_2014.xml","b9f6422383e24c827a39245f546a5e27c63b7555315eb0be5e4a650395701b9c","0-b154219e1529908257ebf679b094075fb6780c5810ec7fc411db4ddbf29b63f5","5-ea600a5b66c582f8f4ce80e0e3f10eff3efad4454687c819282d1f43dea51821","root.record.ItemExhibitList.P5Item.CostElementCategoryList.Logistics.Recurring.CostElementList.CostElement"
"Various","Various","","","","","","","","","","","","2014-BASE_PROCUREMENT-2014-DEFENSE_DTRA-PROCUREMENT_JustificationBook_Defense_Threat_Reduction_Agency_PB_2014.zzz_unzipped-PROCUREMENT_JustificationBook_Defense_Threat_Reduction_Agency_PB_2014.xml","b9f6422383e24c827a39245f546a5e27c63b7555315eb0be5e4a650395701b9c","0-cfb7043b0068df2cfca3400a8d7250dc0c692a0e97ce20a29f2ce98cc91a64bd","6-f7707d3861cfe5eaaab0de8525781b03214bca67e8f27551aade4f7f5eec0537","root.record.ItemExhibitList.P5Item.CostElementCategoryList.Logistics.Recurring.CostElementList.CostElement"
"Various","Various","","","","","","","","","","","","2014-BASE_PROCUREMENT-2014-DEFENSE_DTRA-PROCUREMENT_JustificationBook_Defense_Threat_Reduction_Agency_PB_2014.zzz_unzipped-PROCUREMENT_JustificationBook_Defense_Threat_Reduction_Agency_PB_2014.xml","b9f6422383e24c827a39245f546a5e27c63b7555315eb0be5e4a650395701b9c","0-c5e0ebe4bc879169b0e05211d54fc703c482ebc87c5d7cf183c45fe6e7f9d0ff","7-f3ba1794ba01329ec36cab03b310fb1cd6c53d20f66f1ae7cd5ebfd4205a4412","root.record.ItemExhibitList.P5Item.CostElementCategoryList.Logistics.Recurring.CostElementList.CostElement"
"Various","Various","","","","","","","","","","","","2014-BASE_PROCUREMENT-2014-DEFENSE_DTRA-PROCUREMENT_JustificationBook_Defense_Threat_Reduction_Agency_PB_2014.zzz_unzipped-PROCUREMENT_JustificationBook_Defense_Threat_Reduction_Agency_PB_2014.xml","b9f6422383e24c827a39245f546a5e27c63b7555315eb0be5e4a650395701b9c","0-f3a97815e5b569a3f6d6255a7dcfbe632392055e8dff779d64acc5f78be53da1","8-8f43a163a936babb2cc39abbc550a82a8e9a58b239e88dcef03086e9c0cfad2e","root.record.ItemExhibitList.P5Item.CostElementCategoryList.Logistics.Recurring.CostElementList.CostElement"
"Various","Various","","","","","","","","","","","","2014-BASE_PROCUREMENT-2014-DEFENSE_DTRA-PROCUREMENT_JustificationBook_Defense_Threat_Reduction_Agency_PB_2014.zzz_unzipped-PROCUREMENT_JustificationBook_Defense_Threat_Reduction_Agency_PB_2014.xml","b9f6422383e24c827a39245f546a5e27c63b7555315eb0be5e4a650395701b9c","0-164eaf6695131dd57b22b24ea79eb948c983a550a1c8505ac702994e57795ade","9-c8e68af11c0ff9b02660fe758d9983c9c0bc37dd27b50eb4150bbbdcb871791a","root.record.ItemExhibitList.P5Item.CostElementCategoryList.Logistics.Recurring.CostElementList.CostElement"
"Various","Various","","","","","","","","","","","","2014-BASE_PROCUREMENT-2014-DEFENSE_DTRA-PROCUREMENT_JustificationBook_Defense_Threat_Reduction_Agency_PB_2014.zzz_unzipped-PROCUREMENT_JustificationBook_Defense_Threat_Reduction_Agency_PB_2014.xml","b9f6422383e24c827a39245f546a5e27c63b7555315eb0be5e4a650395701b9c","0-f67f571dda3950494cfe1d4c843845ce66f3809bfcb22e4e0ea5cdbba7115d66","10-30d12efa5262fe12cd7e08f0d42b05c2a7829afc96ceae1d1aa000c7e50dda57","root.record.ItemExhibitList.P5Item.CostElementCategoryList.Logistics.Recurring.CostElementList.CostElement"
"Various","Various","","","","","","","","","","","","2014-BASE_PROCUREMENT-2014-DEFENSE_DTRA-PROCUREMENT_JustificationBook_Defense_Threat_Reduction_Agency_PB_2014.zzz_unzipped-PROCUREMENT_JustificationBook_Defense_Threat_Reduction_Agency_PB_2014.xml","b9f6422383e24c827a39245f546a5e27c63b7555315eb0be5e4a650395701b9c","0-7b43148cbe49265fac731581ee69f558e3ba8338f26d6ae10b694ef32fdd66da","11-b595a24abb0ed5738a82b48ce5c8daf9365fd48c3034583d085397bf2cada377","root.record.ItemExhibitList.P5Item.CostElementCategoryList.Logistics.Recurring.CostElementList.CostElement"
"Various","Various","","","","","","","","","","","","2014-BASE_PROCUREMENT-2014-DEFENSE_DTRA-PROCUREMENT_JustificationBook_Defense_Threat_Reduction_Agency_PB_2014.zzz_unzipped-PROCUREMENT_JustificationBook_Defense_Threat_Reduction_Agency_PB_2014.xml","b9f6422383e24c827a39245f546a5e27c63b7555315eb0be5e4a650395701b9c","0-4ea6781f4d5b3d287d10895c1f253eeec357d96401673316277a99a8b109cf3c","12-2794c1ccc942ac3586badc66e31f34d05402a468cac55d72aa578d55445f44b0","root.record.ItemExhibitList.P5Item.CostElementCategoryList.Logistics.Recurring.CostElementList.CostElement"
"Various","Various","","","","","","","","","","","","2014-BASE_PROCUREMENT-2014-DEFENSE_DTRA-PROCUREMENT_JustificationBook_Defense_Threat_Reduction_Agency_PB_2014.zzz_unzipped-PROCUREMENT_JustificationBook_Defense_Threat_Reduction_Agency_PB_2014.xml","b9f6422383e24c827a39245f546a5e27c63b7555315eb0be5e4a650395701b9c","0-a3b876c76dc64c46beaf9ec137b54a5acae71a53bd11da0f2bfa681eb5bc9096","13-5ae8eb339777faab78c6bd02e51e4aa7239be1f8b89eef8619f08bf9f55842b4","root.record.ItemExhibitList.P5Item.CostElementCategoryList.Logistics.Recurring.CostElementList.CostElement"
"Various","Various","","","","","","","","","","","","2014-BASE_PROCUREMENT-2014-DEFENSE_DTRA-PROCUREMENT_JustificationBook_Defense_Threat_Reduction_Agency_PB_2014.zzz_unzipped-PROCUREMENT_JustificationBook_Defense_Threat_Reduction_Agency_PB_2014.xml","b9f6422383e24c827a39245f546a5e27c63b7555315eb0be5e4a650395701b9c","0-acebf69fda2b2768307d41e3d51c2c6982b93ba5a8bb49382cb05c42c6581132","14-8816ec7ecf19bb0f710d4bdaf215cfc2d471f20cf13f905941f4fcd4467a6d06","root.record.ItemExhibitList.P5Item.CostElementCategoryList.Logistics.Recurring.CostElementList.CostElement"
"Various","Various","","","","","","","","","","","","2014-BASE_PROCUREMENT-2014-DEFENSE_DTRA-PROCUREMENT_JustificationBook_Defense_Threat_Reduction_Agency_PB_2014.zzz_unzipped-PROCUREMENT_JustificationBook_Defense_Threat_Reduction_Agency_PB_2014.xml","b9f6422383e24c827a39245f546a5e27c63b7555315eb0be5e4a650395701b9c","0-88d086cd948e8c46cd2eff81b0317604776c95a33919807fd6d8d6c8c06bb864","15-fc42e9bef39aeec60a7cc7d4fdb38ac6002a546c4c8a3a0fed30b18a2b14d609","root.record.ItemExhibitList.P5Item.CostElementCategoryList.Logistics.Recurring.CostElementList.CostElement"
"Various","Various","","","","","","","","","","","","2014-BASE_PROCUREMENT-2014-DEFENSE_DTRA-PROCUREMENT_JustificationBook_Defense_Threat_Reduction_Agency_PB_2014.zzz_unzipped-PROCUREMENT_JustificationBook_Defense_Threat_Reduction_Agency_PB_2014.xml","b9f6422383e24c827a39245f546a5e27c63b7555315eb0be5e4a650395701b9c","0-11d4b392da9835b1ea8b3c462fd94c45b821eeef6c117a012ebeff505eef0159","16-3a32661087985062556ee738af70829d7d09a0e3880f9a1628be1fdd9b354f6c","root.record.ItemExhibitList.P5Item.CostElementCategoryList.Logistics.Recurring.CostElementList.CostElement"
"Various","Various","","","","","","","","","","","","2014-BASE_PROCUREMENT-2014-DEFENSE_DTRA-PROCUREMENT_JustificationBook_Defense_Threat_Reduction_Agency_PB_2014.zzz_unzipped-PROCUREMENT_JustificationBook_Defense_Threat_Reduction_Agency_PB_2014.xml","b9f6422383e24c827a39245f546a5e27c63b7555315eb0be5e4a650395701b9c","0-64b73ce41c3dc2f09c744dad7416e695d14ca84043f1bd914fbf5dcc64c9aa9e","17-b3d59bc7a0a27d08cb570253f62484a80163eb84d8048287c1b0ee1319a4bff4","root.record.ItemExhibitList.P5Item.CostElementCategoryList.Logistics.Recurring.CostElementList.CostElement"
"Various","Various","","","","","","","","","","","","2014-BASE_PROCUREMENT-2014-DEFENSE_VOL1-PROCUREMENT_MasterJustificationBook_Defense-Wide_PB_2014.zzz_unzipped-PROCUREMENT_MasterJustificationBook_Defense-Wide_PB_2014.xml","5b0cc03cb7a3e0d257e91d2eb6085fa06c40e7d382fa5360746ab68b7dc060b6","0-0e74061a7e66eadbdeec3d96ddecdc1d0bd6478796364167f04716acf023b41f","0-1bf6a982b505d2b9a0c7255d1fdbbbc2b7bafa986a356504c163fda59996f1b4","root.record.ItemExhibitList.P5Item.CostElementCategoryList.Logistics.Recurring.CostElementList.CostElement"
"Various","Various","","","","","","","","","","","","2014-BASE_PROCUREMENT-2014-DEFENSE_VOL1-PROCUREMENT_MasterJustificationBook_Defense-Wide_PB_2014.zzz_unzipped-PROCUREMENT_MasterJustificationBook_Defense-Wide_PB_2014.xml","5b0cc03cb7a3e0d257e91d2eb6085fa06c40e7d382fa5360746ab68b7dc060b6","0-20348f7ed51a56a2c7bed67d6bfcec1102173489563584e685abd3a65eb073c4","1-df3f3d407fcaadccbe5d29b5592de6833d944aae8b4389bfdbfa62cc7b0d0b4c","root.record.ItemExhibitList.P5Item.CostElementCategoryList.Logistics.Recurring.CostElementList.CostElement"
"VARIOUS","VARIOUS","","","","","","","","","","","","2014-BASE_PROCUREMENT-2014-DEFENSE_VOL1-PROCUREMENT_MasterJustificationBook_Defense-Wide_PB_2014.zzz_unzipped-PROCUREMENT_MasterJustificationBook_Defense-Wide_PB_2014.xml","5b0cc03cb7a3e0d257e91d2eb6085fa06c40e7d382fa5360746ab68b7dc060b6","0-470d12435e9efda90807c8f55de483f050e6af1f4d9e1025444f77a1f14cfb91","2-e6c01f2e5a615aa7b2e40e5a33302be6bddac1a2643b7166a3375e11f9423e03","root.record.ItemExhibitList.P5Item.CostElementCategoryList.Logistics.Recurring.CostElementList.CostElement"
"Various","Various","","","","","","","","","","","","2014-BASE_PROCUREMENT-2014-DEFENSE_VOL1-PROCUREMENT_MasterJustificationBook_Defense-Wide_PB_2014.zzz_unzipped-PROCUREMENT_MasterJustificationBook_Defense-Wide_PB_2014.xml","5b0cc03cb7a3e0d257e91d2eb6085fa06c40e7d382fa5360746ab68b7dc060b6","0-173ab4b257a3e11c4cee1ab35623af80e8866b2f67745ac45c750adff482bd89","0-e37bb3e0e7be1e6a7e5cde33b24f04e07eaa0e45659159277982bc5294035736","root.record.ItemExhibitList.P5Item.CostElementCategoryList.Logistics.Recurring.CostElementList.CostElement"
"Various","Various","","","","","","","","","","","","2014-BASE_PROCUREMENT-2014-DEFENSE_VOL1-PROCUREMENT_MasterJustificationBook_Defense-Wide_PB_2014.zzz_unzipped-PROCUREMENT_MasterJustificationBook_Defense-Wide_PB_2014.xml","5b0cc03cb7a3e0d257e91d2eb6085fa06c40e7d382fa5360746ab68b7dc060b6","0-20c25977a8dc951bec5026a856919f3be98ad17bc056a6e79b1bc6aa9661d897","5-3483cb502840fd42a10a88186b14afe738670424d4f173a2e65f6ecbad8620de","root.record.ItemExhibitList.P5Item.CostElementCategoryList.Logistics.Recurring.CostElementList.CostElement"
"Various","Various","","","","","","","","","","","","2014-BASE_PROCUREMENT-2014-DEFENSE_VOL1-PROCUREMENT_MasterJustificationBook_Defense-Wide_PB_2014.zzz_unzipped-PROCUREMENT_MasterJustificationBook_Defense-Wide_PB_2014.xml","5b0cc03cb7a3e0d257e91d2eb6085fa06c40e7d382fa5360746ab68b7dc060b6","0-a773c7a57ccd9a0cd390360c7fa7a2a14125a58ad030299c10b027fdc30c8b25","6-084e294d3d852299c43e8bbebe989b8a7ca0da94d8d1a017a6288c5cdad381e4","root.record.ItemExhibitList.P5Item.CostElementCategoryList.Logistics.Recurring.CostElementList.CostElement"
"Various","Various","","","","","","","","","","","","2014-BASE_PROCUREMENT-2014-DEFENSE_VOL1-PROCUREMENT_MasterJustificationBook_Defense-Wide_PB_2014.zzz_unzipped-PROCUREMENT_MasterJustificationBook_Defense-Wide_PB_2014.xml","5b0cc03cb7a3e0d257e91d2eb6085fa06c40e7d382fa5360746ab68b7dc060b6","0-8a8827c0f2b325200eb4eae059f7743d0450f165b590aab2c0d81832adf6e815","7-6c24f4d0f024e3224f22cd11f61f7fd134de078221ae7bbcd69b8020b6ed644a","root.record.ItemExhibitList.P5Item.CostElementCategoryList.Logistics.Recurring.CostElementList.CostElement"
"Various","Various","","","","","","","","","","","","2014-BASE_PROCUREMENT-2014-DEFENSE_VOL1-PROCUREMENT_MasterJustificationBook_Defense-Wide_PB_2014.zzz_unzipped-PROCUREMENT_MasterJustificationBook_Defense-Wide_PB_2014.xml","5b0cc03cb7a3e0d257e91d2eb6085fa06c40e7d382fa5360746ab68b7dc060b6","0-b90c846938d206fa613c2e2b0e855ecd5f4deca0453e7802e293dbd160813b52","8-95ee2714005989181d29755699c073a327aad9a333eded5b2d93f0b21e8db58b","root.record.ItemExhibitList.P5Item.CostElementCategoryList.Logistics.Recurring.CostElementList.CostElement"
"Various","Various","","","","","","","","","","","","2014-BASE_PROCUREMENT-2014-DEFENSE_VOL1-PROCUREMENT_MasterJustificationBook_Defense-Wide_PB_2014.zzz_unzipped-PROCUREMENT_MasterJustificationBook_Defense-Wide_PB_2014.xml","5b0cc03cb7a3e0d257e91d2eb6085fa06c40e7d382fa5360746ab68b7dc060b6","0-6cbe1f54be70845d2f73706f1f026e89eb0c45ac5aa7733607a624acb1b1f3d5","9-2c7265e5446ce2e168cd7d33353c4420ffbfe8a9a516828823eab4530dbff323","root.record.ItemExhibitList.P5Item.CostElementCategoryList.Logistics.Recurring.CostElementList.CostElement"
"Various","Various","","","","","","","","","","","","2014-BASE_PROCUREMENT-2014-DEFENSE_VOL1-PROCUREMENT_MasterJustificationBook_Defense-Wide_PB_2014.zzz_unzipped-PROCUREMENT_MasterJustificationBook_Defense-Wide_PB_2014.xml","5b0cc03cb7a3e0d257e91d2eb6085fa06c40e7d382fa5360746ab68b7dc060b6","0-9601839a9de3484003e60ef6781306b5eed64e5ac48ad2cb8122335941197604","10-27937d2d9669cea6cfa241974d27872cc012213fe0de15981a3d1eef1dcd9599","root.record.ItemExhibitList.P5Item.CostElementCategoryList.Logistics.Recurring.CostElementList.CostElement"
"Various","Various","","","","","","","","","","","","2014-BASE_PROCUREMENT-2014-DEFENSE_VOL1-PROCUREMENT_MasterJustificationBook_Defense-Wide_PB_2014.zzz_unzipped-PROCUREMENT_MasterJustificationBook_Defense-Wide_PB_2014.xml","5b0cc03cb7a3e0d257e91d2eb6085fa06c40e7d382fa5360746ab68b7dc060b6","0-558f87b87e990e8d58b54af6945d387206fca61ec4a327345e2de7113d426036","11-6d86758a4a42ae14b374622f9e11e33acd6db4b9d2b6c3bbc1cc89e733ba292a","root.record.ItemExhibitList.P5Item.CostElementCategoryList.Logistics.Recurring.CostElementList.CostElement"
"Various","Various","","","","","","","","","","","","2014-BASE_PROCUREMENT-2014-DEFENSE_VOL1-PROCUREMENT_MasterJustificationBook_Defense-Wide_PB_2014.zzz_unzipped-PROCUREMENT_MasterJustificationBook_Defense-Wide_PB_2014.xml","5b0cc03cb7a3e0d257e91d2eb6085fa06c40e7d382fa5360746ab68b7dc060b6","0-57d54b6f03679c877a9ecdd725c6a2054230bb685f71eaeb1b6fa377d35ff751","12-f6310a1e5883b25004567097b22ffd6e42a4d136bb0f44287ddc784a47c64bed","root.record.ItemExhibitList.P5Item.CostElementCategoryList.Logistics.Recurring.CostElementList.CostElement"
"Various","Various","","","","","","","","","","","","2014-BASE_PROCUREMENT-2014-DEFENSE_VOL1-PROCUREMENT_MasterJustificationBook_Defense-Wide_PB_2014.zzz_unzipped-PROCUREMENT_MasterJustificationBook_Defense-Wide_PB_2014.xml","5b0cc03cb7a3e0d257e91d2eb6085fa06c40e7d382fa5360746ab68b7dc060b6","0-b4044f02f06544af438bb9a376d6a1c7b4d850d1bfcc7e4073b88dc40841f454","13-9721f8ef341822aebfcfcbf556e516df5ca131be24fbf07aa18391fdaf817436","root.record.ItemExhibitList.P5Item.CostElementCategoryList.Logistics.Recurring.CostElementList.CostElement"
"Various","Various","","","","","","","","","","","","2014-BASE_PROCUREMENT-2014-DEFENSE_VOL1-PROCUREMENT_MasterJustificationBook_Defense-Wide_PB_2014.zzz_unzipped-PROCUREMENT_MasterJustificationBook_Defense-Wide_PB_2014.xml","5b0cc03cb7a3e0d257e91d2eb6085fa06c40e7d382fa5360746ab68b7dc060b6","0-1b1683aec6f39f94352d30218a8344c294984d90648e62f351b9ae2937906e10","14-e390089f8ad6da5e86bd9b11fb69965a20582fd11219dad94db59b01edd7ae42","root.record.ItemExhibitList.P5Item.CostElementCategoryList.Logistics.Recurring.CostElementList.CostElement"
"Various","Various","","","","","","","","","","","","2014-BASE_PROCUREMENT-2014-DEFENSE_VOL1-PROCUREMENT_MasterJustificationBook_Defense-Wide_PB_2014.zzz_unzipped-PROCUREMENT_MasterJustificationBook_Defense-Wide_PB_2014.xml","5b0cc03cb7a3e0d257e91d2eb6085fa06c40e7d382fa5360746ab68b7dc060b6","0-df7adc1c98974d2cf8375af777bb0a54ede7cd2c9f5835dbe3b08eb235a13137","15-74aedff0fa0e718bfa263ce2d648ca96f7d8ff67120bf59fb6d0ba2d6eeee536","root.record.ItemExhibitList.P5Item.CostElementCategoryList.Logistics.Recurring.CostElementList.CostElement"
"Various","Various","","","","","","","","","","","","2014-BASE_PROCUREMENT-2014-DEFENSE_VOL1-PROCUREMENT_MasterJustificationBook_Defense-Wide_PB_2014.zzz_unzipped-PROCUREMENT_MasterJustificationBook_Defense-Wide_PB_2014.xml","5b0cc03cb7a3e0d257e91d2eb6085fa06c40e7d382fa5360746ab68b7dc060b6","0-6b8f976c93d7db779544ada76d5db3e27b43902ea1c2e15249b38e2ff24e7355","16-28145a98761eeb7d4aed1a1de88a104c2de7005960dd43c329b7721efc3cca82","root.record.ItemExhibitList.P5Item.CostElementCategoryList.Logistics.Recurring.CostElementList.CostElement"
"Various","Various","","","","","","","","","","","","2014-BASE_PROCUREMENT-2014-DEFENSE_VOL1-PROCUREMENT_MasterJustificationBook_Defense-Wide_PB_2014.zzz_unzipped-PROCUREMENT_MasterJustificationBook_Defense-Wide_PB_2014.xml","5b0cc03cb7a3e0d257e91d2eb6085fa06c40e7d382fa5360746ab68b7dc060b6","0-354da52381f8e82fa371858fb4af22b6f5937ea58bca65cf982c9352f7f27c21","17-e59a043e04a7683768c1ac2be444159de8628baec2208664cb6d4ca3d8f3a730","root.record.ItemExhibitList.P5Item.CostElementCategoryList.Logistics.Recurring.CostElementList.CostElement"
"Various","Various","","","","","","","","","","","","2015-BASE_PROCUREMENT-2015-DEFENSE_DTRA-PROCUREMENT_JustificationBook_Defense_Threat_Reduction_Agency_PB_2015.zzz_unzipped-PROCUREMENT_JustificationBook_Defense_Threat_Reduction_Agency_PB_2015.xml","a7d10cbf505062d10d22842b187e5d499da72fbff89114d92e75f7abe87b6cea","0-7caabdd34058b8721d7d7774b170500efd0d0445c4d71cec1a66327fa7842726","0-d3f295b6cb5b8ab39ad5f39e7e92e0ff6d382994580922aeef493d4fa6ba3d64","root.record.ItemExhibitList.P5Item.CostElementCategoryList.Logistics.Recurring.CostElementList.CostElement"
"VARIOUS","VARIOUS","","","","","","","","","","","","2015-BASE_PROCUREMENT-2015-DEFENSE_DTRA-PROCUREMENT_JustificationBook_Defense_Threat_Reduction_Agency_PB_2015.zzz_unzipped-PROCUREMENT_JustificationBook_Defense_Threat_Reduction_Agency_PB_2015.xml","a7d10cbf505062d10d22842b187e5d499da72fbff89114d92e75f7abe87b6cea","0-3fb44c845fc6f3ea8de59de524b45da78cef6d3018aa5ddf86ab6deb1ca7ab69","1-d30a1fa74996ec571f31a4aaf75f5785e943fe9da0117c3647c3c6b05527bec4","root.record.ItemExhibitList.P5Item.CostElementCategoryList.Logistics.Recurring.CostElementList.CostElement"
"University of Alaska","Fairbanks, AL","","","","","","","","","","","","2015-BASE_PROCUREMENT-2015-DEFENSE_DTRA-PROCUREMENT_JustificationBook_Defense_Threat_Reduction_Agency_PB_2015.zzz_unzipped-PROCUREMENT_JustificationBook_Defense_Threat_Reduction_Agency_PB_2015.xml","a7d10cbf505062d10d22842b187e5d499da72fbff89114d92e75f7abe87b6cea","0-5831f57d26f6df959a23f542f1ca579162de64a017b9c30967337deaffc0f572","2-2daae274cd395f78acd842f88f83f361b09dc63974cdc1b6dcfe526d4126a784","root.record.ItemExhibitList.P5Item.CostElementCategoryList.Logistics.Recurring.CostElementList.CostElement"
"Various","Various","","","","","","","","","","","","2015-BASE_PROCUREMENT-2015-DEFENSE_DTRA-PROCUREMENT_JustificationBook_Defense_Threat_Reduction_Agency_PB_2015.zzz_unzipped-PROCUREMENT_JustificationBook_Defense_Threat_Reduction_Agency_PB_2015.xml","a7d10cbf505062d10d22842b187e5d499da72fbff89114d92e75f7abe87b6cea","0-3b3766d1c5b0a5cf12c0cde5189b0cface35830a2364aeed1c6251e400506690","0-7df67197442f4a59e1e4c669a30eee8ec55e34fbaa76318526af42f52bfdf685","root.record.ItemExhibitList.P5Item.CostElementCategoryList.Logistics.Recurring.CostElementList.CostElement"
"Various","Various","","","","","","","","","","","","2015-BASE_PROCUREMENT-2015-DEFENSE_DTRA-PROCUREMENT_JustificationBook_Defense_Threat_Reduction_Agency_PB_2015.zzz_unzipped-PROCUREMENT_JustificationBook_Defense_Threat_Reduction_Agency_PB_2015.xml","a7d10cbf505062d10d22842b187e5d499da72fbff89114d92e75f7abe87b6cea","0-6bc4884e8efe62783db2988272636efbc78df047518798b2f3897d73b2a8e95a","0-a211e3aec58df9968025c11020f9cde6f81c55500ea0fd8626cbd551312e7ee3","root.record.ItemExhibitList.P5Item.CostElementCategoryList.Logistics.Recurring.CostElementList.CostElement"
"Various","Various","","","","","","","","","","","","2015-BASE_PROCUREMENT-2015-DEFENSE_DTRA-PROCUREMENT_JustificationBook_Defense_Threat_Reduction_Agency_PB_2015.zzz_unzipped-PROCUREMENT_JustificationBook_Defense_Threat_Reduction_Agency_PB_2015.xml","a7d10cbf505062d10d22842b187e5d499da72fbff89114d92e75f7abe87b6cea","0-24f801e8f504ad18ba8debe932751f7326adb25eb4776813d5d26d5b49be8b48","3-c0b7eea08214d22a85c6631ac75cb2daa1fc1e02926cd203e31b8229f6dfe5ca","root.record.ItemExhibitList.P5Item.CostElementCategoryList.Logistics.Recurring.CostElementList.CostElement"
"Various","Various","","","","","","","","","","","","2015-BASE_PROCUREMENT-2015-DEFENSE_DTRA-PROCUREMENT_JustificationBook_Defense_Threat_Reduction_Agency_PB_2015.zzz_unzipped-PROCUREMENT_JustificationBook_Defense_Threat_Reduction_Agency_PB_2015.xml","a7d10cbf505062d10d22842b187e5d499da72fbff89114d92e75f7abe87b6cea","0-9e0d3b9cfffebf879234f5edaa29ea80829f4761f511f1eec85d79fe7c60de74","4-9aa6d61e680850d2a47cddb95bf341f10fdf92f467c986c85eb1387b02bd346b","root.record.ItemExhibitList.P5Item.CostElementCategoryList.Logistics.Recurring.CostElementList.CostElement"
"Various","Various","","","","","","","","","","","","2015-BASE_PROCUREMENT-2015-DEFENSE_DTRA-PROCUREMENT_JustificationBook_Defense_Threat_Reduction_Agency_PB_2015.zzz_unzipped-PROCUREMENT_JustificationBook_Defense_Threat_Reduction_Agency_PB_2015.xml","a7d10cbf505062d10d22842b187e5d499da72fbff89114d92e75f7abe87b6cea","0-56589578be4473c7586971197e53c4c21915f2b34c1750df69407728cc32b13d","5-07e3f400f0dc886316c5ece4bed537b9171afef4c8765cb59593d5d5bf3c9ecb","root.record.ItemExhibitList.P5Item.CostElementCategoryList.Logistics.Recurring.CostElementList.CostElement"
"Various","Various","","","","","","","","","","","","2015-BASE_PROCUREMENT-2015-DEFENSE_DTRA-PROCUREMENT_JustificationBook_Defense_Threat_Reduction_Agency_PB_2015.zzz_unzipped-PROCUREMENT_JustificationBook_Defense_Threat_Reduction_Agency_PB_2015.xml","a7d10cbf505062d10d22842b187e5d499da72fbff89114d92e75f7abe87b6cea","0-43c8f76734b37cf228dbff2ded7241a33d93e84547d09a4fb78b20340491ae2e","6-a21188b4a7271321da072298deac90d535e80edacee9964c9a56b62de8ec0ca3","root.record.ItemExhibitList.P5Item.CostElementCategoryList.Logistics.Recurring.CostElementList.CostElement"
"Various","Various","","","","","","","","","","","","2015-BASE_PROCUREMENT-2015-DEFENSE_DTRA-PROCUREMENT_JustificationBook_Defense_Threat_Reduction_Agency_PB_2015.zzz_unzipped-PROCUREMENT_JustificationBook_Defense_Threat_Reduction_Agency_PB_2015.xml","a7d10cbf505062d10d22842b187e5d499da72fbff89114d92e75f7abe87b6cea","0-aac9b52ca3777f14d06a4f5033e5f81e67e9d6787ec3ed71fcfe3cf8c2041544","7-eda39f279cfae24cf6926f9c1712cba61bb1a2ac226f26e7070df35cc581b60b","root.record.ItemExhibitList.P5Item.CostElementCategoryList.Logistics.Recurring.CostElementList.CostElement"
"Various","Various","","","","","","","","","","","","2015-BASE_PROCUREMENT-2015-DEFENSE_DTRA-PROCUREMENT_JustificationBook_Defense_Threat_Reduction_Agency_PB_2015.zzz_unzipped-PROCUREMENT_JustificationBook_Defense_Threat_Reduction_Agency_PB_2015.xml","a7d10cbf505062d10d22842b187e5d499da72fbff89114d92e75f7abe87b6cea","0-02bfbfb71b1d68f1994820b316d5c16da7970f0c2ef6989063f326e2d9e275b7","9-6cde0286343923fd20f283fb076117a08ea5f7c868e00246ea2348828b725ab6","root.record.ItemExhibitList.P5Item.CostElementCategoryList.Logistics.Recurring.CostElementList.CostElement"
"Various","Various","","","","","","","","","","","","2015-BASE_PROCUREMENT-2015-DEFENSE_DTRA-PROCUREMENT_JustificationBook_Defense_Threat_Reduction_Agency_PB_2015.zzz_unzipped-PROCUREMENT_JustificationBook_Defense_Threat_Reduction_Agency_PB_2015.xml","a7d10cbf505062d10d22842b187e5d499da72fbff89114d92e75f7abe87b6cea","0-8adccca130988a47b405f5bc9711f5bf55de48e4e6545fd01c25fd42948a9307","16-c3cdd0baa24416cf31f6bc6826f19622bdfe8f738b563acb34d112d8a7679c51","root.record.ItemExhibitList.P5Item.CostElementCategoryList.Logistics.Recurring.CostElementList.CostElement"
"MicroServices Corporation","Vienna, VA","","","","","","","","","","","","2015-BASE_PROCUREMENT-2015-DEFENSE_DTRA-PROCUREMENT_JustificationBook_Defense_Threat_Reduction_Agency_PB_2015.zzz_unzipped-PROCUREMENT_JustificationBook_Defense_Threat_Reduction_Agency_PB_2015.xml","a7d10cbf505062d10d22842b187e5d499da72fbff89114d92e75f7abe87b6cea","0-36381266da62630116bebf0be327568dc46d5b04665ebe67e4affee12168b60a","18-3a1d37fe7df6a53443ee6db76b25937e72133356dadc5dff90163552e44fb7ba","root.record.ItemExhibitList.P5Item.CostElementCategoryList.Logistics.Recurring.CostElementList.CostElement"
"Various","Various","","","","","","","","","","","","2015-BASE_PROCUREMENT-2015-DEFENSE_DTRA-PROCUREMENT_MasterJustificationBook_Defense_Threat_Reduction_Agency_PB_2015.zzz_unzipped-PROCUREMENT_MasterJustificationBook_Defense_Threat_Reduction_Agency_PB_2015.xml","1d02ec4d60f15befb2093be00f2048b2abd71a0cc89b137f1ee1e43a49843c04","0-f9cc883408b72c991d3a3285ca5984cec98e42337d40757a47564779bd0784d3","0-096405f5ccd897988fe2d07e3ae550928f98debd66f658c871010718de6180b8","root.record.ItemExhibitList.P5Item.CostElementCategoryList.Logistics.Recurring.CostElementList.CostElement"
"VARIOUS","VARIOUS","","","","","","","","","","","","2015-BASE_PROCUREMENT-2015-DEFENSE_DTRA-PROCUREMENT_MasterJustificationBook_Defense_Threat_Reduction_Agency_PB_2015.zzz_unzipped-PROCUREMENT_MasterJustificationBook_Defense_Threat_Reduction_Agency_PB_2015.xml","1d02ec4d60f15befb2093be00f2048b2abd71a0cc89b137f1ee1e43a49843c04","0-09021db3cd4e761070408220d3202bf95e224a7c4d1b11c1b35ce81da6f67105","1-9f88eb2dff392ff80c1f19a5623386e9fe87551cb1535c3750080be867083b87","root.record.ItemExhibitList.P5Item.CostElementCategoryList.Logistics.Recurring.CostElementList.CostElement"
"University of Alaska","Fairbanks, AL","","","","","","","","","","","","2015-BASE_PROCUREMENT-2015-DEFENSE_DTRA-PROCUREMENT_MasterJustificationBook_Defense_Threat_Reduction_Agency_PB_2015.zzz_unzipped-PROCUREMENT_MasterJustificationBook_Defense_Threat_Reduction_Agency_PB_2015.xml","1d02ec4d60f15befb2093be00f2048b2abd71a0cc89b137f1ee1e43a49843c04","0-617b3176f01d66f344ac2f86dc9786d31afe65e787c0d7f6ada8d16cbd1dd398","2-d627b60ed2c0211a5921f565fe1cc3d7d251c9f8a7ded7ccd85c43c07ca0ee55","root.record.ItemExhibitList.P5Item.CostElementCategoryList.Logistics.Recurring.CostElementList.CostElement"
"Various","Various","","","","","","","","","","","","2015-BASE_PROCUREMENT-2015-DEFENSE_DTRA-PROCUREMENT_MasterJustificationBook_Defense_Threat_Reduction_Agency_PB_2015.zzz_unzipped-PROCUREMENT_MasterJustificationBook_Defense_Threat_Reduction_Agency_PB_2015.xml","1d02ec4d60f15befb2093be00f2048b2abd71a0cc89b137f1ee1e43a49843c04","0-ee5434872dcfb3a2b46ab24f036ac7540fffb8acc4cf9a70de79ec926530aa81","0-e1090e1694150acc7a5995565b60e13de32e696f3782947b8e31197d8ba9d673","root.record.ItemExhibitList.P5Item.CostElementCategoryList.Logistics.Recurring.CostElementList.CostElement"
"Various","Various","","","","","","","","","","","","2015-BASE_PROCUREMENT-2015-DEFENSE_DTRA-PROCUREMENT_MasterJustificationBook_Defense_Threat_Reduction_Agency_PB_2015.zzz_unzipped-PROCUREMENT_MasterJustificationBook_Defense_Threat_Reduction_Agency_PB_2015.xml","1d02ec4d60f15befb2093be00f2048b2abd71a0cc89b137f1ee1e43a49843c04","0-1afad5552ac08d781dba2e31689a6c0def546b99851368c6fe37b9b8a94cb8c4","0-b8b7ebfa8e74132306cb8c4973061a0aaf40bd3cff67afa3944be1b37d8d91f6","root.record.ItemExhibitList.P5Item.CostElementCategoryList.Logistics.Recurring.CostElementList.CostElement"
"Various","Various","","","","","","","","","","","","2015-BASE_PROCUREMENT-2015-DEFENSE_DTRA-PROCUREMENT_MasterJustificationBook_Defense_Threat_Reduction_Agency_PB_2015.zzz_unzipped-PROCUREMENT_MasterJustificationBook_Defense_Threat_Reduction_Agency_PB_2015.xml","1d02ec4d60f15befb2093be00f2048b2abd71a0cc89b137f1ee1e43a49843c04","0-031a167f1feb02802ec3fb9545de0c8feec8f79e65b48da304a0a2fe95ee5d43","3-7931f81105fc2482e94d584e08c3aae898737c18e31d7e3a2df720be77e421d0","root.record.ItemExhibitList.P5Item.CostElementCategoryList.Logistics.Recurring.CostElementList.CostElement"
"Various","Various","","","","","","","","","","","","2015-BASE_PROCUREMENT-2015-DEFENSE_DTRA-PROCUREMENT_MasterJustificationBook_Defense_Threat_Reduction_Agency_PB_2015.zzz_unzipped-PROCUREMENT_MasterJustificationBook_Defense_Threat_Reduction_Agency_PB_2015.xml","1d02ec4d60f15befb2093be00f2048b2abd71a0cc89b137f1ee1e43a49843c04","0-fe5ac1569261d2adaffbca506bb4c4d24420b0750606e725c3da7a6d98902d48","4-0bd1f4728cbc18b47f8c78a2b6948cd34b793c624583ac1de5f38fd28dd35590","root.record.ItemExhibitList.P5Item.CostElementCategoryList.Logistics.Recurring.CostElementList.CostElement"
"Various","Various","","","","","","","","","","","","2015-BASE_PROCUREMENT-2015-DEFENSE_DTRA-PROCUREMENT_MasterJustificationBook_Defense_Threat_Reduction_Agency_PB_2015.zzz_unzipped-PROCUREMENT_MasterJustificationBook_Defense_Threat_Reduction_Agency_PB_2015.xml","1d02ec4d60f15befb2093be00f2048b2abd71a0cc89b137f1ee1e43a49843c04","0-aaf6d8b3d861fafc3ea9db0cf4543309f2e8f4884a471d720c7cd286f1d27067","5-f471bc7ec5cf1d1f669dcd2780857e9ffadb98e659ff3a1d1037bfc2220795a2","root.record.ItemExhibitList.P5Item.CostElementCategoryList.Logistics.Recurring.CostElementList.CostElement"
"Various","Various","","","","","","","","","","","","2015-BASE_PROCUREMENT-2015-DEFENSE_DTRA-PROCUREMENT_MasterJustificationBook_Defense_Threat_Reduction_Agency_PB_2015.zzz_unzipped-PROCUREMENT_MasterJustificationBook_Defense_Threat_Reduction_Agency_PB_2015.xml","1d02ec4d60f15befb2093be00f2048b2abd71a0cc89b137f1ee1e43a49843c04","0-bc19f8bba5c703ac9af9e4375cd78fbcf2d59531b955a220c14795d9bfecbbbf","6-670b0978d7503f0de7e1f9258871d875e71139834bffbe737d7abf89496ac381","root.record.ItemExhibitList.P5Item.CostElementCategoryList.Logistics.Recurring.CostElementList.CostElement"
"Various","Various","","","","","","","","","","","","2015-BASE_PROCUREMENT-2015-DEFENSE_DTRA-PROCUREMENT_MasterJustificationBook_Defense_Threat_Reduction_Agency_PB_2015.zzz_unzipped-PROCUREMENT_MasterJustificationBook_Defense_Threat_Reduction_Agency_PB_2015.xml","1d02ec4d60f15befb2093be00f2048b2abd71a0cc89b137f1ee1e43a49843c04","0-7e5b4f58b752ac324bb6fa940485e45de2aefe0791d1fbec2fff679ad924b06f","7-af2b0f1677aed2e24315a3f9205ada602af92726bdf69a26a639ac329472ea35","root.record.ItemExhibitList.P5Item.CostElementCategoryList.Logistics.Recurring.CostElementList.CostElement"
"Various","Various","","","","","","","","","","","","2015-BASE_PROCUREMENT-2015-DEFENSE_DTRA-PROCUREMENT_MasterJustificationBook_Defense_Threat_Reduction_Agency_PB_2015.zzz_unzipped-PROCUREMENT_MasterJustificationBook_Defense_Threat_Reduction_Agency_PB_2015.xml","1d02ec4d60f15befb2093be00f2048b2abd71a0cc89b137f1ee1e43a49843c04","0-47ecf283bd9c031bd2a6dfe04944d118d08d39718d75eea513552b5f0c5ac79b","9-fd2a64fd47c29d9845d88eed0a56079aeb42515d541cd1bd3ae8b51aa17c0cc3","root.record.ItemExhibitList.P5Item.CostElementCategoryList.Logistics.Recurring.CostElementList.CostElement"
"Various","Various","","","","","","","","","","","","2015-BASE_PROCUREMENT-2015-DEFENSE_DTRA-PROCUREMENT_MasterJustificationBook_Defense_Threat_Reduction_Agency_PB_2015.zzz_unzipped-PROCUREMENT_MasterJustificationBook_Defense_Threat_Reduction_Agency_PB_2015.xml","1d02ec4d60f15befb2093be00f2048b2abd71a0cc89b137f1ee1e43a49843c04","0-3d8c05f5b3d18181c7eb52e3a5a869005da7e814ed7d57cbfe9a84984688390d","16-a5191e973451f1a390f283911c0fab36d838d9d5dd9937ddde25180c039d3501","root.record.ItemExhibitList.P5Item.CostElementCategoryList.Logistics.Recurring.CostElementList.CostElement"
"MicroServices Corporation","Vienna, VA","","","","","","","","","","","","2015-BASE_PROCUREMENT-2015-DEFENSE_DTRA-PROCUREMENT_MasterJustificationBook_Defense_Threat_Reduction_Agency_PB_2015.zzz_unzipped-PROCUREMENT_MasterJustificationBook_Defense_Threat_Reduction_Agency_PB_2015.xml","1d02ec4d60f15befb2093be00f2048b2abd71a0cc89b137f1ee1e43a49843c04","0-0014338e18224095b320288ee06c3a959ae356f97bda586d3a89ae9142bbb134","18-dd5d11ae3aef1ba296fd3480b13e165343b7a920f2e41cec0daa9de5bea4b7f4","root.record.ItemExhibitList.P5Item.CostElementCategoryList.Logistics.Recurring.CostElementList.CostElement"
"Various","Various","","","","","","","","","","","","2015-BASE_PROCUREMENT-2015-DEFENSE_VOL1-PROCUREMENT_MasterJustificationBook_Defense-Wide_PB_2015.zzz_unzipped-PROCUREMENT_MasterJustificationBook_Defense-Wide_PB_2015.xml","adcf059390b176717a460c0d15e82c8431ead2af55e5f0ae7d9c20b8e7d3d24e","0-775b6ab817ae6bfc8c2a30e97e0b06a919a1f7255607f5244fb575e198336911","0-51d1ed08ffc1102f4fc7f47b4815c8760001406d401a045a309a529f93b244f4","root.record.ItemExhibitList.P5Item.CostElementCategoryList.Logistics.Recurring.CostElementList.CostElement"
"VARIOUS","VARIOUS","","","","","","","","","","","","2015-BASE_PROCUREMENT-2015-DEFENSE_VOL1-PROCUREMENT_MasterJustificationBook_Defense-Wide_PB_2015.zzz_unzipped-PROCUREMENT_MasterJustificationBook_Defense-Wide_PB_2015.xml","adcf059390b176717a460c0d15e82c8431ead2af55e5f0ae7d9c20b8e7d3d24e","0-96161eb212e2aa9071f2152a81cc8dcc54678d69610342b87bd53fe8b9dfe26d","1-57e0e6c32ef33b9900f18453ccdf12021dd70d40de99c979b49f4ef3e6b22d6c","root.record.ItemExhibitList.P5Item.CostElementCategoryList.Logistics.Recurring.CostElementList.CostElement"
"University of Alaska","Fairbanks, AL","","","","","","","","","","","","2015-BASE_PROCUREMENT-2015-DEFENSE_VOL1-PROCUREMENT_MasterJustificationBook_Defense-Wide_PB_2015.zzz_unzipped-PROCUREMENT_MasterJustificationBook_Defense-Wide_PB_2015.xml","adcf059390b176717a460c0d15e82c8431ead2af55e5f0ae7d9c20b8e7d3d24e","0-ad416285dabe9b0ceac412bab266e62f0f56d631f6bbbf1501a4af80151aa45c","2-fc45fa5490dc99b9bb3e10d4a8221333c97e8997eb08aaa4631ae3637bd4a275","root.record.ItemExhibitList.P5Item.CostElementCategoryList.Logistics.Recurring.CostElementList.CostElement"
"Various","Various","","","","","","","","","","","","2015-BASE_PROCUREMENT-2015-DEFENSE_VOL1-PROCUREMENT_MasterJustificationBook_Defense-Wide_PB_2015.zzz_unzipped-PROCUREMENT_MasterJustificationBook_Defense-Wide_PB_2015.xml","adcf059390b176717a460c0d15e82c8431ead2af55e5f0ae7d9c20b8e7d3d24e","0-756368d8f3df90fa243bad2ce157cfdc049152211126ac5108025e96c3ba781a","0-3f45c85bf09b3cd0a2ff52a780baa944f9a981cf69f5411786b2b5810fec253c","root.record.ItemExhibitList.P5Item.CostElementCategoryList.Logistics.Recurring.CostElementList.CostElement"
"Various","Various","","","","","","","","","","","","2015-BASE_PROCUREMENT-2015-DEFENSE_VOL1-PROCUREMENT_MasterJustificationBook_Defense-Wide_PB_2015.zzz_unzipped-PROCUREMENT_MasterJustificationBook_Defense-Wide_PB_2015.xml","adcf059390b176717a460c0d15e82c8431ead2af55e5f0ae7d9c20b8e7d3d24e","0-3c842c56b56680967451eecd6748c3d26d0ecbb2826982c5b4f45a2694823a0e","0-f51cd4e3210352279444093f87541c74651b77d40e664adf1e6327506062a26f","root.record.ItemExhibitList.P5Item.CostElementCategoryList.Logistics.Recurring.CostElementList.CostElement"
"Various","Various","","","","","","","","","","","","2015-BASE_PROCUREMENT-2015-DEFENSE_VOL1-PROCUREMENT_MasterJustificationBook_Defense-Wide_PB_2015.zzz_unzipped-PROCUREMENT_MasterJustificationBook_Defense-Wide_PB_2015.xml","adcf059390b176717a460c0d15e82c8431ead2af55e5f0ae7d9c20b8e7d3d24e","0-45b8fc3131333b51c20bdf43330b254aea15690db4c718b2074619f85811ed11","3-d16882b97f5e5ead3f8913923c72f28b9b60628d27c25c9eb44d3a77ac98a462","root.record.ItemExhibitList.P5Item.CostElementCategoryList.Logistics.Recurring.CostElementList.CostElement"
"Various","Various","","","","","","","","","","","","2015-BASE_PROCUREMENT-2015-DEFENSE_VOL1-PROCUREMENT_MasterJustificationBook_Defense-Wide_PB_2015.zzz_unzipped-PROCUREMENT_MasterJustificationBook_Defense-Wide_PB_2015.xml","adcf059390b176717a460c0d15e82c8431ead2af55e5f0ae7d9c20b8e7d3d24e","0-1b240c2f113b685f758b76747e52e57049ddcb5cb0125e47e53d42ecac963121","4-5250f3d45e497f96c48b10b6c8e1206dc493f33058ab3ddf433111c7025865df","root.record.ItemExhibitList.P5Item.CostElementCategoryList.Logistics.Recurring.CostElementList.CostElement"
"Various","Various","","","","","","","","","","","","2015-BASE_PROCUREMENT-2015-DEFENSE_VOL1-PROCUREMENT_MasterJustificationBook_Defense-Wide_PB_2015.zzz_unzipped-PROCUREMENT_MasterJustificationBook_Defense-Wide_PB_2015.xml","adcf059390b176717a460c0d15e82c8431ead2af55e5f0ae7d9c20b8e7d3d24e","0-a7c9a4457b8a44742a1b482bd4fa77c53f52b5eb52c36be461433f3a64edcb2b","5-f43b7c9519a48725c221e6e7d02e220d0832803626adf6d54c9dcf77c0054650","root.record.ItemExhibitList.P5Item.CostElementCategoryList.Logistics.Recurring.CostElementList.CostElement"
"Various","Various","","","","","","","","","","","","2015-BASE_PROCUREMENT-2015-DEFENSE_VOL1-PROCUREMENT_MasterJustificationBook_Defense-Wide_PB_2015.zzz_unzipped-PROCUREMENT_MasterJustificationBook_Defense-Wide_PB_2015.xml","adcf059390b176717a460c0d15e82c8431ead2af55e5f0ae7d9c20b8e7d3d24e","0-ecd752951e78b45c67d7270161dd63e64d400e31a8fc17dc0e5ffe8c3f6d0cef","6-33236e809aa79f1e3de938884f54001f3c72983678263727c3eed5963d69aa4c","root.record.ItemExhibitList.P5Item.CostElementCategoryList.Logistics.Recurring.CostElementList.CostElement"
"Various","Various","","","","","","","","","","","","2015-BASE_PROCUREMENT-2015-DEFENSE_VOL1-PROCUREMENT_MasterJustificationBook_Defense-Wide_PB_2015.zzz_unzipped-PROCUREMENT_MasterJustificationBook_Defense-Wide_PB_2015.xml","adcf059390b176717a460c0d15e82c8431ead2af55e5f0ae7d9c20b8e7d3d24e","0-fbeeeecff8d91a02062e3ef6b701b1fd4b1433511dc254628b19a788c240e5ac","7-1e7f660a4586248b24cf3bdbb1aeaaea370094dd5a5c45743c70ba94ef159a22","root.record.ItemExhibitList.P5Item.CostElementCategoryList.Logistics.Recurring.CostElementList.CostElement"
"Various","Various","","","","","","","","","","","","2015-BASE_PROCUREMENT-2015-DEFENSE_VOL1-PROCUREMENT_MasterJustificationBook_Defense-Wide_PB_2015.zzz_unzipped-PROCUREMENT_MasterJustificationBook_Defense-Wide_PB_2015.xml","adcf059390b176717a460c0d15e82c8431ead2af55e5f0ae7d9c20b8e7d3d24e","0-9daf7e8951ce128ef038901046c54b52843ef8e1d21257b8addfc40734bb931c","9-12773ad9b3713ec3eed74338fbde1f16071cfc4a7a9eeeeb0590ab25339540b7","root.record.ItemExhibitList.P5Item.CostElementCategoryList.Logistics.Recurring.CostElementList.CostElement"
"Various","Various","","","","","","","","","","","","2015-BASE_PROCUREMENT-2015-DEFENSE_VOL1-PROCUREMENT_MasterJustificationBook_Defense-Wide_PB_2015.zzz_unzipped-PROCUREMENT_MasterJustificationBook_Defense-Wide_PB_2015.xml","adcf059390b176717a460c0d15e82c8431ead2af55e5f0ae7d9c20b8e7d3d24e","0-7e91419f997394e0ead9d28e0f5dcbdb6c874bf846db247b8bd4f026c50db9a0","16-0cba01c5afae0c8fc43990a3031123abf88d3a165de08e16a9e674bd12ea614b","root.record.ItemExhibitList.P5Item.CostElementCategoryList.Logistics.Recurring.CostElementList.CostElement"
"MicroServices Corporation","Vienna, VA","","","","","","","","","","","","2015-BASE_PROCUREMENT-2015-DEFENSE_VOL1-PROCUREMENT_MasterJustificationBook_Defense-Wide_PB_2015.zzz_unzipped-PROCUREMENT_MasterJustificationBook_Defense-Wide_PB_2015.xml","adcf059390b176717a460c0d15e82c8431ead2af55e5f0ae7d9c20b8e7d3d24e","0-e62dcd15cac97506cfa558fba91772e6ea4b3a8fb98c45fc609add0920c3cc4e","18-0c7dd75a4141faf9383376ae9fd27ae3aa39a8bff18f9cfc32a4f95f3fee33e1","root.record.ItemExhibitList.P5Item.CostElementCategoryList.Logistics.Recurring.CostElementList.CostElement"
"Various","Various","","","","","","","","","","","","2016-BASE_PROCUREMENT-2016-DEFENSE_DTRA-PROCUREMENT_JustificationBook_Defense_Threat_Reduction_Agency_PB_2016.zzz_unzipped-PROCUREMENT_JustificationBook_Defense_Threat_Reduction_Agency_PB_2016.xml","e9921f0d9b8db3d3cc22fa80c080135237742b6604602278f57a73866900b288","0-f6b3c123d5567aa0079f0c5da4629142b8a27974ea4385f90bae0dcc440fc8a3","0-097bd57f817bbe15a6e231624befe006a0927324f2f24aa1bb141aa932d5bd53","root.record.ItemExhibitList.P5Item.CostElementCategoryList.Logistics.Recurring.CostElementList.CostElement"
"Various","Various","","","","","","","","","","","","2016-BASE_PROCUREMENT-2016-DEFENSE_DTRA-PROCUREMENT_JustificationBook_Defense_Threat_Reduction_Agency_PB_2016.zzz_unzipped-PROCUREMENT_JustificationBook_Defense_Threat_Reduction_Agency_PB_2016.xml","e9921f0d9b8db3d3cc22fa80c080135237742b6604602278f57a73866900b288","0-2b377c7ec2124d7910d2e986192d85214ee45d91e7fefed7a8dc65dec79655e1","2-217f5604124bed0bac9a42852423f0f2b72b682c430adafeee007bd38c562e7c","root.record.ItemExhibitList.P5Item.CostElementCategoryList.Logistics.Recurring.CostElementList.CostElement"
"Various","Various","","","","","","","","","","","","2016-BASE_PROCUREMENT-2016-DEFENSE_DTRA-PROCUREMENT_JustificationBook_Defense_Threat_Reduction_Agency_PB_2016.zzz_unzipped-PROCUREMENT_JustificationBook_Defense_Threat_Reduction_Agency_PB_2016.xml","e9921f0d9b8db3d3cc22fa80c080135237742b6604602278f57a73866900b288","0-1a0308b44e67e81ce8f08394c8e982ca710ccee42ff778364eeaf5901cd79c60","0-2bb5af5931837751ae707c2d6d855cca3b117db7b3be56951921e7223f69ffcd","root.record.ItemExhibitList.P5Item.CostElementCategoryList.Logistics.Recurring.CostElementList.CostElement"
"Various","Various","","","","","","","","","","","","2016-BASE_PROCUREMENT-2016-DEFENSE_DTRA-PROCUREMENT_JustificationBook_Defense_Threat_Reduction_Agency_PB_2016.zzz_unzipped-PROCUREMENT_JustificationBook_Defense_Threat_Reduction_Agency_PB_2016.xml","e9921f0d9b8db3d3cc22fa80c080135237742b6604602278f57a73866900b288","0-7140960380b1f7eb0c8b5181a6215c243f22e63b4a15478a8b259983525f52d2","0-90573aa89020690f250dca7883949ba7c0d4be8c075ab2d6b40c294c06295157","root.record.ItemExhibitList.P5Item.CostElementCategoryList.Logistics.Recurring.CostElementList.CostElement"
"Various","Various","","","","","","","","","","","","2016-BASE_PROCUREMENT-2016-DEFENSE_DTRA-PROCUREMENT_JustificationBook_Defense_Threat_Reduction_Agency_PB_2016.zzz_unzipped-PROCUREMENT_JustificationBook_Defense_Threat_Reduction_Agency_PB_2016.xml","e9921f0d9b8db3d3cc22fa80c080135237742b6604602278f57a73866900b288","0-346b8fcd3436c65bbf40d778ed040f7b0d30d5589347fd3c91fcac43053b2a23","3-9a18a8988d36ca1d5bd7b115cca56c9eadbd59f13d46028fc972dd00cf015089","root.record.ItemExhibitList.P5Item.CostElementCategoryList.Logistics.Recurring.CostElementList.CostElement"
"Various","Various","","","","","","","","","","","","2016-BASE_PROCUREMENT-2016-DEFENSE_DTRA-PROCUREMENT_JustificationBook_Defense_Threat_Reduction_Agency_PB_2016.zzz_unzipped-PROCUREMENT_JustificationBook_Defense_Threat_Reduction_Agency_PB_2016.xml","e9921f0d9b8db3d3cc22fa80c080135237742b6604602278f57a73866900b288","0-feea8229852f9fe720f3c7874d9b20829b0d7b7d946d240c5451cfdae02d26ee","4-3501848e0c4e498f07b59832dfc4bc9c63e4898d2cd8c75dd9cc37c50206c4eb","root.record.ItemExhibitList.P5Item.CostElementCategoryList.Logistics.Recurring.CostElementList.CostElement"
"Various","Various","","","","","","","","","","","","2016-BASE_PROCUREMENT-2016-DEFENSE_DTRA-PROCUREMENT_JustificationBook_Defense_Threat_Reduction_Agency_PB_2016.zzz_unzipped-PROCUREMENT_JustificationBook_Defense_Threat_Reduction_Agency_PB_2016.xml","e9921f0d9b8db3d3cc22fa80c080135237742b6604602278f57a73866900b288","0-d48ccebf7dcec5d49f4873b1f469f8218bec6ecac011574d6ffca92dacfa68ba","5-53341c66b505d11d297ac7e223090d77f2b56645b51ab1b4b0d642049d2dc789","root.record.ItemExhibitList.P5Item.CostElementCategoryList.Logistics.Recurring.CostElementList.CostElement"
"Various","Various","","","","","","","","","","","","2016-BASE_PROCUREMENT-2016-DEFENSE_DTRA-PROCUREMENT_JustificationBook_Defense_Threat_Reduction_Agency_PB_2016.zzz_unzipped-PROCUREMENT_JustificationBook_Defense_Threat_Reduction_Agency_PB_2016.xml","e9921f0d9b8db3d3cc22fa80c080135237742b6604602278f57a73866900b288","0-5894b79fe68ecc08d2f64cd303c4cfe142cd7824aa0e98c7a63fd81caa6509ec","6-15c04ec4ecc3cddbdd077a27f1a7ee0472f4b5a941e532360debc1267b3a658c","root.record.ItemExhibitList.P5Item.CostElementCategoryList.Logistics.Recurring.CostElementList.CostElement"
"Various","Various","","","","","","","","","","","","2016-BASE_PROCUREMENT-2016-DEFENSE_DTRA-PROCUREMENT_JustificationBook_Defense_Threat_Reduction_Agency_PB_2016.zzz_unzipped-PROCUREMENT_JustificationBook_Defense_Threat_Reduction_Agency_PB_2016.xml","e9921f0d9b8db3d3cc22fa80c080135237742b6604602278f57a73866900b288","0-970744f4a8ab4d53637e9bd4a276b53184b7b07c5c79353f0ce8a51381aac680","7-aee86e84777edda09645399185a2ab8c711ca9a65e3fdbd234f2d4ee100fefb5","root.record.ItemExhibitList.P5Item.CostElementCategoryList.Logistics.Recurring.CostElementList.CostElement"
"Various","Various","","","","","","","","","","","","2016-BASE_PROCUREMENT-2016-DEFENSE_DTRA-PROCUREMENT_JustificationBook_Defense_Threat_Reduction_Agency_PB_2016.zzz_unzipped-PROCUREMENT_JustificationBook_Defense_Threat_Reduction_Agency_PB_2016.xml","e9921f0d9b8db3d3cc22fa80c080135237742b6604602278f57a73866900b288","0-d64450a56cc0be0192ac8f1ad8cb14120b7699ef46b48d47fd213d3f9d3bb237","9-8c2f59041c80ac6d6495e405bca5db04937310c19f2fb8d1d37ded71735c8842","root.record.ItemExhibitList.P5Item.CostElementCategoryList.Logistics.Recurring.CostElementList.CostElement"
"Various","Various","","","","","","","","","","","","2016-BASE_PROCUREMENT-2016-DEFENSE_DTRA-PROCUREMENT_JustificationBook_Defense_Threat_Reduction_Agency_PB_2016.zzz_unzipped-PROCUREMENT_JustificationBook_Defense_Threat_Reduction_Agency_PB_2016.xml","e9921f0d9b8db3d3cc22fa80c080135237742b6604602278f57a73866900b288","0-f01347a72337dd9caa3de30b38ec30c55a6a5f5b7f0d23d529e82b0585df8e97","16-b7d6e727e2f69533bc401534e0e3b48e82bf7a64c11b7c21841d431861639114","root.record.ItemExhibitList.P5Item.CostElementCategoryList.Logistics.Recurring.CostElementList.CostElement"
"MicroServices Corporation","Vienna, VA","","","","","","","","","","","","2016-BASE_PROCUREMENT-2016-DEFENSE_DTRA-PROCUREMENT_JustificationBook_Defense_Threat_Reduction_Agency_PB_2016.zzz_unzipped-PROCUREMENT_JustificationBook_Defense_Threat_Reduction_Agency_PB_2016.xml","e9921f0d9b8db3d3cc22fa80c080135237742b6604602278f57a73866900b288","0-755cb64f19342d6e4e992f82d05aec118c5c7c1725202bb83bdf0c0058f03f97","18-9c5ffae345158584e919f6cfecd3b88ec98001bd9df98ed245d03fff269e2550","root.record.ItemExhibitList.P5Item.CostElementCategoryList.Logistics.Recurring.CostElementList.CostElement"
"Various","Various","","","","","","","","","","","","2016-BASE_PROCUREMENT-2016-DEFENSE_DTRA-PROCUREMENT_MasterJustificationBook_Defense_Threat_Reduction_Agency_PB_2016.zzz_unzipped-PROCUREMENT_MasterJustificationBook_Defense_Threat_Reduction_Agency_PB_2016.xml","0db132a63da27fe0eb85ce19f7ed4c45a5acd1afebe79590ec994eda8356bc94","0-da8eb5bc0adbafe00d3ed35c22f09531c821e3f3704274d5645204361e0d2585","0-07f435cfb190c1771a84922121f30d89f31e3ff724df6de72dc5a657d5e7e76f","root.record.ItemExhibitList.P5Item.CostElementCategoryList.Logistics.Recurring.CostElementList.CostElement"
"Various","Various","","","","","","","","","","","","2016-BASE_PROCUREMENT-2016-DEFENSE_DTRA-PROCUREMENT_MasterJustificationBook_Defense_Threat_Reduction_Agency_PB_2016.zzz_unzipped-PROCUREMENT_MasterJustificationBook_Defense_Threat_Reduction_Agency_PB_2016.xml","0db132a63da27fe0eb85ce19f7ed4c45a5acd1afebe79590ec994eda8356bc94","0-973dd6eb0f6f6e6e592b40cd895c364c37b74f6fecbd8c31195f032efaf7b652","2-b48685f31e550cc42fc8af6bb11fa9795d4759c62abccbe75723b9a1930669c9","root.record.ItemExhibitList.P5Item.CostElementCategoryList.Logistics.Recurring.CostElementList.CostElement"
"Various","Various","","","","","","","","","","","","2016-BASE_PROCUREMENT-2016-DEFENSE_DTRA-PROCUREMENT_MasterJustificationBook_Defense_Threat_Reduction_Agency_PB_2016.zzz_unzipped-PROCUREMENT_MasterJustificationBook_Defense_Threat_Reduction_Agency_PB_2016.xml","0db132a63da27fe0eb85ce19f7ed4c45a5acd1afebe79590ec994eda8356bc94","0-49231f2b58c4f5134a52503255051b7b5b85c02da974b1004e754646481f70db","0-670a46e60c4eaec96bf262a5ead195fafd439962425537cc6e6c60ada75a5e1a","root.record.ItemExhibitList.P5Item.CostElementCategoryList.Logistics.Recurring.CostElementList.CostElement"
"Various","Various","","","","","","","","","","","","2016-BASE_PROCUREMENT-2016-DEFENSE_DTRA-PROCUREMENT_MasterJustificationBook_Defense_Threat_Reduction_Agency_PB_2016.zzz_unzipped-PROCUREMENT_MasterJustificationBook_Defense_Threat_Reduction_Agency_PB_2016.xml","0db132a63da27fe0eb85ce19f7ed4c45a5acd1afebe79590ec994eda8356bc94","0-56b1b28ba2ef7d4d81b1d7fbf115800dc8d20cd99b6bfdd95d37ca579fa5bd1a","0-e862af55dd22ae3e65ecacfaa7811b95e7b1f301cba25a562d684ae5d9a7c0a1","root.record.ItemExhibitList.P5Item.CostElementCategoryList.Logistics.Recurring.CostElementList.CostElement"
"Various","Various","","","","","","","","","","","","2016-BASE_PROCUREMENT-2016-DEFENSE_DTRA-PROCUREMENT_MasterJustificationBook_Defense_Threat_Reduction_Agency_PB_2016.zzz_unzipped-PROCUREMENT_MasterJustificationBook_Defense_Threat_Reduction_Agency_PB_2016.xml","0db132a63da27fe0eb85ce19f7ed4c45a5acd1afebe79590ec994eda8356bc94","0-e55fd17c022627f9465b1caaf5e7d5dd045099f87ace014d74c2ca4c164fec0f","3-75bd7803e70b2ce590551598f85c2a05f535b10db8bb7179d6bae49da055050c","root.record.ItemExhibitList.P5Item.CostElementCategoryList.Logistics.Recurring.CostElementList.CostElement"
"Various","Various","","","","","","","","","","","","2016-BASE_PROCUREMENT-2016-DEFENSE_DTRA-PROCUREMENT_MasterJustificationBook_Defense_Threat_Reduction_Agency_PB_2016.zzz_unzipped-PROCUREMENT_MasterJustificationBook_Defense_Threat_Reduction_Agency_PB_2016.xml","0db132a63da27fe0eb85ce19f7ed4c45a5acd1afebe79590ec994eda8356bc94","0-d01b217ab1ec20c9b1aa19624df0cf46383616820d6f8f80372f70fd76f8e1bb","4-d468f4bafa3305642f026d2410379c15f9746430bcf785dd543c0e6d0c31d515","root.record.ItemExhibitList.P5Item.CostElementCategoryList.Logistics.Recurring.CostElementList.CostElement"
"Various","Various","","","","","","","","","","","","2016-BASE_PROCUREMENT-2016-DEFENSE_DTRA-PROCUREMENT_MasterJustificationBook_Defense_Threat_Reduction_Agency_PB_2016.zzz_unzipped-PROCUREMENT_MasterJustificationBook_Defense_Threat_Reduction_Agency_PB_2016.xml","0db132a63da27fe0eb85ce19f7ed4c45a5acd1afebe79590ec994eda8356bc94","0-bf14c7ad97a0a5f127fad27a3909e4c6be6e2eec002936ba2f1f1025ad9db00e","5-647da98d8e2615e94d074cc3e206080a3f42612d462f3e225b23c742074bf9e0","root.record.ItemExhibitList.P5Item.CostElementCategoryList.Logistics.Recurring.CostElementList.CostElement"
"Various","Various","","","","","","","","","","","","2016-BASE_PROCUREMENT-2016-DEFENSE_DTRA-PROCUREMENT_MasterJustificationBook_Defense_Threat_Reduction_Agency_PB_2016.zzz_unzipped-PROCUREMENT_MasterJustificationBook_Defense_Threat_Reduction_Agency_PB_2016.xml","0db132a63da27fe0eb85ce19f7ed4c45a5acd1afebe79590ec994eda8356bc94","0-ce11d15b7b642954ce39a5714dc4dfb69710d4971726d2c25251949cf11e8f46","6-899df8d83b60f95136a18c08ea4897c6b081a1668e06471c31450a0c808c814e","root.record.ItemExhibitList.P5Item.CostElementCategoryList.Logistics.Recurring.CostElementList.CostElement"
"Various","Various","","","","","","","","","","","","2016-BASE_PROCUREMENT-2016-DEFENSE_DTRA-PROCUREMENT_MasterJustificationBook_Defense_Threat_Reduction_Agency_PB_2016.zzz_unzipped-PROCUREMENT_MasterJustificationBook_Defense_Threat_Reduction_Agency_PB_2016.xml","0db132a63da27fe0eb85ce19f7ed4c45a5acd1afebe79590ec994eda8356bc94","0-881cb0dc19848b5c7acda92d5d52849c82ff65025285ff04b21fd3ee24bf8f77","7-c8ba79695fc2857bf7a062cc588d299b2438c48b11f8a28fd5ded49a6095d21a","root.record.ItemExhibitList.P5Item.CostElementCategoryList.Logistics.Recurring.CostElementList.CostElement"
"Various","Various","","","","","","","","","","","","2016-BASE_PROCUREMENT-2016-DEFENSE_DTRA-PROCUREMENT_MasterJustificationBook_Defense_Threat_Reduction_Agency_PB_2016.zzz_unzipped-PROCUREMENT_MasterJustificationBook_Defense_Threat_Reduction_Agency_PB_2016.xml","0db132a63da27fe0eb85ce19f7ed4c45a5acd1afebe79590ec994eda8356bc94","0-747d94bc79a9523f258ca3978ef0ad221b7b6fa32f508e16c5432302321f52ee","9-ee0e2685c0de7faaf13f91e733a2d058d7f005a53a843260e484b95398c544b4","root.record.ItemExhibitList.P5Item.CostElementCategoryList.Logistics.Recurring.CostElementList.CostElement"
"Various","Various","","","","","","","","","","","","2016-BASE_PROCUREMENT-2016-DEFENSE_DTRA-PROCUREMENT_MasterJustificationBook_Defense_Threat_Reduction_Agency_PB_2016.zzz_unzipped-PROCUREMENT_MasterJustificationBook_Defense_Threat_Reduction_Agency_PB_2016.xml","0db132a63da27fe0eb85ce19f7ed4c45a5acd1afebe79590ec994eda8356bc94","0-b4453da3c886be2934423b745b692b3ac611d51d05de8ffefeb1e56fe6ad0102","16-22176026df20002cf92b953586d92de6303088f7f5195727a1f87e3aed7fd308","root.record.ItemExhibitList.P5Item.CostElementCategoryList.Logistics.Recurring.CostElementList.CostElement"
"MicroServices Corporation","Vienna, VA","","","","","","","","","","","","2016-BASE_PROCUREMENT-2016-DEFENSE_DTRA-PROCUREMENT_MasterJustificationBook_Defense_Threat_Reduction_Agency_PB_2016.zzz_unzipped-PROCUREMENT_MasterJustificationBook_Defense_Threat_Reduction_Agency_PB_2016.xml","0db132a63da27fe0eb85ce19f7ed4c45a5acd1afebe79590ec994eda8356bc94","0-a3d24967ef8ab78a2f1cbdce191e119a67efe7fb23f49f3246830f15c9e16ca4","18-e4edcd6bc80909936439de628b9e4b40f587a705e85701af3320bb4eef14c6de","root.record.ItemExhibitList.P5Item.CostElementCategoryList.Logistics.Recurring.CostElementList.CostElement"
"Various","Various","","","","","","","","","","","","2016-BASE_PROCUREMENT-2016-DEFENSE_VOL1_ALL-PROCUREMENT_MasterJustificationBook_Defense-Wide_PB_2016.zzz_unzipped-PROCUREMENT_MasterJustificationBook_Defense-Wide_PB_2016.xml","a2b09356a1a45aa151afab2aa4be74d3300c176d38c4b100079dfc13c6f8bd75","0-993ecab005915dfe1f9c277176dcf7dad5c2b9745d8ab38539186f2aaf3972ec","0-13c97e8eb5e6edc9bceefb7628b20e1a92a9195a48b19546753ddc07d3340001","root.record.ItemExhibitList.P5Item.CostElementCategoryList.Logistics.Recurring.CostElementList.CostElement"
"Various","Various","","","","","","","","","","","","2016-BASE_PROCUREMENT-2016-DEFENSE_VOL1_ALL-PROCUREMENT_MasterJustificationBook_Defense-Wide_PB_2016.zzz_unzipped-PROCUREMENT_MasterJustificationBook_Defense-Wide_PB_2016.xml","a2b09356a1a45aa151afab2aa4be74d3300c176d38c4b100079dfc13c6f8bd75","0-1394a2dd8e729845ab69f637cd3a1e43293241ce3537e04c5e3a18e258ed7e85","2-51508aa8768c51cb3e0029a4f3205702d510488c99968ec0c767b201fc571221","root.record.ItemExhibitList.P5Item.CostElementCategoryList.Logistics.Recurring.CostElementList.CostElement"
"Various","Various","","","","","","","","","","","","2016-BASE_PROCUREMENT-2016-DEFENSE_VOL1_ALL-PROCUREMENT_MasterJustificationBook_Defense-Wide_PB_2016.zzz_unzipped-PROCUREMENT_MasterJustificationBook_Defense-Wide_PB_2016.xml","a2b09356a1a45aa151afab2aa4be74d3300c176d38c4b100079dfc13c6f8bd75","0-4d5cbad2485b6a0cac379fc5bdfa3de2199de7b21c134133472bf0a515bff721","0-c5a75405ccb86ad2f8555f18c33918ede22eb2d59b9f7de5a912a7ce7547aa5c","root.record.ItemExhibitList.P5Item.CostElementCategoryList.Logistics.Recurring.CostElementList.CostElement"
"Various","Various","","","","","","","","","","","","2016-BASE_PROCUREMENT-2016-DEFENSE_VOL1_ALL-PROCUREMENT_MasterJustificationBook_Defense-Wide_PB_2016.zzz_unzipped-PROCUREMENT_MasterJustificationBook_Defense-Wide_PB_2016.xml","a2b09356a1a45aa151afab2aa4be74d3300c176d38c4b100079dfc13c6f8bd75","0-48bc2007a246ebc64a5fad19da07689298ee07e36ff273e76c4d81a98122254b","0-cd2f1b054ce35e4b1efc134fb4923052ed3f6845080b3d1a088226d4c79661be","root.record.ItemExhibitList.P5Item.CostElementCategoryList.Logistics.Recurring.CostElementList.CostElement"
"Various","Various","","","","","","","","","","","","2016-BASE_PROCUREMENT-2016-DEFENSE_VOL1_ALL-PROCUREMENT_MasterJustificationBook_Defense-Wide_PB_2016.zzz_unzipped-PROCUREMENT_MasterJustificationBook_Defense-Wide_PB_2016.xml","a2b09356a1a45aa151afab2aa4be74d3300c176d38c4b100079dfc13c6f8bd75","0-08f7254fdb7873908fc1ac2deb1a8a0a9b592ada820618b14cef0c2ab335123f","3-f4ca8485766d9a03e35eff694fbfcf4e0ec92d77053b240ca22d1669e3c9ca4c","root.record.ItemExhibitList.P5Item.CostElementCategoryList.Logistics.Recurring.CostElementList.CostElement"
"Various","Various","","","","","","","","","","","","2016-BASE_PROCUREMENT-2016-DEFENSE_VOL1_ALL-PROCUREMENT_MasterJustificationBook_Defense-Wide_PB_2016.zzz_unzipped-PROCUREMENT_MasterJustificationBook_Defense-Wide_PB_2016.xml","a2b09356a1a45aa151afab2aa4be74d3300c176d38c4b100079dfc13c6f8bd75","0-41aa008160dfe6880304bcd64c95f1cb0951041f29e719df7b1778eb15d295ff","4-cdfb6f1322b01f8840a1fe82a8d1c77aec0bbd386e86b8545d97784fff2d79c1","root.record.ItemExhibitList.P5Item.CostElementCategoryList.Logistics.Recurring.CostElementList.CostElement"
"Various","Various","","","","","","","","","","","","2016-BASE_PROCUREMENT-2016-DEFENSE_VOL1_ALL-PROCUREMENT_MasterJustificationBook_Defense-Wide_PB_2016.zzz_unzipped-PROCUREMENT_MasterJustificationBook_Defense-Wide_PB_2016.xml","a2b09356a1a45aa151afab2aa4be74d3300c176d38c4b100079dfc13c6f8bd75","0-c5c1569726c5a6e5e31314bb4f3a38ce5af2b6be076089629dd64c45c38e8a61","5-389f14e055624ec6f5e5a8edc1ed4d1966a2699890ecfdb99be7f42d86e541d3","root.record.ItemExhibitList.P5Item.CostElementCategoryList.Logistics.Recurring.CostElementList.CostElement"
"Various","Various","","","","","","","","","","","","2016-BASE_PROCUREMENT-2016-DEFENSE_VOL1_ALL-PROCUREMENT_MasterJustificationBook_Defense-Wide_PB_2016.zzz_unzipped-PROCUREMENT_MasterJustificationBook_Defense-Wide_PB_2016.xml","a2b09356a1a45aa151afab2aa4be74d3300c176d38c4b100079dfc13c6f8bd75","0-6acdf4df61914affea0505b44972667ef01319210c58796cd13aa7d19afe4d0a","6-d5d64694f68be805ffa95f9cd4fbb7141e694b2ffb6eb0f1b78b51d95d5b9a57","root.record.ItemExhibitList.P5Item.CostElementCategoryList.Logistics.Recurring.CostElementList.CostElement"
"Various","Various","","","","","","","","","","","","2016-BASE_PROCUREMENT-2016-DEFENSE_VOL1_ALL-PROCUREMENT_MasterJustificationBook_Defense-Wide_PB_2016.zzz_unzipped-PROCUREMENT_MasterJustificationBook_Defense-Wide_PB_2016.xml","a2b09356a1a45aa151afab2aa4be74d3300c176d38c4b100079dfc13c6f8bd75","0-01ccbffc3668a7ffd6871e9c74af19f9675d171a41902443c6d85f0f780b4fea","7-11937a06d8b60d68404c1c5e5c2b9b4297196ba44c569371a13769a1d449f866","root.record.ItemExhibitList.P5Item.CostElementCategoryList.Logistics.Recurring.CostElementList.CostElement"
"Various","Various","","","","","","","","","","","","2016-BASE_PROCUREMENT-2016-DEFENSE_VOL1_ALL-PROCUREMENT_MasterJustificationBook_Defense-Wide_PB_2016.zzz_unzipped-PROCUREMENT_MasterJustificationBook_Defense-Wide_PB_2016.xml","a2b09356a1a45aa151afab2aa4be74d3300c176d38c4b100079dfc13c6f8bd75","0-0f388f917f986a3cd6219443cd859d7fc2f1da8baeab7d2ca007286825181bf4","9-513bd46e47f3d7a6790525528c5fb8ad2293746ec7dbbd75b94130be2d5dd422","root.record.ItemExhibitList.P5Item.CostElementCategoryList.Logistics.Recurring.CostElementList.CostElement"
"Various","Various","","","","","","","","","","","","2016-BASE_PROCUREMENT-2016-DEFENSE_VOL1_ALL-PROCUREMENT_MasterJustificationBook_Defense-Wide_PB_2016.zzz_unzipped-PROCUREMENT_MasterJustificationBook_Defense-Wide_PB_2016.xml","a2b09356a1a45aa151afab2aa4be74d3300c176d38c4b100079dfc13c6f8bd75","0-57eb806ff5f324a6ce10d831f2e7a981efa4b7fb0748602cfb07a4a0a888bac3","16-f830d91333bc8a181cc2985753c3b685d2019782e1d59e0c1798d1fb311c87d5","root.record.ItemExhibitList.P5Item.CostElementCategoryList.Logistics.Recurring.CostElementList.CostElement"
"MicroServices Corporation","Vienna, VA","","","","","","","","","","","","2016-BASE_PROCUREMENT-2016-DEFENSE_VOL1_ALL-PROCUREMENT_MasterJustificationBook_Defense-Wide_PB_2016.zzz_unzipped-PROCUREMENT_MasterJustificationBook_Defense-Wide_PB_2016.xml","a2b09356a1a45aa151afab2aa4be74d3300c176d38c4b100079dfc13c6f8bd75","0-c594a3d1ca73ea45b266d6b845aff2ae70cfc1e8a8ca07d92a0a7ef246916c35","18-b96685acf3e996701d8530717341cc8f98cddaacfd61446082a02d119f0e1e32","root.record.ItemExhibitList.P5Item.CostElementCategoryList.Logistics.Recurring.CostElementList.CostElement"
"Various","Various","","","","","","","","","","","","2017-BASE_PROCUREMENT-2017-DEFENSE_DTRA-U_PROCUREMENT_JustificationBook_Defense_Threat_Reduction_Agency_PB_2017.zzz_unzipped-U_PROCUREMENT_JustificationBook_Defense_Threat_Reduction_Agency_PB_2017.xml","3ddef5efcf2bd63258d27607a80262efa07878bcab1567f3a5f43b6da4388e44","0-f8b4ac0ee51167e73bc58f3624c6e2f17dbb97c2566a03e607b764fe3327d43d","0-b8f4b490ca0ebcd5a55fb9be2036bc84e98992b546be5f7890b56ab7660c9b75","root.record.ItemExhibitList.P5Item.CostElementCategoryList.Logistics.Recurring.CostElementList.CostElement"
"Various","Various","","","","","","","","","","","","2017-BASE_PROCUREMENT-2017-DEFENSE_DTRA-U_PROCUREMENT_JustificationBook_Defense_Threat_Reduction_Agency_PB_2017.zzz_unzipped-U_PROCUREMENT_JustificationBook_Defense_Threat_Reduction_Agency_PB_2017.xml","3ddef5efcf2bd63258d27607a80262efa07878bcab1567f3a5f43b6da4388e44","0-de9fcf6fb39e976b95df95ed385d3fa03a68c7559926e5611d7bf3cb1dca4f25","1-8a0b353349864089c449317608880683637456ccaa9ecb0ab59df4548b74f17c","root.record.ItemExhibitList.P5Item.CostElementCategoryList.Logistics.Recurring.CostElementList.CostElement"
"Various","Various","","","","","","","","","","","","2017-BASE_PROCUREMENT-2017-DEFENSE_DTRA-U_PROCUREMENT_JustificationBook_Defense_Threat_Reduction_Agency_PB_2017.zzz_unzipped-U_PROCUREMENT_JustificationBook_Defense_Threat_Reduction_Agency_PB_2017.xml","3ddef5efcf2bd63258d27607a80262efa07878bcab1567f3a5f43b6da4388e44","0-a0aa4b106e5d52f77ebfd09ed2c0ea968e3278a2120344fe326f3d180a8d4c3d","2-224b87c562a91eda3af0cfa4f9382184e07f4f302c615b5ee858712249157c4d","root.record.ItemExhibitList.P5Item.CostElementCategoryList.Logistics.Recurring.CostElementList.CostElement"
"Various","Various","","","","","","","","","","","","2017-BASE_PROCUREMENT-2017-DEFENSE_DTRA-U_PROCUREMENT_JustificationBook_Defense_Threat_Reduction_Agency_PB_2017.zzz_unzipped-U_PROCUREMENT_JustificationBook_Defense_Threat_Reduction_Agency_PB_2017.xml","3ddef5efcf2bd63258d27607a80262efa07878bcab1567f3a5f43b6da4388e44","0-6461005c021cfc43c8efe308792125f36a503d65fd4652e11d36da1b816dd749","0-7a2bc2c79d5832c04cc432cac920d440f992316ce77fdbc9e9f2889880e96762","root.record.ItemExhibitList.P5Item.CostElementCategoryList.Logistics.Recurring.CostElementList.CostElement"
"Various","Various","","","","","","","","","","","","2017-BASE_PROCUREMENT-2017-DEFENSE_DTRA-U_PROCUREMENT_JustificationBook_Defense_Threat_Reduction_Agency_PB_2017.zzz_unzipped-U_PROCUREMENT_JustificationBook_Defense_Threat_Reduction_Agency_PB_2017.xml","3ddef5efcf2bd63258d27607a80262efa07878bcab1567f3a5f43b6da4388e44","0-aeac2f08cf38c02cdd2b3a904dd142ae2f3e82b6f5fa91fde3a9ad2c987e469d","0-c479be17db7d40c8cbafc719d2f606a7e71490e6730c1019eccbad626842be68","root.record.ItemExhibitList.P5Item.CostElementCategoryList.Logistics.Recurring.CostElementList.CostElement"
"Various","Various","","","","","","","","","","","","2017-BASE_PROCUREMENT-2017-DEFENSE_DTRA-U_PROCUREMENT_JustificationBook_Defense_Threat_Reduction_Agency_PB_2017.zzz_unzipped-U_PROCUREMENT_JustificationBook_Defense_Threat_Reduction_Agency_PB_2017.xml","3ddef5efcf2bd63258d27607a80262efa07878bcab1567f3a5f43b6da4388e44","0-22f95b0c81c6fe8f7cd479770a7801ab6985b4be9295956b73a5e9f81289277d","19-344a819da22981856bc6b773950bafe9eee1c0f992b7e08bf911fcddf0eed11b","root.record.ItemExhibitList.P5Item.CostElementCategoryList.Logistics.Recurring.CostElementList.CostElement"
"Sterling Computers","Dakota Dunes, SD","","","","","","","","","","","","2017-BASE_PROCUREMENT-2017-DEFENSE_DTRA-U_PROCUREMENT_JustificationBook_Defense_Threat_Reduction_Agency_PB_2017.zzz_unzipped-U_PROCUREMENT_JustificationBook_Defense_Threat_Reduction_Agency_PB_2017.xml","3ddef5efcf2bd63258d27607a80262efa07878bcab1567f3a5f43b6da4388e44","0-05fd36225700dd36da91afc6b79db62a1b41d080f39546b4c0255bddbc56426d","20-3044131213a1af7772af1b271695ab9c749ed47f080c6c8ae81b3711b868dab4","root.record.ItemExhibitList.P5Item.CostElementCategoryList.Logistics.Recurring.CostElementList.CostElement"
"Lockheed Martin","Bethesda, MD","","","","","","","","","","","","2017-BASE_PROCUREMENT-2017-DEFENSE_DTRA-U_PROCUREMENT_JustificationBook_Defense_Threat_Reduction_Agency_PB_2017.zzz_unzipped-U_PROCUREMENT_JustificationBook_Defense_Threat_Reduction_Agency_PB_2017.xml","3ddef5efcf2bd63258d27607a80262efa07878bcab1567f3a5f43b6da4388e44","0-30124c45542160f9ad8e274b1688020614ffbb0957e782e059f6ad363695bd82","21-04d1fc3a4216a74a78fbcfc472d9a8e8ceb27f6c66de0c9aa8a0ed297597d423","root.record.ItemExhibitList.P5Item.CostElementCategoryList.Logistics.Recurring.CostElementList.CostElement"
"SMS Data Product Group, INC.","McLean, VA","","","","","","","","","","","","2017-BASE_PROCUREMENT-2017-DEFENSE_DTRA-U_PROCUREMENT_JustificationBook_Defense_Threat_Reduction_Agency_PB_2017.zzz_unzipped-U_PROCUREMENT_JustificationBook_Defense_Threat_Reduction_Agency_PB_2017.xml","3ddef5efcf2bd63258d27607a80262efa07878bcab1567f3a5f43b6da4388e44","0-cf0d4442baa5a4f6e9dba2dccc38a7c69f583224ef73c99f9a7651d224056500","22-696472db755292f9a7c906cc20b261cae6aff42a161b8bf744e9e20dadaf4c12","root.record.ItemExhibitList.P5Item.CostElementCategoryList.Logistics.Recurring.CostElementList.CostElement"
"Thermopylae Sciences & Technology, LLC","Arlington, VA","","","","","","","","","","","","2017-BASE_PROCUREMENT-2017-DEFENSE_DTRA-U_PROCUREMENT_JustificationBook_Defense_Threat_Reduction_Agency_PB_2017.zzz_unzipped-U_PROCUREMENT_JustificationBook_Defense_Threat_Reduction_Agency_PB_2017.xml","3ddef5efcf2bd63258d27607a80262efa07878bcab1567f3a5f43b6da4388e44","0-837a7d9867d3ca0981408e7021d55a5207baef4846c1a67f6c4411cfc86a1c76","23-b3f18f831a44cce1c51f15f6ea1cd49c39061de93814dcce6fbc8182b4bc969b","root.record.ItemExhibitList.P5Item.CostElementCategoryList.Logistics.Recurring.CostElementList.CostElement"
"Various","Various","","","","","","","","","","","","2017-BASE_PROCUREMENT-2017-DEFENSE_DTRA-U_PROCUREMENT_JustificationBook_Defense_Threat_Reduction_Agency_PB_2017.zzz_unzipped-U_PROCUREMENT_JustificationBook_Defense_Threat_Reduction_Agency_PB_2017.xml","3ddef5efcf2bd63258d27607a80262efa07878bcab1567f3a5f43b6da4388e44","0-0d8bb82b8edf85ba7411d934ee97e31af31f7b98490a0076603f61d9d2da5d1b","24-e975caa63cb23703b2a00581c15333a8f073dcf83dcfabe8368358bbc5f852c3","root.record.ItemExhibitList.P5Item.CostElementCategoryList.Logistics.Recurring.CostElementList.CostElement"
"Various","Various","","","","","","","","","","","","2017-BASE_PROCUREMENT-2017-DEFENSE_DTRA-U_PROCUREMENT_JustificationBook_Defense_Threat_Reduction_Agency_PB_2017.zzz_unzipped-U_PROCUREMENT_JustificationBook_Defense_Threat_Reduction_Agency_PB_2017.xml","3ddef5efcf2bd63258d27607a80262efa07878bcab1567f3a5f43b6da4388e44","0-855c9f85316a87464977c2a01d364c55953ccc8bc8b35a0a7c805eded359676b","25-c267007ef17200046bd228773ef582f25eca91a1cfb0b895f4e736d356dd2768","root.record.ItemExhibitList.P5Item.CostElementCategoryList.Logistics.Recurring.CostElementList.CostElement"
"Various","Various","","","","","","","","","","","","2017-BASE_PROCUREMENT-2017-DEFENSE_DTRA-U_PROCUREMENT_JustificationBook_Defense_Threat_Reduction_Agency_PB_2017.zzz_unzipped-U_PROCUREMENT_JustificationBook_Defense_Threat_Reduction_Agency_PB_2017.xml","3ddef5efcf2bd63258d27607a80262efa07878bcab1567f3a5f43b6da4388e44","0-7c221b72fc86ecaa7b75a69d617f76c635ab11914389e4f2e3d4b0f8a557a00b","26-58d26e9f7ef46320378dd9359dea0cf515a83fa9e4385de8535de8e98e7fe8a0","root.record.ItemExhibitList.P5Item.CostElementCategoryList.Logistics.Recurring.CostElementList.CostElement"
"Various","Various","","","","","","","","","","","","2017-BASE_PROCUREMENT-2017-DEFENSE_DTRA-U_PROCUREMENT_MasterJustificationBook_Defense_Threat_Reduction_Agency_PB_2017.zzz_unzipped-U_PROCUREMENT_MasterJustificationBook_Defense_Threat_Reduction_Agency_PB_2017.xml","9044500a55e960371d53601ddfcdfca183265a453df2fd04fe29b8b19e4b9cd4","0-c3bbb59ba55b3a2e15822e86ac877f8cf496a3c2c804703f9ae8186086919cfa","0-754abb4b9e4a6d9d78736e4eb79fff7f3b1eeafe17d01d0f4bfe611a6a962374","root.record.ItemExhibitList.P5Item.CostElementCategoryList.Logistics.Recurring.CostElementList.CostElement"
"Various","Various","","","","","","","","","","","","2017-BASE_PROCUREMENT-2017-DEFENSE_DTRA-U_PROCUREMENT_MasterJustificationBook_Defense_Threat_Reduction_Agency_PB_2017.zzz_unzipped-U_PROCUREMENT_MasterJustificationBook_Defense_Threat_Reduction_Agency_PB_2017.xml","9044500a55e960371d53601ddfcdfca183265a453df2fd04fe29b8b19e4b9cd4","0-f173b6efcb60aa018f5e0d8860b06840e1be52b2a2d1ea051b7370fad01d6fd1","1-4f9e3af9f1379d234d56f417e79992403c4678f52b6534ff92caf1876ea506fc","root.record.ItemExhibitList.P5Item.CostElementCategoryList.Logistics.Recurring.CostElementList.CostElement"
"Various","Various","","","","","","","","","","","","2017-BASE_PROCUREMENT-2017-DEFENSE_DTRA-U_PROCUREMENT_MasterJustificationBook_Defense_Threat_Reduction_Agency_PB_2017.zzz_unzipped-U_PROCUREMENT_MasterJustificationBook_Defense_Threat_Reduction_Agency_PB_2017.xml","9044500a55e960371d53601ddfcdfca183265a453df2fd04fe29b8b19e4b9cd4","0-d6c8afca53e33a1fab82aba6fbf2b050395e2df3d93daef52eed25ed77baee7b","2-1b299b5848f4ddc796364b52ca4c0f4201cd5471ad94d6dc4356802a63bafa99","root.record.ItemExhibitList.P5Item.CostElementCategoryList.Logistics.Recurring.CostElementList.CostElement"
"Various","Various","","","","","","","","","","","","2017-BASE_PROCUREMENT-2017-DEFENSE_DTRA-U_PROCUREMENT_MasterJustificationBook_Defense_Threat_Reduction_Agency_PB_2017.zzz_unzipped-U_PROCUREMENT_MasterJustificationBook_Defense_Threat_Reduction_Agency_PB_2017.xml","9044500a55e960371d53601ddfcdfca183265a453df2fd04fe29b8b19e4b9cd4","0-7a9c3bd038c1d77e8131df28a796d8feb4cb4958bb8628fff8c2316147e6deef","0-bfb43167dad5118685c62038cfc2b1d686380902c2550a8508487b9673b80251","root.record.ItemExhibitList.P5Item.CostElementCategoryList.Logistics.Recurring.CostElementList.CostElement"
"Various","Various","","","","","","","","","","","","2017-BASE_PROCUREMENT-2017-DEFENSE_DTRA-U_PROCUREMENT_MasterJustificationBook_Defense_Threat_Reduction_Agency_PB_2017.zzz_unzipped-U_PROCUREMENT_MasterJustificationBook_Defense_Threat_Reduction_Agency_PB_2017.xml","9044500a55e960371d53601ddfcdfca183265a453df2fd04fe29b8b19e4b9cd4","0-65ceaaf0bcf59d69f1148ab3ac965f40a3a534f434c1ca0bd5c9fed573e7f1da","0-17a1696f86eb3f5349b8b4e50b424a43f090f521492fa17f418a44badb8eed18","root.record.ItemExhibitList.P5Item.CostElementCategoryList.Logistics.Recurring.CostElementList.CostElement"
"Various","Various","","","","","","","","","","","","2017-BASE_PROCUREMENT-2017-DEFENSE_DTRA-U_PROCUREMENT_MasterJustificationBook_Defense_Threat_Reduction_Agency_PB_2017.zzz_unzipped-U_PROCUREMENT_MasterJustificationBook_Defense_Threat_Reduction_Agency_PB_2017.xml","9044500a55e960371d53601ddfcdfca183265a453df2fd04fe29b8b19e4b9cd4","0-03e09eca0aaf801d98e37872f08a17fd95954acd3e137970c97d7efd53bfefa3","19-16e8b400661f35a39d3cfb322e69d1e9609a7acac1f94b3437aad9cfc86a4a40","root.record.ItemExhibitList.P5Item.CostElementCategoryList.Logistics.Recurring.CostElementList.CostElement"
"Sterling Computers","Dakota Dunes, SD","","","","","","","","","","","","2017-BASE_PROCUREMENT-2017-DEFENSE_DTRA-U_PROCUREMENT_MasterJustificationBook_Defense_Threat_Reduction_Agency_PB_2017.zzz_unzipped-U_PROCUREMENT_MasterJustificationBook_Defense_Threat_Reduction_Agency_PB_2017.xml","9044500a55e960371d53601ddfcdfca183265a453df2fd04fe29b8b19e4b9cd4","0-810b58b03ebe55ea0e2f54a3d7e104b479d76a0ff8053480299c83cfc2952e76","20-7fd4b4f30e390b2652e067c853e23a1872a8e8ead6871852e468ffe0b3549673","root.record.ItemExhibitList.P5Item.CostElementCategoryList.Logistics.Recurring.CostElementList.CostElement"
"Lockheed Martin","Bethesda, MD","","","","","","","","","","","","2017-BASE_PROCUREMENT-2017-DEFENSE_DTRA-U_PROCUREMENT_MasterJustificationBook_Defense_Threat_Reduction_Agency_PB_2017.zzz_unzipped-U_PROCUREMENT_MasterJustificationBook_Defense_Threat_Reduction_Agency_PB_2017.xml","9044500a55e960371d53601ddfcdfca183265a453df2fd04fe29b8b19e4b9cd4","0-f1ebf66b25d28e8dc7dbea69ac7bc108309448e7889731a958a685c9d7290ae9","21-1c4c2106a02ff8a43a04a0129514e0a4b65f209618a7a7d32927f39e809db4bd","root.record.ItemExhibitList.P5Item.CostElementCategoryList.Logistics.Recurring.CostElementList.CostElement"
"SMS Data Product Group, INC.","McLean, VA","","","","","","","","","","","","2017-BASE_PROCUREMENT-2017-DEFENSE_DTRA-U_PROCUREMENT_MasterJustificationBook_Defense_Threat_Reduction_Agency_PB_2017.zzz_unzipped-U_PROCUREMENT_MasterJustificationBook_Defense_Threat_Reduction_Agency_PB_2017.xml","9044500a55e960371d53601ddfcdfca183265a453df2fd04fe29b8b19e4b9cd4","0-765881226c72212b81a9bc924479a91aa0321550c30c2c1a2d2546b39f570447","22-fe2842deac126182fb011b91c3a16e511ade2edc9c365a0d569643c8e1a2a020","root.record.ItemExhibitList.P5Item.CostElementCategoryList.Logistics.Recurring.CostElementList.CostElement"
"Thermopylae Sciences & Technology, LLC","Arlington, VA","","","","","","","","","","","","2017-BASE_PROCUREMENT-2017-DEFENSE_DTRA-U_PROCUREMENT_MasterJustificationBook_Defense_Threat_Reduction_Agency_PB_2017.zzz_unzipped-U_PROCUREMENT_MasterJustificationBook_Defense_Threat_Reduction_Agency_PB_2017.xml","9044500a55e960371d53601ddfcdfca183265a453df2fd04fe29b8b19e4b9cd4","0-c40f84d50643017d112f4c0d98a0fe5e322250973b96092221e8705258db533f","23-a0955fe052261286b594571c43b282cc36b03af228be0b17abac6eca81a29b84","root.record.ItemExhibitList.P5Item.CostElementCategoryList.Logistics.Recurring.CostElementList.CostElement"
"Various","Various","","","","","","","","","","","","2017-BASE_PROCUREMENT-2017-DEFENSE_DTRA-U_PROCUREMENT_MasterJustificationBook_Defense_Threat_Reduction_Agency_PB_2017.zzz_unzipped-U_PROCUREMENT_MasterJustificationBook_Defense_Threat_Reduction_Agency_PB_2017.xml","9044500a55e960371d53601ddfcdfca183265a453df2fd04fe29b8b19e4b9cd4","0-4ec948ad3cf19ddcf794fd83d1fb2fe55e49f040dbd1a489df3753f00a8163e3","24-97aaf7393f8a68f731e4777c0197fee0afac5f54f599b4842cf92a6d939723a0","root.record.ItemExhibitList.P5Item.CostElementCategoryList.Logistics.Recurring.CostElementList.CostElement"
"Various","Various","","","","","","","","","","","","2017-BASE_PROCUREMENT-2017-DEFENSE_DTRA-U_PROCUREMENT_MasterJustificationBook_Defense_Threat_Reduction_Agency_PB_2017.zzz_unzipped-U_PROCUREMENT_MasterJustificationBook_Defense_Threat_Reduction_Agency_PB_2017.xml","9044500a55e960371d53601ddfcdfca183265a453df2fd04fe29b8b19e4b9cd4","0-7077b1250a9448ceef5f257b291d2f1244033185ae45991d148bbe5b7fa54fb9","25-d323028fdad7bf543ab22674e5f4e7b647a1c821359091ec5ac6e2e9baae64e2","root.record.ItemExhibitList.P5Item.CostElementCategoryList.Logistics.Recurring.CostElementList.CostElement"
"Various","Various","","","","","","","","","","","","2017-BASE_PROCUREMENT-2017-DEFENSE_DTRA-U_PROCUREMENT_MasterJustificationBook_Defense_Threat_Reduction_Agency_PB_2017.zzz_unzipped-U_PROCUREMENT_MasterJustificationBook_Defense_Threat_Reduction_Agency_PB_2017.xml","9044500a55e960371d53601ddfcdfca183265a453df2fd04fe29b8b19e4b9cd4","0-8628d9bcdbccdbabe559f67e58658970c8e222f000ac0828671daa654815e758","26-a22fc8f73e471ae6672c753d8345a926bf70e5f891d550b8a11e192fee5b87c2","root.record.ItemExhibitList.P5Item.CostElementCategoryList.Logistics.Recurring.CostElementList.CostElement"
"Various","Various","","","","","","","","","","","","2017-BASE_PROCUREMENT-2017-DEFENSE_VOL1_ALL-U_PROCUREMENT_MasterJustificationBook_Defense-Wide_PB_2017.zzz_unzipped-U_PROCUREMENT_MasterJustificationBook_Defense-Wide_PB_2017.xml","7b4411e602a2ea9b5576593adef3b8ee5a780f6c047c7a7d75c2d532621a8d48","0-d7c8948c9b9d1f41e8e08ad7bc4e71269318858ed6b0e2b4f9e3d110b35e3461","0-c4ccb91c993308554bcac76e9668670244a8e6e927d182636946b3a8f5efc0b2","root.record.ItemExhibitList.P5Item.CostElementCategoryList.Logistics.Recurring.CostElementList.CostElement"
"Various","Various","","","","","","","","","","","","2017-BASE_PROCUREMENT-2017-DEFENSE_VOL1_ALL-U_PROCUREMENT_MasterJustificationBook_Defense-Wide_PB_2017.zzz_unzipped-U_PROCUREMENT_MasterJustificationBook_Defense-Wide_PB_2017.xml","7b4411e602a2ea9b5576593adef3b8ee5a780f6c047c7a7d75c2d532621a8d48","0-6397ce6c143ff2acf2e8570bdfae8146b9fcabe9a35dd8798c8a69f13e362e72","1-7fec853ec7b74cfbb1850977b395757c6aa8ee7ddf0a31b8544627fe9f5aa248","root.record.ItemExhibitList.P5Item.CostElementCategoryList.Logistics.Recurring.CostElementList.CostElement"
"Various","Various","","","","","","","","","","","","2017-BASE_PROCUREMENT-2017-DEFENSE_VOL1_ALL-U_PROCUREMENT_MasterJustificationBook_Defense-Wide_PB_2017.zzz_unzipped-U_PROCUREMENT_MasterJustificationBook_Defense-Wide_PB_2017.xml","7b4411e602a2ea9b5576593adef3b8ee5a780f6c047c7a7d75c2d532621a8d48","0-d84187d2130fcd5e45d29fd7d0e71399be40718ff5f7f3957f6648295c97c1ac","2-ac5e0c7112f88004c607135d1ba8951b42cbf164664ed75e559aebb9d79b1022","root.record.ItemExhibitList.P5Item.CostElementCategoryList.Logistics.Recurring.CostElementList.CostElement"
"Various","Various","","","","","","","","","","","","2017-BASE_PROCUREMENT-2017-DEFENSE_VOL1_ALL-U_PROCUREMENT_MasterJustificationBook_Defense-Wide_PB_2017.zzz_unzipped-U_PROCUREMENT_MasterJustificationBook_Defense-Wide_PB_2017.xml","7b4411e602a2ea9b5576593adef3b8ee5a780f6c047c7a7d75c2d532621a8d48","0-e97771774360f44ba79a87604d59509be8e00ffff7a1e0643115469eb3f24cd4","0-48d53ceb50876547be2851226f27c176e674bc95100d135f8f35961c0f29bb61","root.record.ItemExhibitList.P5Item.CostElementCategoryList.Logistics.Recurring.CostElementList.CostElement"
"Various","Various","","","","","","","","","","","","2017-BASE_PROCUREMENT-2017-DEFENSE_VOL1_ALL-U_PROCUREMENT_MasterJustificationBook_Defense-Wide_PB_2017.zzz_unzipped-U_PROCUREMENT_MasterJustificationBook_Defense-Wide_PB_2017.xml","7b4411e602a2ea9b5576593adef3b8ee5a780f6c047c7a7d75c2d532621a8d48","0-2c042e2818445abc9c825214fdacea4ff5afa4d55d3cd4f01e7810cc36d8c755","0-7249466d6a02dc024765aa6f4ba00f0cf7aaa1b911c95cb6fb8b7aaa19848913","root.record.ItemExhibitList.P5Item.CostElementCategoryList.Logistics.Recurring.CostElementList.CostElement"
"Various","Various","","","","","","","","","","","","2017-BASE_PROCUREMENT-2017-DEFENSE_VOL1_ALL-U_PROCUREMENT_MasterJustificationBook_Defense-Wide_PB_2017.zzz_unzipped-U_PROCUREMENT_MasterJustificationBook_Defense-Wide_PB_2017.xml","7b4411e602a2ea9b5576593adef3b8ee5a780f6c047c7a7d75c2d532621a8d48","0-01c41edf2280bf2c4746b3201bddadda4f3dbfcfabe14a9ad2ce1cd439f3f6af","19-c21f01dca1a4560348d51f8f54c6d3d6414fe86de465d6b4b9ff099fde55f4e4","root.record.ItemExhibitList.P5Item.CostElementCategoryList.Logistics.Recurring.CostElementList.CostElement"
"Sterling Computers","Dakota Dunes, SD","","","","","","","","","","","","2017-BASE_PROCUREMENT-2017-DEFENSE_VOL1_ALL-U_PROCUREMENT_MasterJustificationBook_Defense-Wide_PB_2017.zzz_unzipped-U_PROCUREMENT_MasterJustificationBook_Defense-Wide_PB_2017.xml","7b4411e602a2ea9b5576593adef3b8ee5a780f6c047c7a7d75c2d532621a8d48","0-4b797af6761238890318fc8bcb9b67780518005424385f296f920f839e447a2d","20-5a39870c5d6e7234c9ba137d25adec9594e2e3b59f6cf9c05d1f423adc1a8250","root.record.ItemExhibitList.P5Item.CostElementCategoryList.Logistics.Recurring.CostElementList.CostElement"
"Lockheed Martin","Bethesda, MD","","","","","","","","","","","","2017-BASE_PROCUREMENT-2017-DEFENSE_VOL1_ALL-U_PROCUREMENT_MasterJustificationBook_Defense-Wide_PB_2017.zzz_unzipped-U_PROCUREMENT_MasterJustificationBook_Defense-Wide_PB_2017.xml","7b4411e602a2ea9b5576593adef3b8ee5a780f6c047c7a7d75c2d532621a8d48","0-a1ce42f1dfb24cbae4935d7bf5c25e0bfc12f615ea394284e2fc3ceb430a549a","21-ae19b8ee7547c72c8b399252f4b2ad14baba84c5e5cee7b2d3049acf5fdfae15","root.record.ItemExhibitList.P5Item.CostElementCategoryList.Logistics.Recurring.CostElementList.CostElement"
"SMS Data Product Group, INC.","McLean, VA","","","","","","","","","","","","2017-BASE_PROCUREMENT-2017-DEFENSE_VOL1_ALL-U_PROCUREMENT_MasterJustificationBook_Defense-Wide_PB_2017.zzz_unzipped-U_PROCUREMENT_MasterJustificationBook_Defense-Wide_PB_2017.xml","7b4411e602a2ea9b5576593adef3b8ee5a780f6c047c7a7d75c2d532621a8d48","0-0c55ea50f79aa7edaa1d0f2419f54a45b870015d114bc9010ee7c38c9d706bb0","22-4e2c99c6566a9c8a1aa261d361cb175f60f1dec2ef94676dbe9c9e3cef0bd5de","root.record.ItemExhibitList.P5Item.CostElementCategoryList.Logistics.Recurring.CostElementList.CostElement"
"Thermopylae Sciences & Technology, LLC","Arlington, VA","","","","","","","","","","","","2017-BASE_PROCUREMENT-2017-DEFENSE_VOL1_ALL-U_PROCUREMENT_MasterJustificationBook_Defense-Wide_PB_2017.zzz_unzipped-U_PROCUREMENT_MasterJustificationBook_Defense-Wide_PB_2017.xml","7b4411e602a2ea9b5576593adef3b8ee5a780f6c047c7a7d75c2d532621a8d48","0-937143d8c0792ae1c929a0fb64b71ec15b2e4f9c90f54cb622509dd7ec23c592","23-791d80deea74ab54d108e9bb8a12692b627f47fbbe76e3f55681ac1c47ae9558","root.record.ItemExhibitList.P5Item.CostElementCategoryList.Logistics.Recurring.CostElementList.CostElement"
"Various","Various","","","","","","","","","","","","2017-BASE_PROCUREMENT-2017-DEFENSE_VOL1_ALL-U_PROCUREMENT_MasterJustificationBook_Defense-Wide_PB_2017.zzz_unzipped-U_PROCUREMENT_MasterJustificationBook_Defense-Wide_PB_2017.xml","7b4411e602a2ea9b5576593adef3b8ee5a780f6c047c7a7d75c2d532621a8d48","0-a33fe567130997d819fd1bfcdc0b112bd6e2ac367f4bad27eab5acfd6ce02ce7","24-d2a0fb8b5e0dd5348f81577c1ed47813239ab2112a404d16e177ceed3433a7bf","root.record.ItemExhibitList.P5Item.CostElementCategoryList.Logistics.Recurring.CostElementList.CostElement"
"Various","Various","","","","","","","","","","","","2017-BASE_PROCUREMENT-2017-DEFENSE_VOL1_ALL-U_PROCUREMENT_MasterJustificationBook_Defense-Wide_PB_2017.zzz_unzipped-U_PROCUREMENT_MasterJustificationBook_Defense-Wide_PB_2017.xml","7b4411e602a2ea9b5576593adef3b8ee5a780f6c047c7a7d75c2d532621a8d48","0-bdb7eca938958032e48ede537966c33c4696ed0804643aa56f8fcabf69f77888","25-9f1520464149ed479954927374bb0038be5520ec17a57b7731a26dc7cca85338","root.record.ItemExhibitList.P5Item.CostElementCategoryList.Logistics.Recurring.CostElementList.CostElement"
"Various","Various","","","","","","","","","","","","2017-BASE_PROCUREMENT-2017-DEFENSE_VOL1_ALL-U_PROCUREMENT_MasterJustificationBook_Defense-Wide_PB_2017.zzz_unzipped-U_PROCUREMENT_MasterJustificationBook_Defense-Wide_PB_2017.xml","7b4411e602a2ea9b5576593adef3b8ee5a780f6c047c7a7d75c2d532621a8d48","0-a28ee6ca7079f074757cf4aa201bd330a0a313b5d86bf7068326bf7136674ca6","26-f1663c22f29c68330c16d4ab2753c1126481bd734e68ad931eff317003610283","root.record.ItemExhibitList.P5Item.CostElementCategoryList.Logistics.Recurring.CostElementList.CostElement"
"TBD","TBD","","","","0","0","0","0","0","0","0","0","2018-BASE_PROCUREMENT-2018-ARMY_OTHER_2-U_PROCUREMENT_JustificationBook_Army_PB_2018.zzz_unzipped-U_PROCUREMENT_JustificationBook_Army_PB_2018.xml","f7b34579440dd2b907fd39b82463766cee943f60d725c6687761eab96ad31541","0-8b42e79c657f48ba7a9da43e98ab44bb9e4f03c458894940fcb4c6a0219fb6a2","0-1553831fd884430da002adeb991caafd5d787401308df11044493802cefb8718","root.record.ItemExhibitList.P5Item.CostElementCategoryList.Logistics.Recurring.CostElementList.CostElement"
"PM DCATS","Ft. Belvoir, VA","","","","","","","","","","","","2019-BASE_PROCUREMENT-2019-ARMY_OTHER_2-U_PROCUREMENT_JustificationBook_Army_PB_2019.zzz_unzipped-U_PROCUREMENT_JustificationBook_Army_PB_2019.xml","af07406068006a6368053b13025fb1233c052f12ad35f207f4fc3a1eab242fe3","0-d3d43db55ffc14889d80933b6a442b31815c86d56c62f7e77a168c3a3f734a30","0-597d7596116e1c82aef6bb58632f86a87a23300d0841d0fe95669b1f537371e4","root.record.ItemExhibitList.P5Item.CostElementCategoryList.Logistics.Recurring.CostElementList.CostElement"
"PM DCATS","Ft. Belvoir, VA","","","","","","","","","","","","2019-BASE_PROCUREMENT-2019-ARMY_OTHER_2-U_PROCUREMENT_JustificationBook_Army_PB_2019.zzz_unzipped-U_PROCUREMENT_JustificationBook_Army_PB_2019.xml","af07406068006a6368053b13025fb1233c052f12ad35f207f4fc3a1eab242fe3","0-82c42a2b2b85e0d59a31fa998b4cace8f45e765a97d7c3e9a557ef1163bc1263","1-7cb934c4f5f014350c5b1431b994b82ea1bad3a10eafaac6dec7778eef45893b","root.record.ItemExhibitList.P5Item.CostElementCategoryList.Logistics.Recurring.CostElementList.CostElement"
"PM DCATS","Ft. Belvoir, VA","","","","","","","","","","","","2020-BASE_PROCUREMENT-2020-ARMY_OTHER_2-U_PROCUREMENT_JustificationBook_Army_PB_2020.zzz_unzipped-U_PROCUREMENT_JustificationBook_Army_PB_2020.xml","dab9bf95e851ff66d3ee9eeae243e91c7304d3d051eac55bbb1098e03d26bb21","0-27ea494a8f71dbcbdae3384c66cf2bbdbb1827d9eda3da79c1b2676be2ad17b0","0-710294c82edac7f55610b5b0026d6b751f94e293b1f04ab81501e0739a25069e","root.record.ItemExhibitList.P5Item.CostElementCategoryList.Logistics.Recurring.CostElementList.CostElement"
"PM DCATS","Ft. Belvoir, VA","","","","","","","","","","","","2020-BASE_PROCUREMENT-2020-ARMY_OTHER_2-U_PROCUREMENT_JustificationBook_Army_PB_2020.zzz_unzipped-U_PROCUREMENT_JustificationBook_Army_PB_2020.xml","dab9bf95e851ff66d3ee9eeae243e91c7304d3d051eac55bbb1098e03d26bb21","0-6ff426002858289cd169b2a8c51378335fdb7d450861bcaff9d207b4196b98cc","1-15bb24174be084d57c35c46b8cdb7b2a88ea984c3420694ef76b8e4acf1a49d6","root.record.ItemExhibitList.P5Item.CostElementCategoryList.Logistics.Recurring.CostElementList.CostElement"
