Title_val,Funding_PriorYear_val,Funding_CurrentYear_val,Funding_BudgetYearOne_val,Funding_BudgetYearOneBase_val,Funding_BudgetYearOneOCO_val,@SOURCE_FILENAME,@RECORDID,@ROWID,@PARENTROWID,@PARENT
"Other Adjustments","-2.066","0.000","-17.259","-17.259","0.000","2013-BASE_RDTE-2013-AIRFORCE_V1-JustificationBook_Air_Force_PB_2013.zzz_unzipped-JustificationBook_Air_Force_PB_2013.xml","9907235a9583400d9731144a7e9e1ba4b71bef30b77392ed023c0527e5dccdcd","0-d868024eead365800714f5c7734b568f84ef5b446c5f71bafad378470222c276","0-1bca30b17c7e1e8ce532ec5af92282378bdb6eff9ad1b604af1cf33f0411b4a9","root"
"Other Adjustments","-0.696","0.000","-3.940","-3.940","0.000","2013-BASE_RDTE-2013-AIRFORCE_V1-JustificationBook_Air_Force_PB_2013.zzz_unzipped-JustificationBook_Air_Force_PB_2013.xml","63481da1fd9cb9f28463e1299bc23b14aa80152ac0201c2b0c835019a28ebe3d","0-355a75fe58e626fb777bdef747cecab4bf9a9f2124d3c0dcd4e32000ab4e8ecc","1-2447b7ab688afbb0c278f2f0ac9186d3f35fb85e7ead7995273893bab2dabdb6","root"
"Other Adjustments","10.175","0.000","-11.300","-11.300","0.000","2013-BASE_RDTE-2013-AIRFORCE_V1-JustificationBook_Air_Force_PB_2013.zzz_unzipped-JustificationBook_Air_Force_PB_2013.xml","9b77283d3b613953b859520dcee05d308c0faf3b015cb415b24462e831616e41","0-585c3a52cbae842e3cc97f9ebb91914ae52939f54c146e0dad9ec1337bdb322e","2-2b0cf1c3962e2627ce07118f7e963c44f43e7312cf9f34d13badf7cfb8c20f4d","root"
"Other Adjustments","-2.730","0.000","-25.217","-25.217","0.000","2013-BASE_RDTE-2013-AIRFORCE_V1-JustificationBook_Air_Force_PB_2013.zzz_unzipped-JustificationBook_Air_Force_PB_2013.xml","55b8859cf5f34e103a94414ae56bc038fcc6a72c52600e8fe9b25afe5cca46cb","0-2e2c3705e26cc9f16d3ba8f735116f4d9e02cd6ce56bcfd764d6b825e72af372","3-2bcfa5a62421a72a99a9e5111bcb28a5e4ec62fae56d5786da040292c54f73ac","root"
"Other Adjustments","-0.437","0.000","-13.740","-13.740","0.000","2013-BASE_RDTE-2013-AIRFORCE_V1-JustificationBook_Air_Force_PB_2013.zzz_unzipped-JustificationBook_Air_Force_PB_2013.xml","4c716462f93fe45ca712d6e2f48e82d8f875d118706ce2499ed27823e9cfef83","0-0720a08b495104ef1d784314f14386a1ca19b28973c28991281d7fb59eec3e2c","4-5dfeb1e3cc6f9553fe24f95aac0e74c0b81b918464113df67bf4a81d36c746e1","root"
"Other Adjustments","6.794","0.000","6.191","6.191","0.000","2013-BASE_RDTE-2013-AIRFORCE_V1-JustificationBook_Air_Force_PB_2013.zzz_unzipped-JustificationBook_Air_Force_PB_2013.xml","00cd79e6565a52f46bdd299fdb0ce6cd63fdff6c8f4b571ac6db43b427149350","0-08ca41443a93b3ff964951cc2f3a41e207ca0afc3842794e6b9e646a436da107","5-f8b99da370c151e4c191b5d9cb61ff0694e964ec3466447d454603f6ee1f77c6","root"
"Other Adjustments","-0.015","0.000","-0.179","-0.179","0.000","2013-BASE_RDTE-2013-AIRFORCE_V1-JustificationBook_Air_Force_PB_2013.zzz_unzipped-JustificationBook_Air_Force_PB_2013.xml","dfcfd7bb6716fb2a6ecccbad7de13c1b1994a57625dfb7831546c52b6c160ec9","0-80bf4022dbae5e47f71e38a300d8b9a8aa41fa5b26dc7a5d125c58903154453f","6-37db5d040661b66d748cdddc2051fdac18ef3b8201aff474757c9489af60e934","root"
"Other Adjustments","-0.251","58.600","-14.958","-14.958","0.000","2013-BASE_RDTE-2013-AIRFORCE_V1-JustificationBook_Air_Force_PB_2013.zzz_unzipped-JustificationBook_Air_Force_PB_2013.xml","ac427fae7250717d8834c2069ab72cc0942d20351b29494f0d36a8ae75458da9","0-f523c903beae9e9ee1fa6ebc9ee9b78acd0040db1d2b7bed8961e5e1155b7719","7-a821c46b33f433fa8d8b3883960e74a5876a4cec031ecacb08fc8179390ae3b2","root"
"Other Adjustments","-1.291","0.000","17.318","17.318","0.000","2013-BASE_RDTE-2013-AIRFORCE_V1-JustificationBook_Air_Force_PB_2013.zzz_unzipped-JustificationBook_Air_Force_PB_2013.xml","fcf69b21f05ee90624151e1ef9fcaa398b9ae9265f5db255eeeba00b31006993","0-cd62f37b86872c9284c31857fedd41f6f8593035678fe58e9c15ae68febf1fa0","8-32e4fa198ca472138d50d8a4636bd1a65b4c8dcff9c04e9c24d76955e96cbc50","root"
"Other Adjustments","-2.716","0.000","37.754","37.754","0.000","2013-BASE_RDTE-2013-AIRFORCE_V1-JustificationBook_Air_Force_PB_2013.zzz_unzipped-JustificationBook_Air_Force_PB_2013.xml","1aa14e6143e564504e82d85ff8c5125faca02e21227120628b376e685aea3232","0-0316ef1c154258536eccef146ae6dd034cdfd8f138a3a1875cda01d249f26d83","9-04ed9c72b8f9620c6042fd50d21558065409b01eeddbdd74152cdcb3f557177a","root"
"Other Adjustments","-0.100","0.000","9.616","9.616","0.000","2013-BASE_RDTE-2013-AIRFORCE_V1-JustificationBook_Air_Force_PB_2013.zzz_unzipped-JustificationBook_Air_Force_PB_2013.xml","1e410427c9e163e47cd72c52d7cee392a3f433f64acaf0119b23836f7cf4b19f","0-67ee0bfa2cf8b2bbb6bce0032118713995300b1c4920e803b985ff4ee43d25a7","10-55747532a09ea4400b91e5837982223f318a1e5913df2566d1845a0f085aeed3","root"
"Other Adjustments","-4.523","0.000","-11.158","-11.158","0.000","2013-BASE_RDTE-2013-AIRFORCE_V1-JustificationBook_Air_Force_PB_2013.zzz_unzipped-JustificationBook_Air_Force_PB_2013.xml","293c9a621d0563c67280872f2f96af3f51082595fec9cc42babb3944fda68da5","0-f7b319e2c3867bc78f10ace7c1e371bfaa54720c81b1163e8186757da8512f58","11-d5c5695380e2507183a7e218fb9f425cb1e2150ada97551f5905387714db34a3","root"
"Other Adjustments","-0.068","0.000","-1.000","-1.000","0.000","2013-BASE_RDTE-2013-AIRFORCE_V1-JustificationBook_Air_Force_PB_2013.zzz_unzipped-JustificationBook_Air_Force_PB_2013.xml","9ce67a31de059802f9f511829d8af355b59bddeedd45c3237c06c45b964a3231","0-531c75c53a1a46ac7cce46117de3eba39a30a6071829643758c7dc7e9e6d5ce2","12-6598108505289afbd31031aa7d6c056c4d9689bf9c709eaf6f81bc396c2f57ae","root"
"Other Adjustments","7.530","0.000","15.329","15.329","0.000","2013-BASE_RDTE-2013-AIRFORCE_V1-JustificationBook_Air_Force_PB_2013.zzz_unzipped-JustificationBook_Air_Force_PB_2013.xml","7dc4e0871545af3cd5d487ee152ee3f4294edf3c4f35489d8c25dbc861091f2d","0-de8d2b2db9b5906be5f9d51d79280fed6a3422ec891c52e7355002e79d0c2f28","13-84d28f58423f257fdbd00950825e4f3f32c2a9461b7c2379e125cdd7786792c1","root"
"Other Adjustments","-0.144","0.000","-4.695","-4.695","0.000","2013-BASE_RDTE-2013-AIRFORCE_V1-JustificationBook_Air_Force_PB_2013.zzz_unzipped-JustificationBook_Air_Force_PB_2013.xml","a6764d831d55e88b1fcaed56db23e00a58b6fd7fce072ed85f157971924460fa","0-3d03138f5ce37f05d74dec583082c08c3ece490f44fb97c156948ef6dde0e26f","14-86e351dc84c54d5b4847816990d46f1162e491ca5d5e9fa6714d2ba76b9befb0","root"
"Other Adjustments","-0.080","0.000","9.500","9.500","0.000","2013-BASE_RDTE-2013-AIRFORCE_V1-JustificationBook_Air_Force_PB_2013.zzz_unzipped-JustificationBook_Air_Force_PB_2013.xml","9a69d99222044ba1e60a4babaa52c51a1b3d7aa8ddea8af2ae7bcd9e73b8c78e","0-3a4eb1383e5ef9b92f512a7cb343405b4aede2584c42e7f026dc0ba44ccb2318","15-e857b09eef30d03c0eea70eef1ad697d25fe3fa2a18c1cc3eccce5638ba2f131","root"
"Other Adjustments","-0.089","0.000","-13.745","-13.745","0.000","2013-BASE_RDTE-2013-AIRFORCE_V1-JustificationBook_Air_Force_PB_2013.zzz_unzipped-JustificationBook_Air_Force_PB_2013.xml","4f7d7b23e942cbb446463590cd80081af05d44b3f64df71bdb6f740b8c0e8f50","0-fa5c3324f6db247624338aa0138b1f9ce946279db56b3f037fdeba2226238bc5","16-66677806f0aeb0fde476e4718eca93ceab38a7123ea1e69a31ec7aae51763f31","root"
"Other Adjustments","7.757","0.000","-3.489","-3.489","0.000","2013-BASE_RDTE-2013-AIRFORCE_V1-JustificationBook_Air_Force_PB_2013.zzz_unzipped-JustificationBook_Air_Force_PB_2013.xml","d2aa3b32243af78fb6a32f00e09dd7eddc98d73f0998cff5a64a575743f6446d","0-a378e20b53230eff507f42677da5f62e343326b6e1278c895b03539b84445ab3","17-a5561613fcc7f34c01c2e8dcb2e6709bbb420dfb87385b27a1d948aa2cfc9c08","root"
"Other Adjustments","-0.198","0.000","-12.117","-12.117","0.000","2013-BASE_RDTE-2013-AIRFORCE_V1-JustificationBook_Air_Force_PB_2013.zzz_unzipped-JustificationBook_Air_Force_PB_2013.xml","2a92e4e77a99c3ec522cb831481e472470883b55280951b3202a6261f47b2b8c","0-eaa4db562f2c89b81cacdd71c019e67f31d9575a9ea2295bd450c320eec9db4c","18-7e15a48e1c9483f1a7f54508de66308f24e4f63f3b5560b8e6b3b481a2b944c3","root"
"Other Adjustments","-0.014","0.000","-1.237","-1.237","0.000","2013-BASE_RDTE-2013-AIRFORCE_V1-JustificationBook_Air_Force_PB_2013.zzz_unzipped-JustificationBook_Air_Force_PB_2013.xml","d0d18955e64318b9cc1767ecec771b8f61190c58d006d4f2ab0808a94f616d95","0-8959b7f96f0fe9f25da2753e2dfb778d101502a4b330e7ca4ca0e8a8ad8fbee5","19-25631b7b8c18665c2bce65e4baeeeddf0845049f731687aee4df9aa75e1550c0","root"
"Other Adjustments","1.133","0.000","-22.111","-22.111","0.000","2013-BASE_RDTE-2013-AIRFORCE_V1-JustificationBook_Air_Force_PB_2013.zzz_unzipped-JustificationBook_Air_Force_PB_2013.xml","ee78466bc18735b199ebe2c076a20fc524262f500c05ff7f3c9a86e416863f7e","0-d5ed1b3a4a5e4f68a80f03364e1e02cd91bc274e5d2cc885998fab9642878eef","20-8d5185ad66b3955a03cfca89d65078399397e9c704ec80e34bd4465d0288116c","root"
"Other Adjustments","-1.176","0.000","-23.126","-23.126","0.000","2013-BASE_RDTE-2013-AIRFORCE_V1-JustificationBook_Air_Force_PB_2013.zzz_unzipped-JustificationBook_Air_Force_PB_2013.xml","7dac994e98ef5aa490b006fb7ce08af1a48853fc6a7d2e7e9e8c61db2edf9f77","0-802145f558b50526885e74149607aecef61077496a4583659e5eee6012efb0ba","21-0bba1a5913096ded119f52361d51dff75613dfc38a6f956f11339645161260f6","root"
"Other Adjustments","-1.012","0.000","3.210","3.210","0.000","2013-BASE_RDTE-2013-AIRFORCE_V1-JustificationBook_Air_Force_PB_2013.zzz_unzipped-JustificationBook_Air_Force_PB_2013.xml","e3e53ba4acaae2b9e082a5bfa4fcd0acbe208e34405d9ff489ca68a0d2e7f099","0-d9ad3bf92740f3ffe7ab234565ad6fb1feda62b70b843d6a1e3cf2d9125d229b","22-d0faa66cdf164b1c6d3f450010e6b64dad1f47d9126caa8922131dc21c3cdbbc","root"
"Other Adjustments","-4.697","0.000","27.580","27.580","0.000","2013-BASE_RDTE-2013-AIRFORCE_V1-JustificationBook_Air_Force_PB_2013.zzz_unzipped-JustificationBook_Air_Force_PB_2013.xml","41e38de619c262b1e863aab2c499f9808606c12c6dafb0b91526267205d77db4","0-08683f922f7fc699af5b7c1d8ce906eeeefa3ea62ca4d06fa04df21ef508e574","23-9c258384ae189d49c8f237a0f12b2017d80d78861204529fd2309f7542f51beb","root"
"Other Adjustments","-1.678","0.000","-9.464","-9.464","0.000","2013-BASE_RDTE-2013-AIRFORCE_V1-JustificationBook_Air_Force_PB_2013.zzz_unzipped-JustificationBook_Air_Force_PB_2013.xml","8d9d15a8c36bf4f94eb3217010385688f44c21393f95be05e7e5d966b496828a","0-884a6e807d1e1eb3a4024fbf6bd8070265d6b3632c70352aeb7f1dd55f4e8eef","24-627d8b85d1f14d56fe1d13fd7f569a3b7d691ecd93bb931df6b2ebb23c10e7e8","root"
"Other Adjustments","-1.259","0.000","-16.510","-16.510","0.000","2013-BASE_RDTE-2013-AIRFORCE_V1-JustificationBook_Air_Force_PB_2013.zzz_unzipped-JustificationBook_Air_Force_PB_2013.xml","bfe00fe680fd763fcb8369c1ee244226cc990d73dea4bef8cc7ccf5d9f4e041d","0-eb5214dd4e43de4127fcd45b0c0737809100355d17417e5a9214d31f4bf334d8","25-59f8ee9574e16848fe48dab02abcc6fb5a44e8df504c838a7d3358ca512c9dc8","root"
"Other Adjustments","-0.632","0.000","12.499","12.499","0.000","2013-BASE_RDTE-2013-AIRFORCE_V1-JustificationBook_Air_Force_PB_2013.zzz_unzipped-JustificationBook_Air_Force_PB_2013.xml","52c5a9a501665140ca8d9183f1a83b911cd87e84ff0cb97408e8bdb58a6e3d86","0-b6426301abf1eb2c7b7368db19ddc9f58fbdcfebe61ed2f59f5710505d2f0181","26-567b4bcd4ed25b885e9f705dea56dde0467ed0ec6fba1d3288912013a354895d","root"
"Other Adjustments","-2.066","0.000","-17.259","-17.259","0.000","2013-BASE_RDTE-2013-AIRFORCE_V1-MasterJustificationBook_Air_Force_PB_2013.zzz_unzipped-MasterJustificationBook_Air_Force_PB_2013.xml","079feb913803963c56c4e238fb1e2500b0e7d372a84b6bcb24f20551a77c92f0","0-d5904e63ef81c069625011896f4e261a67dc92d2e4b299469558c4d4e7dddab7","27-2321c4de14329cacde2fae7c911e184050337f155a980ebe3ca2017135b78992","root"
"Other Adjustments","-0.696","0.000","-3.940","-3.940","0.000","2013-BASE_RDTE-2013-AIRFORCE_V1-MasterJustificationBook_Air_Force_PB_2013.zzz_unzipped-MasterJustificationBook_Air_Force_PB_2013.xml","18f9091ab87f75f3d74aacc45ce7e0d1076d3a7432130ee8db4676ff8985dc91","0-833106d2200858b481e1a7e18c952572cae3d37e26ed241a053b570766352cf5","28-cb9b6e4b7fe70609c31c2781812b0f1aca6d0d7de08bc379ac6a089323c392b9","root"
"Other Adjustments","10.175","0.000","-11.300","-11.300","0.000","2013-BASE_RDTE-2013-AIRFORCE_V1-MasterJustificationBook_Air_Force_PB_2013.zzz_unzipped-MasterJustificationBook_Air_Force_PB_2013.xml","d2b711a0e31e320f152b75bbccdbbaedf54369c0fee4301847a5e27e5d32fbe1","0-ec6564c2e1592052d5bb0f664a138a14bf1240346b175e2dfb67c5e82aed7d70","29-19e4f4fd023f2a4f6244c6dc7b4f8d94d0bc4e81acc11432372edd030842d590","root"
"Other Adjustments","-2.730","0.000","-25.217","-25.217","0.000","2013-BASE_RDTE-2013-AIRFORCE_V1-MasterJustificationBook_Air_Force_PB_2013.zzz_unzipped-MasterJustificationBook_Air_Force_PB_2013.xml","d3371e250ba2f70b8c3d661ce6074515d01cdf30a793de027edd4de91d527962","0-7bfdb83e53acc96f356a987bf4622bd337feae435397c60cf78c79d6b9c6fe41","30-5506fa3dfd9696b8fd61e03f32c30f347c04a8dd4a293447c60b5bc4b4687295","root"
"Other Adjustments","-0.437","0.000","-13.740","-13.740","0.000","2013-BASE_RDTE-2013-AIRFORCE_V1-MasterJustificationBook_Air_Force_PB_2013.zzz_unzipped-MasterJustificationBook_Air_Force_PB_2013.xml","c8a093670588f04b5d2365b47ea96a30f13cf25e1c341bcede527d3598b5e9fc","0-224978a00a650061a4cfd3cfc10dcb46b66f96decd415d483a4c34fca9469f55","31-28b3d941da5f6e919042a3448d8d03c2c87678732e1225bcc21d390c9c19bf2f","root"
"Other Adjustments","6.794","0.000","6.191","6.191","0.000","2013-BASE_RDTE-2013-AIRFORCE_V1-MasterJustificationBook_Air_Force_PB_2013.zzz_unzipped-MasterJustificationBook_Air_Force_PB_2013.xml","85573aed65bf9e36565a6fe28f5eb5ce12ca19f2ea399dbaebf6f88c2f20ac32","0-551cf2ce97c78caaca8c914b3fe093d1dde696ca3ee7240abd3dc0931c055d0b","32-554b1d16209ec2a55265f13d2249177633c641da2b474346e5b162069cb237fb","root"
"Other Adjustments","-0.015","0.000","-0.179","-0.179","0.000","2013-BASE_RDTE-2013-AIRFORCE_V1-MasterJustificationBook_Air_Force_PB_2013.zzz_unzipped-MasterJustificationBook_Air_Force_PB_2013.xml","b0d1914b8ba04d83a278c87551d7840314d570718124529dffa3833f84228bdc","0-bdeb6ce3b44a4cd49d2fa58698aff9854f2b2cc7ac5441a618cf5d4770ea9946","33-ab502cda09029291cf7692d319181669af3d4ac64214420376350a102d06ecc9","root"
"Other Adjustments","-0.251","58.600","-14.958","-14.958","0.000","2013-BASE_RDTE-2013-AIRFORCE_V1-MasterJustificationBook_Air_Force_PB_2013.zzz_unzipped-MasterJustificationBook_Air_Force_PB_2013.xml","291aaeaafb92be0ec861a71161d612f46567b6861148d25690ab163994579ab4","0-ac79db84c3d0b3980008bfc064cc24471f17de550e9a976b4bafb7787725fa47","34-22593f5eddad9c790318e895e306cb3fa74b54cf4b3b0fd1c323350e4ee55a38","root"
"Other Adjustments","-1.291","0.000","17.318","17.318","0.000","2013-BASE_RDTE-2013-AIRFORCE_V1-MasterJustificationBook_Air_Force_PB_2013.zzz_unzipped-MasterJustificationBook_Air_Force_PB_2013.xml","52706c09e047582983bda0252bf7266420dba2a5c350dcc074113187d9366037","0-b30089a43e37b893a18fe30825fa6c22f5540c8157ddac2b99ceb3b3c35ee077","35-ab67538bde76a92f28d3dd470e16934718ad888bb7edb707059cbc0665532c5d","root"
"Other Adjustments","-2.716","0.000","37.754","37.754","0.000","2013-BASE_RDTE-2013-AIRFORCE_V1-MasterJustificationBook_Air_Force_PB_2013.zzz_unzipped-MasterJustificationBook_Air_Force_PB_2013.xml","fe922653260b443697319bedabd38d97d4d16c7a8ad3794a49248a558d5ab0ab","0-6d457c3a1b8e61b58ab2c3a7d722773345344a7199aafd1f0dafece3f593a267","36-eb8f87b40f4501108f43495fb20d07512481d8037c8c70262058cfe8713cd8bf","root"
"Other Adjustments","-0.100","0.000","9.616","9.616","0.000","2013-BASE_RDTE-2013-AIRFORCE_V1-MasterJustificationBook_Air_Force_PB_2013.zzz_unzipped-MasterJustificationBook_Air_Force_PB_2013.xml","2d09add472d43201f8c6ff3a4080bf95f80a207675851d4a3c5a66fc7c5244c9","0-73ba782f085dbfb9eca37dbcef6de8294536b8d8e58e96de4bbadf341212698b","37-df31b6a6019f944502a917439614e82aa61869df9544048e81ea0e5727873f54","root"
"Other Adjustments","-4.523","0.000","-11.158","-11.158","0.000","2013-BASE_RDTE-2013-AIRFORCE_V1-MasterJustificationBook_Air_Force_PB_2013.zzz_unzipped-MasterJustificationBook_Air_Force_PB_2013.xml","8291f7ecb558464981b45feaa995e59595679196c1c839b541d82c2a6833a7cb","0-63e0a2accfa91234ede09f61815f1d0006d04fd2ac78f493f2a0c06e8cf7385c","38-63faded7af63255eb08f7b1ec50e22f3f341fd15d0bdc3927b3c0f1909dd6fc7","root"
"Other Adjustments","-0.068","0.000","-1.000","-1.000","0.000","2013-BASE_RDTE-2013-AIRFORCE_V1-MasterJustificationBook_Air_Force_PB_2013.zzz_unzipped-MasterJustificationBook_Air_Force_PB_2013.xml","461b10560fccb41e707936a8900f571d9ece51412cfcd23a4d1da853406015a3","0-dc333019bf97245da3bc687ee4caad991be3155085d78257714f953538d42970","39-bfbfb1a9f5dd0cfe926f0274587adef7d8f615bda580bda9158a2c34cde6320f","root"
"Other Adjustments","7.530","0.000","15.329","15.329","0.000","2013-BASE_RDTE-2013-AIRFORCE_V1-MasterJustificationBook_Air_Force_PB_2013.zzz_unzipped-MasterJustificationBook_Air_Force_PB_2013.xml","31346bb3dfbc350ea9ff61b2b767460493d01074c292dd03f908af8eb10931f7","0-8c6712708599fed79a6ddbf5bb9602a32d3776cd212a4c8e72e38ead5c199bb8","40-8ad042c21664e01265e4cc454012e8338704c2996d84fadd1130e062b7150a1d","root"
"Other Adjustments","-0.144","0.000","-4.695","-4.695","0.000","2013-BASE_RDTE-2013-AIRFORCE_V1-MasterJustificationBook_Air_Force_PB_2013.zzz_unzipped-MasterJustificationBook_Air_Force_PB_2013.xml","dc61cfb927b8fde709e30623a27e64c089756ceb6c86a3df2d6c473db53ad641","0-0f2528619b5d331b1b1b1fa3a85baaa3f40f5024025439e5e0328121264ea4d8","41-b9240cf30e0a20f37d4e44feb8bf03c48521203fd1404256641a4ad5e6233d16","root"
"Other Adjustments","-0.080","0.000","9.500","9.500","0.000","2013-BASE_RDTE-2013-AIRFORCE_V1-MasterJustificationBook_Air_Force_PB_2013.zzz_unzipped-MasterJustificationBook_Air_Force_PB_2013.xml","767f84cc9b68296ae53677d03f896c8cbfa1103ef808f8bca51c58c9c533ea33","0-9a732180949496b594a2d14c7b1eb699aa905529942a6c04e682c1dee291c900","42-e9d34b7d5a356eee4a4b63127ee13fd7702fec9cc6dd3787c18001c67691e6b0","root"
"Other Adjustments","-0.089","0.000","-13.745","-13.745","0.000","2013-BASE_RDTE-2013-AIRFORCE_V1-MasterJustificationBook_Air_Force_PB_2013.zzz_unzipped-MasterJustificationBook_Air_Force_PB_2013.xml","3edd037dff2868ed8ac0bec03412848f214f3cbdf67ef99f1982360556921676","0-18af7e7079666e577652b6dc7c461b7569d74f198761730548d526edd95a62b2","43-af8ca06d8c6ccd1dcc58401a91f131097fe3372cd0c608bc730435e85af5b357","root"
"Other Adjustments","7.757","0.000","-3.489","-3.489","0.000","2013-BASE_RDTE-2013-AIRFORCE_V1-MasterJustificationBook_Air_Force_PB_2013.zzz_unzipped-MasterJustificationBook_Air_Force_PB_2013.xml","be2fe6cfbffae7765bc75a2b2ee42b4e48cc8c2aa90f7037cd6007753cfdc770","0-ba03a096c3d4e83b505acbc318d7bf1a2f2adf7ed22f9f55419aded6d985ab81","44-f2870efa43e380feb9e8e5d591316ea55ef8e960d0199e4b49f9d6566ec5c018","root"
"Other Adjustments","-0.198","0.000","-12.117","-12.117","0.000","2013-BASE_RDTE-2013-AIRFORCE_V1-MasterJustificationBook_Air_Force_PB_2013.zzz_unzipped-MasterJustificationBook_Air_Force_PB_2013.xml","5eb09debdfa6e2f3109004a1c3ed49fb867858c53a69aacdc0c4ef6bf38ef397","0-9d566f8f2fac23f2f997aea5ecd50c8ad1d4f095f474eec234d25a790583668e","45-be62b07363bbce71c7ff7f1e6e858959eb82ff2431948fd85d4fff2126cc94f8","root"
"Other Adjustments","-0.014","0.000","-1.237","-1.237","0.000","2013-BASE_RDTE-2013-AIRFORCE_V1-MasterJustificationBook_Air_Force_PB_2013.zzz_unzipped-MasterJustificationBook_Air_Force_PB_2013.xml","11231ad6021d5a968772ec22ce6b6c58999dc6f9d1df934c0632974e20165e9e","0-55a75b6735dc93406bef3325f9b2b31277b72144939fb4f0c3802e49e4ffadd3","46-21cb99663816d8da267e343f8a0f6d983b9870d668047e1395f370762e94a9ab","root"
"Other Adjustments","1.133","0.000","-22.111","-22.111","0.000","2013-BASE_RDTE-2013-AIRFORCE_V1-MasterJustificationBook_Air_Force_PB_2013.zzz_unzipped-MasterJustificationBook_Air_Force_PB_2013.xml","387efc46796bf983cecdbc8a79f8989c071d85d9ce606a895776c60b22e4ae1f","0-438d4b3c245346c7574c66a2331d0ef85326edef2f03135f5311f5a0b7718f08","47-c7d2b1ae0f222972a186e1f45ff56f06f6e7ba3967d81092a0bdd86a3b9e0991","root"
"Other Adjustments","-1.176","0.000","-23.126","-23.126","0.000","2013-BASE_RDTE-2013-AIRFORCE_V1-MasterJustificationBook_Air_Force_PB_2013.zzz_unzipped-MasterJustificationBook_Air_Force_PB_2013.xml","e1295f220f75336cd3d2df6345768f820966bc0b32b5d2ddc3aea708cdc80927","0-cd25317be561220b2025d21ec7c40d52c56cbc49ebc80d9fe1d69c21877003b6","48-f5013c221dea48c359909570a6c03f53aa1bab5351c425e9a770575a6afdd973","root"
"Other Adjustments","-1.012","0.000","3.210","3.210","0.000","2013-BASE_RDTE-2013-AIRFORCE_V1-MasterJustificationBook_Air_Force_PB_2013.zzz_unzipped-MasterJustificationBook_Air_Force_PB_2013.xml","cbaabd4545f920cd4f6167538d178ec21b96d59f8c20fb884a33c529c1758056","0-980b158f5cd319fe50d571f82dfc278d9ccd64e4342b085e0d55c83d8acd7f15","49-39c5c65791d6026927deac730770933d6cc4abce2339946a109314ec324d9776","root"
"Other Adjustments","-4.697","0.000","27.580","27.580","0.000","2013-BASE_RDTE-2013-AIRFORCE_V1-MasterJustificationBook_Air_Force_PB_2013.zzz_unzipped-MasterJustificationBook_Air_Force_PB_2013.xml","c20be3c50da46854867fe3c595de6c140ba60f75170d069f894b52078c1e0fc3","0-b1d13229cbbfd7aee1eaccc1e790d50ae124377b8980fcd65a36ba9d893b5ec1","50-9ec7db7fbb865a757e140ab4e46427d6839195ac630d0503be7147ac3e6cb785","root"
"Other Adjustments","-1.678","0.000","-9.464","-9.464","0.000","2013-BASE_RDTE-2013-AIRFORCE_V1-MasterJustificationBook_Air_Force_PB_2013.zzz_unzipped-MasterJustificationBook_Air_Force_PB_2013.xml","4eaef0df41eb69aa7667692405535152a35c6abba9e7b68c868418f617214316","0-4284d2775cd11af060dfcc9a5f28c71e2faae481f9a927a22c9e434e09cfd42b","51-61f67e7dee097b0dbeb8471615ccc349cbf5463e2a2f7593897534a76f796d1a","root"
"Other Adjustments","-1.259","0.000","-16.510","-16.510","0.000","2013-BASE_RDTE-2013-AIRFORCE_V1-MasterJustificationBook_Air_Force_PB_2013.zzz_unzipped-MasterJustificationBook_Air_Force_PB_2013.xml","e217052ca2a4a54fd6fce71b3d84c5c41aee2ff07604a22b162214e0e68c60a0","0-383447cb3cec4c1a64d4099b8a0b08ff6d4217f034f839d8554c0949d53e4bbd","52-2dae9e252c5ed3fe089d105175ebfc693d1feb45cd26ef55c7b7ea4705a9bac2","root"
"Other Adjustments","-0.632","0.000","12.499","12.499","0.000","2013-BASE_RDTE-2013-AIRFORCE_V1-MasterJustificationBook_Air_Force_PB_2013.zzz_unzipped-MasterJustificationBook_Air_Force_PB_2013.xml","36b29155d141c63bfe63829e4af2ac48d5ee6e4d922de192f84ef59563bde57a","0-b321c137678c7d74f7b1de84490689803ead86787364677df127839c74ab3770","53-b8c208f0f0cd400d90f13779b7a775eeb91217313944eb83f86b09c268e40897","root"
"Other Adjustments","0.000","0.000","-1.116","-1.116","","2014-BASE_RDTE-2014-AIRFORCE_V1-RDTE_JustificationBook_Air_Force_PB_2014.zzz_unzipped-RDTE_JustificationBook_Air_Force_PB_2014.xml","c754bddad474aa0aac3b28f5f8bd00c97c425c7c3bdedc05a6fd208c057e669f","0-69c53d807c3bc5b8170f1d1697b128b703ebdb1d7e4516bbe112ef7c4402e2ed","54-78139d5d1e6a31a2367bafb77bdff8371ec642124d170226a29442b4c47cbdf8","root"
"Other Adjustments","0.000","0.000","-0.414","-0.414","","2014-BASE_RDTE-2014-AIRFORCE_V1-RDTE_JustificationBook_Air_Force_PB_2014.zzz_unzipped-RDTE_JustificationBook_Air_Force_PB_2014.xml","fbbf7ae42cd7dc8f11963e3fe0a399fbbec14893201728b5f5bd7cceee557f71","0-100e0b56598f74779dba2345b8d6caf5cf40cf169ceee89822ab0396aa79aef1","55-54eb648e99dc134a7dfaa1fcdb146c6486e813667bb889a7c81882dbb159781a","root"
"Other Adjustments","0.000","0.000","-2.934","-2.934","","2014-BASE_RDTE-2014-AIRFORCE_V1-RDTE_JustificationBook_Air_Force_PB_2014.zzz_unzipped-RDTE_JustificationBook_Air_Force_PB_2014.xml","bc7c6af85bb0815893d984c917d0f78389daa3151459ec0370e974d340e4a755","0-24cc428cf5cd7659c61c0ecdc922097bd22e29fb0466fc204a39724a338cbbf5","56-8c74e97866688c435d626f58a51f5be80beee6cc531aaa043f24fee9ce8de618","root"
"Other Adjustments","0.000","0.000","23.032","23.032","","2014-BASE_RDTE-2014-AIRFORCE_V1-RDTE_JustificationBook_Air_Force_PB_2014.zzz_unzipped-RDTE_JustificationBook_Air_Force_PB_2014.xml","5abc020470eb41f2b663b3ca9f7b1b803e0fe20112965cf92815dec017927987","0-c598c78ba854be9310fa871b5fa94ba98c2fb94d5503414c2d9327a8988db265","57-c81612807a8d15ade5dc09b12cc65800bdc9999f94839946fe29484321bb88b6","root"
"Other Adjustments","0.000","0.000","0.040","0.040","","2014-BASE_RDTE-2014-AIRFORCE_V1-RDTE_JustificationBook_Air_Force_PB_2014.zzz_unzipped-RDTE_JustificationBook_Air_Force_PB_2014.xml","f473cee70ba07917660a5b61e39c8434ae443ae50db9ebccf0d6241e4d605b26","0-f51476e743569259f5860f5f694fbb2d8936db09563ae164a2f50aa578f0b5b8","58-3da3ff1914041fd37d19e2858efab101472f995db0a3f476a7ea3ec2535a837b","root"
"Other Adjustments","0.000","0.000","9.900","9.900","","2014-BASE_RDTE-2014-AIRFORCE_V1-RDTE_JustificationBook_Air_Force_PB_2014.zzz_unzipped-RDTE_JustificationBook_Air_Force_PB_2014.xml","40e1dd729b611651c8a2d93e4c9f3fa0e52feba8ff3287d4bffe9f5a7efb5939","0-7b5bbc40e4d4ec2fae3bed827535337905918577f0aa8ee0a4b6c186466c982b","59-115315d45b1bf4726dced0d116de4ed6a0699d9238d7162aa30a2272ee16198d","root"
"Other Adjustments","0.000","0.000","2.961","2.961","","2014-BASE_RDTE-2014-AIRFORCE_V1-RDTE_JustificationBook_Air_Force_PB_2014.zzz_unzipped-RDTE_JustificationBook_Air_Force_PB_2014.xml","a4b068877c080c487d880bf818c5c166e5e59a0bb2b4536184528583a4c4ce7b","0-4304f2d0e618820409c1d96f35cd98a4f57bb3817ae8c6cbce26300922030270","60-b8f8b5d3d5b392794936068bc9d671689127b7dbc1622cf138b625ed82a68ce3","root"
"Other Adjustments","0.000","0.000","-0.787","-0.787","","2014-BASE_RDTE-2014-AIRFORCE_V1-RDTE_JustificationBook_Air_Force_PB_2014.zzz_unzipped-RDTE_JustificationBook_Air_Force_PB_2014.xml","2c3aa166872d2226f5a95302a600eb43477575d9aa63e63f144023229e935142","0-0e07bb04ad9e915540094b2c9ab700c7f2bbaf2b7288b6cfcb10e08fff003d43","61-14d66807301bc85809282dbc55092d50498f183c98ad49249e3b019bd944ebf9","root"
"Other Adjustments","0.000","0.000","-3.000","-3.000","","2014-BASE_RDTE-2014-AIRFORCE_V1-RDTE_JustificationBook_Air_Force_PB_2014.zzz_unzipped-RDTE_JustificationBook_Air_Force_PB_2014.xml","187a7f90f8c2b428789e15de9b8454d1ce2b2955a31d79a7fa2bb1ab75e7bf5a","0-5ebeed6104fc926fb3c5a0c8a5e9f6b7dcbded25e15888cc9ea62a104203be77","62-83960f908be7bb3cc709de0be8f4bbae89c2a4396080ba032c7535405dfe4f45","root"
"Other Adjustments","0.000","0.000","-3.900","-3.900","","2014-BASE_RDTE-2014-AIRFORCE_V1-RDTE_JustificationBook_Air_Force_PB_2014.zzz_unzipped-RDTE_JustificationBook_Air_Force_PB_2014.xml","b765002a474f0e559a6425fb3da848c7d7463159e0142b09a94a53ef760bb0ec","0-69819911808ba3cf22dbc9210c9c8b5798ca4b6321a5fe71af6081f45f345c0e","63-57e744e6c85b00a59689f2a6566f9b798b4d5a3533f033d4bc50aac4b35edd2d","root"
"Other Adjustments","0.000","0.000","0.100","0.100","","2014-BASE_RDTE-2014-AIRFORCE_V1-RDTE_JustificationBook_Air_Force_PB_2014.zzz_unzipped-RDTE_JustificationBook_Air_Force_PB_2014.xml","2a54a88527f40e7e11e6bf15dfdfce4b7a729ae3b9aecea41ec4ce239217eb0c","0-c692d1f1ccebaf4d2351ae9528233ec126c724f5b91f300e1f888cef59c3f1ae","64-9fa4d7436d1fabeb4b62b63d2be2d558930f3e44c309a65c19d41b612c0d4f69","root"
"Other Adjustments","0.000","0.000","6.381","6.381","","2014-BASE_RDTE-2014-AIRFORCE_V1-RDTE_JustificationBook_Air_Force_PB_2014.zzz_unzipped-RDTE_JustificationBook_Air_Force_PB_2014.xml","22fbd7640671fe1e97b53cc2a4f375a3fedbd479973c370412f800558a5d893e","0-18145be17310e63df270d230b2bcc9c284ab1040185b763e15db738fe9ebd107","65-a272de0cd6b65c42ea7dedf5ca9f355fada11a8ebadb0c9b76ff343a2851160f","root"
"Other Adjustments","0.000","0.000","-0.040","-0.040","","2014-BASE_RDTE-2014-AIRFORCE_V1-RDTE_JustificationBook_Air_Force_PB_2014.zzz_unzipped-RDTE_JustificationBook_Air_Force_PB_2014.xml","eb0b42369287b5f1a37be05609b6ce6c7d3b1bde7c4a95d1095c2d46612bce81","0-9867ca946220d915dc32691776a420d4665749b8bed59c954aeb0afee300cef3","66-85e32723073272c4613d977a3158e6ac527ed5b260dad26be3926ac3671107db","root"
"Other Adjustments","-0.017","0.000","0.000","0.000","","2014-BASE_RDTE-2014-AIRFORCE_V1-RDTE_JustificationBook_Air_Force_PB_2014.zzz_unzipped-RDTE_JustificationBook_Air_Force_PB_2014.xml","414a4febcd9a806cd115a81fba20df18d1ef87474b085a89e7740eebeccc3c4d","0-765cabc2080f42cd85ce1bbd06f37098e3913f0e02e7bb4171ab31a44e46c1fa","67-29d0c3683e4cf9a54d865fd9c520364f2f2a1be58aba333a5adcd0da1166093d","root"
"Other Adjustments","0.000","0.000","3.879","3.879","","2014-BASE_RDTE-2014-AIRFORCE_V1-RDTE_JustificationBook_Air_Force_PB_2014.zzz_unzipped-RDTE_JustificationBook_Air_Force_PB_2014.xml","6d4f58446416e4657c164ce19369cf9fc2d43a103c0204124b0113c7207f22a0","0-2adf896c5566e3ae8dc1f239126a39b2bd137c042a3df64e8ac56ed0eed88504","68-1ed653f2e7f6137c7943d0608828994a4f5f75b3edb4bf6058511a7bc11946d9","root"
"Other Adjustments","0.000","0.000","0.000","0.000","","2014-BASE_RDTE-2014-AIRFORCE_V1-RDTE_JustificationBook_Air_Force_PB_2014.zzz_unzipped-RDTE_JustificationBook_Air_Force_PB_2014.xml","576abc44068f44bb43a437c6a669b2d39d820ed49202a92dad973e088a7f3b49","0-8f14fdf913da1aef0643ac41f47b68c679e15c08113290fc0a701e465a79ea63","69-c86ac2fda7e393c1469227078755275dd80a3b6a58c083c9061699244b91916b","root"
"Other Adjustments","0.017","0.000","-0.950","-0.950","","2014-BASE_RDTE-2014-AIRFORCE_V1-RDTE_JustificationBook_Air_Force_PB_2014.zzz_unzipped-RDTE_JustificationBook_Air_Force_PB_2014.xml","1c48cba69224180eff2a57ca24a9c00a6eb366ec6d9df49fe1f66ade02caefb4","0-1554faa8957944fc6901b5577865611ab7b161c64e020cfcec1e91a31b4ca745","70-5376c371a1a4082b6815fb11faf8320fc2cb0ae5af4d54b5a132c35b630c0b2b","root"
"Other Adjustments","0.000","0.000","5.000","5.000","","2014-BASE_RDTE-2014-AIRFORCE_V1-RDTE_JustificationBook_Air_Force_PB_2014.zzz_unzipped-RDTE_JustificationBook_Air_Force_PB_2014.xml","bbac8e5f97a224b256ef4c0c9f66ab93863a6baf8399faefb3c74ab6075be0a2","0-38f8c884c1112bed781f082a16c3303bdd19354255580e6858b600e900bb3725","71-4c6c48ff05b1a501c877ec0a611732962787d8b1de1d795d2db7c21fcfe57dbe","root"
"Other Adjustments","0.000","0.000","1.000","1.000","","2014-BASE_RDTE-2014-AIRFORCE_V1-RDTE_JustificationBook_Air_Force_PB_2014.zzz_unzipped-RDTE_JustificationBook_Air_Force_PB_2014.xml","eb4f493181bd36f8f1b03e96a07c6ab2c204490e2fe9df61db28a4e8afa31e51","0-cf1e8338642ac87ae98418010017fbd605f9aa65c9e0ed44c4891b40b07ba6ce","72-01d707d136e348b0eb56d94d3536a20dc2a873c2c3d0fbc928d84490ed6e16b0","root"
"Other Adjustments","0.000","0.000","0.000","0.000","","2014-BASE_RDTE-2014-AIRFORCE_V1-RDTE_JustificationBook_Air_Force_PB_2014.zzz_unzipped-RDTE_JustificationBook_Air_Force_PB_2014.xml","ab76437a5d787aa1d992ce5e08c90eaad71aabd06efcddd23c083d3be3b8b3b6","0-5b7c10e4392a3947d9d81540cd0f0e25a1c00813d8e75d37725f2dfac93b300d","73-b38505c6fbd2568cb0e2c1895512d98b79591761fe9e52d3cd29f0884d27bb88","root"
"Other Adjustments","0.000","0.000","-4.330","-4.330","","2014-BASE_RDTE-2014-AIRFORCE_V1-RDTE_JustificationBook_Air_Force_PB_2014.zzz_unzipped-RDTE_JustificationBook_Air_Force_PB_2014.xml","f10ce9a5894ace4990c378c38ab7fa4a0f63a120dd91ad6c8a21e8d68f337332","0-737f2ab6363f341241b02bb9bd2cd153d36faa6f3e146eef3ed2c71ec5627758","74-4de94850aeb2dcc3d5ca10213def3db3c0cb616c5ad139cc464a0a9ca88c7d49","root"
"Other Adjustments","0.000","0.000","-9.303","-9.303","","2014-BASE_RDTE-2014-AIRFORCE_V1-RDTE_JustificationBook_Air_Force_PB_2014.zzz_unzipped-RDTE_JustificationBook_Air_Force_PB_2014.xml","1aedef0f4992bcc959cb144443d99235fb7d744c67c963bd236536f2236af6f1","0-91f886c32e5ec9cd9b0949ab609349f5975f3acc758bf431817d1b1154eb6abf","75-d50fe4ee5dd0f50baf9f948c7450ac89ee921430dd7c388fbda9845fd58bfe1d","root"
"Other Adjustments","0.000","0.000","-2.709","-2.709","","2014-BASE_RDTE-2014-AIRFORCE_V1-RDTE_JustificationBook_Air_Force_PB_2014.zzz_unzipped-RDTE_JustificationBook_Air_Force_PB_2014.xml","61eb853cb10e39905496b45ad23141433c9f51d2545cf03d51fb658404be7d5e","0-5ebcb63c91a61fd394381f090d70478bf5602e1c870b7d117c4d649360ab75d0","76-cc28e963aab053290d4c14896f0c52cca74a66e697ac4abb8b4ebe55d19967d0","root"
"Other Adjustments","0.000","0.000","-3.372","-3.372","","2014-BASE_RDTE-2014-AIRFORCE_V1-RDTE_JustificationBook_Air_Force_PB_2014.zzz_unzipped-RDTE_JustificationBook_Air_Force_PB_2014.xml","3de0210253288c696a3c8fbf6a27c76569de54ad0e2c67609ddd849ab22a735d","0-57c89ce0fae6b07e3815cd3381c318312f8a31940360d6b74ca9d9ceb078810f","77-c212f17b7a60c5aa1ad039c906d340d9905dfdd3b3b5602dfef04ce811e34e79","root"
"Other Adjustments","0.000","0.000","-1.052","-1.052","","2014-BASE_RDTE-2014-AIRFORCE_V1-RDTE_JustificationBook_Air_Force_PB_2014.zzz_unzipped-RDTE_JustificationBook_Air_Force_PB_2014.xml","61b302a8b065b710ff70f9edaf95a102387ef6adbc81a1403487979bd2a0a87e","0-202e532a96446f50636473a46a379601bcf2dd13899f696ce607273f699d9e1d","78-f1391f76658a9cb58d1948aac1520e60c4e6e4130caff411c5bb7bc5e77b35cd","root"
"Other Adjustments","0.000","0.000","-5.581","-5.581","","2014-BASE_RDTE-2014-AIRFORCE_V1-RDTE_JustificationBook_Air_Force_PB_2014.zzz_unzipped-RDTE_JustificationBook_Air_Force_PB_2014.xml","aceb7a7fb0f9b6e292951ab7a7e29c4457251b8340b7bf834239e002df48fd0a","0-9fdc1c21a3ed2eccbff327b8fb4228ddfd3b89c3a8b6064fcb854bfbfa85b221","79-de7f889d0ff1c94d4b78d09622b27ee99f69f194231f8bcaeb7001131dcb0b05","root"
"Other Adjustments","0.000","0.000","-2.641","-2.641","","2014-BASE_RDTE-2014-AIRFORCE_V1-RDTE_JustificationBook_Air_Force_PB_2014.zzz_unzipped-RDTE_JustificationBook_Air_Force_PB_2014.xml","a11278fb70e3069cb7ca7c1e1342cf82f66d0e0d64eabe9f90f8bdaa701e931e","0-ac6cef35325e5892da659b761b9bad39996a0b923b7200e2eca53f0f220f09bd","80-46b52ed056dd3ee898d041981d959cc861258a83d0d3cf4d19b1b8a8c9155f5e","root"
"Adjustments to Budget Years","-0.174","","7.000","0","7.000","2014-AMENDED_PROCUREMENT_AND_RDTE-2014-ARMY-RDTE_JustificationBook_Army_PBAmended_2014.zzz_unzipped-RDTE_JustificationBook_Army_PBAmended_2014.xml","674141ca43595e7220500e347643b605d7b8b150dd972aa87a672a9a5f143f20","0-c97696e5dae6bf7692d2d8901ad3a3a2e36b23e04240822857ec9922217ef3a9","81-b3444f0313277594692fd37a9955654fe49de7d16ee04bdb16ae4f0f8a945531","root"
"Other Adjustments 1","","","-1.052","-1.052","0","2014-AMENDED_PROCUREMENT_AND_RDTE-2014-ARMY-RDTE_JustificationBook_Army_PBAmended_2014.zzz_unzipped-RDTE_JustificationBook_Army_PBAmended_2014.xml","674141ca43595e7220500e347643b605d7b8b150dd972aa87a672a9a5f143f20","1-8a2c2f348e93536105f6f2d7736fbb8a6b43ddf702b8fe1174a68c2436b16e36","81-b3444f0313277594692fd37a9955654fe49de7d16ee04bdb16ae4f0f8a945531","root"
"Other Adjustments","-29.853","0.000","-65.351","-65.351","","2015-BASE_RDTE-2015-AIRFORCE_V1-RDTE_JustificationBook_Air_Force_PB_2015.zzz_unzipped-RDTE_JustificationBook_Air_Force_PB_2015.xml","2e9198149ff69bb1c3fe0d552c2a68b0f5ecbdd0aa5d0001004309c74f19ec59","0-88377f007840e7de46ce0d35336c911d9c9ecb5080f80f5e62f5b045783e7fbd","82-93811deea6a60ceabd28b57b470e74b2930d56eeb2f980948874a90eec31732f","root"
"Other Adjustments","-11.596","0.000","-13.659","-13.659","","2015-BASE_RDTE-2015-AIRFORCE_V1-RDTE_JustificationBook_Air_Force_PB_2015.zzz_unzipped-RDTE_JustificationBook_Air_Force_PB_2015.xml","e251a16a63384910491816adc3db3a53281d2f0418fa16f06e015aeb089ec47f","0-3c577b7ba38eadd6fffae678f424837d0ee40355611dea29c79e4b01573fde75","83-526db2028615f230978a0eeb10f3eefc711865b5e39e25ed6c5c83e7f1be8e35","root"
"Other Adjustments","-9.939","0.000","-2.198","-2.198","","2015-BASE_RDTE-2015-AIRFORCE_V1-RDTE_JustificationBook_Air_Force_PB_2015.zzz_unzipped-RDTE_JustificationBook_Air_Force_PB_2015.xml","f9534cc31ab6f1f91f64cdea42a698fcfe8cc7ea042db89c60dc2efb5ee8cf73","0-05af85661358d38f5eb5715ddd958789d8df78283761961750afce04e92d2879","84-eabd453810c929b4f82aff07f906053bcccac83a77847da2faddcfc250646a76","root"
"Other Adjustments","-8.606","0.000","-0.037","-0.037","","2015-BASE_RDTE-2015-AIRFORCE_V1-RDTE_JustificationBook_Air_Force_PB_2015.zzz_unzipped-RDTE_JustificationBook_Air_Force_PB_2015.xml","2c5087378b6c3d8ee3c69b3afe5906738ff9d0b4f0609cc44a93c5623c663cdb","0-ca4de3c8fb30d993ffbcb15945825d29d97f388ffb5cbc87adcf1f4c20e34f7e","85-2b6c70e59844a1bc999b3911bd92583ab2b1cc98477e847b2b9eba56bb337508","root"
"Other Adjustments","-3.223","0.000","-4.079","-4.079","","2015-BASE_RDTE-2015-AIRFORCE_V1-RDTE_JustificationBook_Air_Force_PB_2015.zzz_unzipped-RDTE_JustificationBook_Air_Force_PB_2015.xml","71c9ace5049b1caf860660e22444e1ea023f7684aca22bd47c93c688810eb8ef","0-b3a3f8ff2c955bdf877c65e710b6776c2b56b5f2a84f580886f52c0b8db84712","86-b9ceb6f0fe0eeefad801dab604403c51707b206d4372888a0751c99133c2f98e","root"
"Other Adjustments","-5.427","0.000","-3.052","-3.052","","2015-BASE_RDTE-2015-AIRFORCE_V1-RDTE_JustificationBook_Air_Force_PB_2015.zzz_unzipped-RDTE_JustificationBook_Air_Force_PB_2015.xml","dcba77435cd5be8e25a61fc7379a55657d2072045a4e13cb53f8ee58298ae881","0-efdb4e51c777ca65499b67095f8bc9cdd4e1fd29ff42464fe7e4a90c4c73a42c","87-b9bc683ee80ffd09c2687d10cfbf3f86c5d24dda643bd284500755bd240ba8ea","root"
"Other Adjustments","-0.552","0.000","0.000","0.000","","2015-BASE_RDTE-2015-AIRFORCE_V1-RDTE_JustificationBook_Air_Force_PB_2015.zzz_unzipped-RDTE_JustificationBook_Air_Force_PB_2015.xml","5dad8639c3e245b89abab98fdd30c301105b96f690d42917259d9f21fc19f001","0-9b5449bd2ec59918913f414fd9a652a6d8776d9f91451ff3d6b95091c4b93862","88-7251d6b8ade3909292b10fd9ace8be61162ec0a4c1b9d81ef1af9f3fc68d63ee","root"
"Other Adjustments","-3.980","0.000","4.612","4.612","","2015-BASE_RDTE-2015-AIRFORCE_V1-RDTE_JustificationBook_Air_Force_PB_2015.zzz_unzipped-RDTE_JustificationBook_Air_Force_PB_2015.xml","29e4c3fc42e22e08a56321ae01cfc9db6ea46e1f8e27d1c4bb85e5799506275e","0-d9f824befaaa0bfa4acea1c1a5db371305e0162648a0a11bfa6616a17f4550c3","89-c5bf04966ff5dbd9e5923922c688f365c3f73459d6e138bd3fb3a2ff5784538f","root"
"Other Adjustments","-6.706","0.000","8.757","8.757","","2015-BASE_RDTE-2015-AIRFORCE_V1-RDTE_JustificationBook_Air_Force_PB_2015.zzz_unzipped-RDTE_JustificationBook_Air_Force_PB_2015.xml","4332fb0c9cc2bd4002c51ac992782e0c73abfaeddd9b736a6389661b86a8a40f","0-e9739196ff79e56247bd3d65c046a47d548fd30e92ee8c55460ec91a332a7997","90-cd8821b2bb9181e93e7609dbfcc43a21c835f4e33d220f30dbb92322a17b25d0","root"
"Other Adjustments","-13.521","0.000","-17.523","-17.523","","2015-BASE_RDTE-2015-AIRFORCE_V1-RDTE_JustificationBook_Air_Force_PB_2015.zzz_unzipped-RDTE_JustificationBook_Air_Force_PB_2015.xml","75fb126e793754a30bc7c19b8b6e9538a151803468dfc4ade3f519b0d822a537","0-21d7261cb11643a20be62c404c3c08a0b8028206962306d9ab0e998b6bacb2dc","91-e7eb1fca81a09146a3ef848172732e4d4dd8d213b738b5f6011a20bae655ed41","root"
"Other Adjustments","-2.215","0.000","10.586","10.586","","2015-BASE_RDTE-2015-AIRFORCE_V1-RDTE_JustificationBook_Air_Force_PB_2015.zzz_unzipped-RDTE_JustificationBook_Air_Force_PB_2015.xml","ebb6de7b070ce50177c80cef9eb07631b9a740c99a53c07a269852d470520ae0","0-410c9bc3e71820149fc0d3152990d7a82a2365034fbfa17379880216ef55fa0a","92-d308324798f762252964124581eaf2e70f11aa3e7ab2e7febb17f8a93518239d","root"
"Other Adjustments","-5.418","0.000","-0.949","-0.949","","2015-BASE_RDTE-2015-AIRFORCE_V1-RDTE_JustificationBook_Air_Force_PB_2015.zzz_unzipped-RDTE_JustificationBook_Air_Force_PB_2015.xml","a6ec820cf26557d7874e58e9b638088efc07e5ea567ee45381a97511154c143f","0-85273117419e0227edffa4f7d8ea0820a5d13b1e02f1334a26e66276f5628a5f","93-a556189ccf6f4d8043e10de88b16a11fdaf4fb1e397eea6b9332e43a5ef87f72","root"
"Other Adjustments","-1.083","0.000","-0.346","-0.346","","2015-BASE_RDTE-2015-AIRFORCE_V1-RDTE_JustificationBook_Air_Force_PB_2015.zzz_unzipped-RDTE_JustificationBook_Air_Force_PB_2015.xml","7dbec22fd4379f2e4c8a2543f1de219df3d1035418d95cae59fcf5f06ad4312c","0-a3762c1d97a37350449fecec80d1ce5051b14add0f67add5be26850434e7a5b9","94-7178410819831d73f16408cbb5da3c4c5a8d5f1f93101b759095f7f13f3a9b38","root"
"Other Adjustments","-2.414","0.000","-1.743","-1.743","","2015-BASE_RDTE-2015-AIRFORCE_V1-RDTE_JustificationBook_Air_Force_PB_2015.zzz_unzipped-RDTE_JustificationBook_Air_Force_PB_2015.xml","e3957286c2c3aae2a16d7c771be5a9b128b20e0bbeb6f14a4b3bbb5d01ead32d","0-533a4c0763f15606e9a9435b2cd5f252e675c5c6e00a71de91dea9b6fa524944","95-1db77b5ba343c7c2a83777b3ad9d3766cb06f3e605c0cae2baeec52d292576e2","root"
"Other Adjustments","-1.772","0.000","0.268","0.268","","2015-BASE_RDTE-2015-AIRFORCE_V1-RDTE_JustificationBook_Air_Force_PB_2015.zzz_unzipped-RDTE_JustificationBook_Air_Force_PB_2015.xml","4094f6bb01d08e0685c7a957ae6a3ecf6c71d702901502b712db310b2a4c89e8","0-899e8cacdde7f6a6cabc06311a98ef296b6f0add32e48309d856da9d71c98283","96-9909979ddcf482a08374420ed5fdb409d0b45d9c0dfd4a7ed0806612789f770c","root"
"Other Adjustments","-3.006","0.000","-1.543","-1.543","","2015-BASE_RDTE-2015-AIRFORCE_V1-RDTE_JustificationBook_Air_Force_PB_2015.zzz_unzipped-RDTE_JustificationBook_Air_Force_PB_2015.xml","01537354705b44b5a0296a8b641eb1358cc988b9cf25f3c8115088fa2692005b","0-d1dcd628c26ae6fd699ad201b3f9474e0bf5be96f8d0f1a93a8d35ac030da0f9","97-7ed2e96f51bbe824c2d033fad66fba807abaf91be6149838dd617cf95ebc1380","root"
"Other Adjustments","-1.583","0.000","-1.832","-1.832","","2015-BASE_RDTE-2015-AIRFORCE_V1-RDTE_JustificationBook_Air_Force_PB_2015.zzz_unzipped-RDTE_JustificationBook_Air_Force_PB_2015.xml","389a26860dd0f6c00b86571d140c5b6318fc7139bbc2cda19df31dde3bc6c795","0-20ccbad04b0bd9adb562b85fa1035b00c09f9399eb376e4c3f492aa6cd8f2a80","98-6a41d3074b73838fbe410402603f574f150417a357a76dff1788e88800cf62f8","root"
"Other Adjustments","-4.706","0.000","1.328","1.328","","2015-BASE_RDTE-2015-AIRFORCE_V1-RDTE_JustificationBook_Air_Force_PB_2015.zzz_unzipped-RDTE_JustificationBook_Air_Force_PB_2015.xml","f54ffeb9ae5b75601c5f253bb1f613f80a0a955c6f2748d5f972b964a9d8112d","0-3330be476bac43fbe3b8f6a2a0c860437229d84a6e8ec2f850182945f94571cf","99-5e87f0f25987a6923accafe6824876cf5493a255cda90f5a532c4daaacf5e725","root"
"Other Adjustments","-2.582","0.000","-4.378","-4.378","","2015-BASE_RDTE-2015-AIRFORCE_V1-RDTE_JustificationBook_Air_Force_PB_2015.zzz_unzipped-RDTE_JustificationBook_Air_Force_PB_2015.xml","4801d6d7251cabe4a1116b030f2d3506f074dae39ed6055aa61125ced4b59bea","0-203230008a669f58cd74af9acff76a5b9d5a454ea4a7f2db012fe53817ed0785","100-2a19894f68af4e610e00f84c6fb593d0c068caae42ad988c1a252e15b0edae70","root"
"Other Adjustments","-10.299","0.000","-10.824","-10.824","","2015-BASE_RDTE-2015-AIRFORCE_V1-RDTE_JustificationBook_Air_Force_PB_2015.zzz_unzipped-RDTE_JustificationBook_Air_Force_PB_2015.xml","1fc01e8c1e39c0a88108f3a2ef7a5dd971f1fdf3009b889afbfebc102c257463","0-f07b53badf2dcc4950162e5da9f7579889afd848a689ad5b7db2d9dfdcf03ab8","101-4a79a2e184c86bdfa6e12bc08836b9bd9f9ada9283f7b8d42a0e8c670d703d43","root"
"Other Adjustments","-9.938","0.000","-16.102","-16.102","","2015-BASE_RDTE-2015-AIRFORCE_V1-RDTE_JustificationBook_Air_Force_PB_2015.zzz_unzipped-RDTE_JustificationBook_Air_Force_PB_2015.xml","0eea890446866271542f20403c0bc704724bfe3e961623cf80c9359a276fddbc","0-7f7e5a9c301d51f5d44ddd5a45c15722f5fd2a3a0b327689ad32ffeee2a5343c","102-ab4d13b0576fc02b6177591062bdc3e50023571fb9dbf7606515c62e80bb54c5","root"
"Other Adjustments","-7.348","0.000","-12.627","-12.627","","2015-BASE_RDTE-2015-AIRFORCE_V1-RDTE_JustificationBook_Air_Force_PB_2015.zzz_unzipped-RDTE_JustificationBook_Air_Force_PB_2015.xml","171c73bb24c57e8fafa6edc96465626060ba38a7304897f84f7ae3a9cf468012","0-fe7cc037510a2f8773c270f4de7fb38b053b5342dcb3becfb97e288a8bb09470","103-2f03576149718122b7e6f0157c8c42f71b15f866e922e5166f1ea3d5229ab211","root"
"Other Adjustments","-19.198","0.000","-0.682","-0.682","","2015-BASE_RDTE-2015-AIRFORCE_V1-RDTE_JustificationBook_Air_Force_PB_2015.zzz_unzipped-RDTE_JustificationBook_Air_Force_PB_2015.xml","104691341642ca3bd45fa4d266ec74a06459bf1927d650f6175e3fbfed42a878","0-58fa7f2d630758808d05cb9cbe8b64a176c359bb822f24d736efa394da1ffb47","104-10f2a4de354f41d143b6d0c7d12b66e48a1e37c63496f34a5d2ebc69c54df6f9","root"
"Other Adjustments","-10.529","0.000","-12.244","-12.244","","2015-BASE_RDTE-2015-AIRFORCE_V1-RDTE_JustificationBook_Air_Force_PB_2015.zzz_unzipped-RDTE_JustificationBook_Air_Force_PB_2015.xml","59f0e3de7512663a1aef1736c75f4a61f0b640f451dc55a3cbf2a51375514230","0-dd924664fd10d3be355605a5944bebc532d7d6fbdc68e31a61d4549394db7c38","105-a066c015c63400714395db6d7a1d7e37b7c440ae585277c7933894704609939c","root"
"Other Adjustments","-8.214","0.000","-11.332","-11.332","","2015-BASE_RDTE-2015-AIRFORCE_V1-RDTE_JustificationBook_Air_Force_PB_2015.zzz_unzipped-RDTE_JustificationBook_Air_Force_PB_2015.xml","d48af28d370114dd24a12e5c9d5c38b4dae716087e11680bdda42af2655bbf55","0-2d83978c3f7656ec754a32ae9b28381ecab0850aad0c6c6b6a27267e62dd6f26","106-444723f2a5cf664fa7c3e94e7e712b0c5a3ecc3a8f560e9eff79fa041cef59d5","root"
"Other Adjustments","-6.473","0.000","2.665","2.665","","2015-BASE_RDTE-2015-AIRFORCE_V1-RDTE_JustificationBook_Air_Force_PB_2015.zzz_unzipped-RDTE_JustificationBook_Air_Force_PB_2015.xml","3a761adbab9ee20d818f02818fc50a0d2e9edff75749965a6ab5b53896eadaf1","0-0dcf06a37f11c0800db08a963778a42a46eb90eb0795ccd958fbdb95bf79669f","107-a16a85938be09dc6e7df8c582ec44bebcc32a7fda399906a736182c1bd39eb6d","root"
"Adjustments to Budget Years","-13.997","4.982","-0.366","-4.866","4.500","2015-AMENDED_PROCUREMENT_AND_RDTE-2015-ARMY-RDTE_JustificationBook_Army_PBAmended_2015.zzz_unzipped-RDTE_JustificationBook_Army_PBAmended_2015.xml","32a22a37030a60af9bbb6e3b78abf3f1d8c8ff7928cc71e92cf6e4650a2e1ddd","0-b3a6ca558b0c959630f7cc701a95e9dcad9a1c8b0d12861a172cf321e3b00c2e","108-be4f233326c69c2eccb86392013b48ef3e359dfb6a03bee01b0bf3fd4d0a9f79","root"
"Other Adjustments","0.000","0.000","-11.814","-11.814","0.000","2016-BASE_RDTE-2016-AIRFORCE_V1-RDTE_JustificationBook_Air_Force_PB_2016.zzz_unzipped-RDTE_JustificationBook_Air_Force_PB_2016.xml","c7220785bb655e7c02175f560c432c690946369cc821d0fd317fadab59205f10","0-ba0b01ea979295dce8599faa92601dd348e7ede43919bab4bcc43c7e7b1af371","109-b59de2db7a8d0285a1add1e7b6b5b1842c502e3e4f516c5042af2ec1e5dd28de","root"
"Other Adjustments","0.000","0.000","-3.941","-3.941","0.000","2016-BASE_RDTE-2016-AIRFORCE_V1-RDTE_JustificationBook_Air_Force_PB_2016.zzz_unzipped-RDTE_JustificationBook_Air_Force_PB_2016.xml","f8570934dcef5f87a792ec9fd89023124ce215088dc52044fb103f32d6a9b1d3","0-fffae5b78643e378b38c9d6d8091e2231eabd5c975bd3d7d0001b8db471a66b8","110-542583a0cd939457250fcb03bd77dda062227eed66f61d7fc65fcbdc95f8867c","root"
"Other Adjustments","0.000","0.000","-1.955","-1.955","0.000","2016-BASE_RDTE-2016-AIRFORCE_V1-RDTE_JustificationBook_Air_Force_PB_2016.zzz_unzipped-RDTE_JustificationBook_Air_Force_PB_2016.xml","9b48eb8816ef1e7f128f6be3147ede321c788bf3abaaffbd4ebaf0540b7674f2","0-1ffd42f45b74d9a3fb6f04f61bb932f2ac4a92c000c21e3f9fc6d7492b7eba1c","111-734dc709dd8634704463fd608e07988d8fca5f72831b198d117145dd79284a83","root"
"Other Adjustments","0.000","-0.040","-2.142","-2.142","0.000","2016-BASE_RDTE-2016-AIRFORCE_V1-RDTE_JustificationBook_Air_Force_PB_2016.zzz_unzipped-RDTE_JustificationBook_Air_Force_PB_2016.xml","3aa4cb60bcce40e141e5026ea6b8d9e3ab99fdc59213e5687220cb797fd287a8","0-26bbd60cf89f00213bac44133d370aa2a5250a46eb243769f2241b89698b4020","112-3120c15dd2adaf83ed0b0e313a7168b16c1529749d2309f5ac4f94ba9a338406","root"
"Other Adjustments","0.000","0.000","-0.279","-0.279","0.000","2016-BASE_RDTE-2016-AIRFORCE_V1-RDTE_JustificationBook_Air_Force_PB_2016.zzz_unzipped-RDTE_JustificationBook_Air_Force_PB_2016.xml","069c8cb59cb6450d9e8486d8bde43759b2dba8f235263cf65462f53ec043c411","0-b304c59cf4fd6b0d5582aca6d5230edf2c9233bcbc06b40ed5d46c7bf805ee8a","113-c4053cf1ff349f2038d6f41991d50728b80c10f641aac3cced66789caf15e699","root"
"Other Adjustments","-0.082","0.000","-2.310","-2.310","0.000","2016-BASE_RDTE-2016-AIRFORCE_V1-RDTE_JustificationBook_Air_Force_PB_2016.zzz_unzipped-RDTE_JustificationBook_Air_Force_PB_2016.xml","56f66d7d160aaadd8f6505edb2996a91b02c6b05f1819b0e35c39e9aea85ef81","0-538b3df411b05d1eea85e59ce7eb135433b112721815fae71e01c2afae140227","114-637531b12fce63b317da3c6649bb9da1f8702a2f37ca8bd5fb746408bbfc1030","root"
"Other Adjustments","0.000","0.000","-0.122","-0.122","0.000","2016-BASE_RDTE-2016-AIRFORCE_V1-RDTE_JustificationBook_Air_Force_PB_2016.zzz_unzipped-RDTE_JustificationBook_Air_Force_PB_2016.xml","e5a6c7ca08699a62ad6966aab5f35f8e216d1f35191d2dec874dbb07252f54cb","0-ff0a8bda48b72132c4a436c79d660faf88391803bf067857f81a5f860ac30b38","115-c3498281842bec45f14ddc1d9bd0aa40d6ceddd9c7ae64fc18885ebbf13d6e9e","root"
"Other Adjustments","0.000","0.000","2.282","2.282","0.000","2016-BASE_RDTE-2016-AIRFORCE_V1-RDTE_JustificationBook_Air_Force_PB_2016.zzz_unzipped-RDTE_JustificationBook_Air_Force_PB_2016.xml","d495d32a6b87480bdc8ede654536acd14d3cf2d93509eee9aa2ab0103c714ce2","0-eff9996eb29ca39194eeef375defe5378878e6499bbe5a440a2393bf97b6916d","116-d8d2dcfc8b57eef2308fd6302b0ce48d6e20ff8593781b559aa6bae5afa8360f","root"
"Other Adjustments","0.000","0.000","1.630","1.630","0.000","2016-BASE_RDTE-2016-AIRFORCE_V1-RDTE_JustificationBook_Air_Force_PB_2016.zzz_unzipped-RDTE_JustificationBook_Air_Force_PB_2016.xml","257a584637147f6add5e4c740891367e441ef2da3844f9a22aa597597c5ff214","0-cf75969a912cfb1b1d003505707092fed8255b13711ca98fb1b4a9469fc6f68c","117-964ec6570983e109d4201a1fe2de58296994ab0aca2381e70aeac6d55564fea1","root"
"Other Adjustments","0.000","0.000","3.868","3.868","0.000","2016-BASE_RDTE-2016-AIRFORCE_V1-RDTE_JustificationBook_Air_Force_PB_2016.zzz_unzipped-RDTE_JustificationBook_Air_Force_PB_2016.xml","46ebee7ec5d284aa1fa40396d993e273f564b76d0b2068fd762e2d8e1fb6c3cc","0-c484e170f5a795bf11dba8baa371778560771b7c1ad7753c7c2a08b8cf8d7853","118-85324a194a5aeb8bc8bfe8f25d68a68e78e86bfec0a56f133b762ce9d021df84","root"
"Other Adjustments","0.000","0.000","-2.470","-2.470","0.000","2016-BASE_RDTE-2016-AIRFORCE_V1-RDTE_JustificationBook_Air_Force_PB_2016.zzz_unzipped-RDTE_JustificationBook_Air_Force_PB_2016.xml","f9c3e1151b63960ab0c6ec68efd983fb8c7094e46f07b0ac0cfb29c01c71a108","0-5f4432e2e6587b2471a044a4c7cf91933c3bb2fa97f020f1164a1af6e94201ef","119-e73576cde826c5447418076e71cc59f7bfd3c39fbf4a12f9a6dba7afa3a1a62c","root"
"Other Adjustments","0.000","0.000","-5.213","-5.213","0.000","2016-BASE_RDTE-2016-AIRFORCE_V1-RDTE_JustificationBook_Air_Force_PB_2016.zzz_unzipped-RDTE_JustificationBook_Air_Force_PB_2016.xml","236534a24f259d3b9eb7192ee5e3ed1cf25ceea69a987b23cb1998ed09491d09","0-26f6f35827c673c9e3e074870dd1c8b39d2323c09413fa7f87eb6b09155a2528","120-eb436701ff02228a4950dbafaa5cdaaee978e0da31e7b8bec8c224de96a4ea9e","root"
"Other Adjustments","0.000","0.000","-0.092","-0.092","0.000","2016-BASE_RDTE-2016-AIRFORCE_V1-RDTE_JustificationBook_Air_Force_PB_2016.zzz_unzipped-RDTE_JustificationBook_Air_Force_PB_2016.xml","53e03333f05b7f906006b7063e60263bdea8cfdc13a92fda383836ccc53281d7","0-11f527efd09e520859120f8b8378ed694157db671b0522e4b3d741178e902ad9","121-12792d9eee2207e160332af5a524365626851d8267c963243b5ec951f2d1e53e","root"
"Other Adjustments","0.000","0.000","-0.085","-0.085","0.000","2016-BASE_RDTE-2016-AIRFORCE_V1-RDTE_JustificationBook_Air_Force_PB_2016.zzz_unzipped-RDTE_JustificationBook_Air_Force_PB_2016.xml","52a57e220b30decec8c451901d535a88be4878ce2e4a16db5a1ae709f4bde814","0-71abeba595a7d36bfd1228c1df65e775e62431924853e4c505e70bdc8c5d472f","122-ba51fcc4c2c16af68b9d31e397caac85162e3a3443afded1bb993e6df11924ff","root"
"Other Adjustments","0.000","0.000","5.631","5.631","0.000","2016-BASE_RDTE-2016-AIRFORCE_V1-RDTE_JustificationBook_Air_Force_PB_2016.zzz_unzipped-RDTE_JustificationBook_Air_Force_PB_2016.xml","affd607e4e125522716bdad155b072d6b24e0fbd0454788b98289da7fa587a7c","0-62db214ea97be3bf23f8cd6b3396a47a1dcbb43632c6e6092075f0c5189f034a","123-962bc09d92bf167c1ef13e30ad4c106cc37a2b9cd9b434c1444a2c607d547f3f","root"
"Other Adjustments","0.000","0.000","-1.511","-1.511","0.000","2016-BASE_RDTE-2016-AIRFORCE_V1-RDTE_JustificationBook_Air_Force_PB_2016.zzz_unzipped-RDTE_JustificationBook_Air_Force_PB_2016.xml","634937748892105c0ac045bc3b2904946f561323e4f975514c447b5af4cba360","0-566398579b5c0a0464891a6de0f60597f9fbaa03172ba448e068492cc9ea36ba","124-3e03cd42f42d3aaf66b457d0cf6bc2dfc603524bcb46a3eb30af51575ac52931","root"
"Other Adjustments","0.000","0.000","-2.100","-2.100","0.000","2016-BASE_RDTE-2016-AIRFORCE_V1-RDTE_JustificationBook_Air_Force_PB_2016.zzz_unzipped-RDTE_JustificationBook_Air_Force_PB_2016.xml","f55349f60480746ead3477c69b9c8a0dab8c8c686e2b626336aea7c7e5200b91","0-24b17d3dfaf88cdcdc6bec3f75d033556d5cbe25922f371fdd4e7d3697d3aec8","125-c7235b659377cee6bd3731b2808b5b75cadd27d7eb65f096ac3e42e71c026909","root"
"Other Adjustments","0.000","0.000","-0.534","-0.534","0.000","2016-BASE_RDTE-2016-AIRFORCE_V1-RDTE_JustificationBook_Air_Force_PB_2016.zzz_unzipped-RDTE_JustificationBook_Air_Force_PB_2016.xml","c1f577813afa9ae02bf24e6bb2b10db6903f923aaf544fb340bbcbbb746b5498","0-a6dc01333bc2fdbc89aeaf1dec74102074294a30fac0420e778fb001589bb94e","126-7e0b6316529b910b9b8a0593b9da8c9b9fb649d570bd3a73485a511ce29ae115","root"
"Other Adjustments","0.000","0.000","1.883","1.883","0.000","2016-BASE_RDTE-2016-AIRFORCE_V1-RDTE_JustificationBook_Air_Force_PB_2016.zzz_unzipped-RDTE_JustificationBook_Air_Force_PB_2016.xml","033fae319f2bbc82f4f3a7971a0ae55a7550a63c5673e7fa9e714fd6323ed2a0","0-3a8ae627457f445e5494e992fcc6cecfb1d2d1347635a1a9c2b186f430441071","127-d3e135f53112a0c2be8eb7dd0b0d648724b080c5e6e68d461afbadc9fe2c947b","root"
"Other Adjustments","0.000","0.000","-1.355","-1.355","0.000","2016-BASE_RDTE-2016-AIRFORCE_V1-RDTE_JustificationBook_Air_Force_PB_2016.zzz_unzipped-RDTE_JustificationBook_Air_Force_PB_2016.xml","a903c3f3811e54f8d2656ca4e05d18eaaf6fb47ad82ca49f7266b5b125d8975a","0-5acea56bfb11120f56b48381801b99dd04ecd10dbc7b065359000c1337e3fad9","128-3f0638d781af4c2263b4c07822a882ffa9cd61bbcf62190c34c8fc516ec58b1d","root"
"Other Adjustments","0.000","0.000","1.748","1.748","0.000","2016-BASE_RDTE-2016-AIRFORCE_V1-RDTE_JustificationBook_Air_Force_PB_2016.zzz_unzipped-RDTE_JustificationBook_Air_Force_PB_2016.xml","11d267cb7b1e06c8f452f957543bd15aa4c38ad1b9c53b5d50ea28f79968a414","0-947185da3f2b4bc392de61df09d64323ac89858bf43801322c0de1f6399286d1","129-179a010163e0ea6beb6b9e2830d6cbb144f73893583630367e43c7f360d70d64","root"
"Other Adjustments","0.000","0.000","3.318","3.318","0.000","2016-BASE_RDTE-2016-AIRFORCE_V1-RDTE_JustificationBook_Air_Force_PB_2016.zzz_unzipped-RDTE_JustificationBook_Air_Force_PB_2016.xml","bbeb9cd2694544a2a64404b1a894568ef3db74b1a7c95ee286035383c6da845f","0-f2573854fda3b1f1483e0a7b2b3a4ec86cfaea3c4b5b99355dd38395a2642577","130-e3437dea8303099a3d3071bb8df5fe31b1c6b9bf06c3a870d8ccf7a8ae7c8609","root"
"Other Adjustments","-0.001","0.000","-3.037","-3.037","0.000","2016-BASE_RDTE-2016-AIRFORCE_V1-RDTE_JustificationBook_Air_Force_PB_2016.zzz_unzipped-RDTE_JustificationBook_Air_Force_PB_2016.xml","a5f1dc297213aafbdaf9406be4f5b34b62b5b54811f15b21f996de534e8f7dd8","0-5be9f97270dd39311bde56edac7e4094f7836a15fa4537ae4fd33ecad0daffec","131-a91e44d83cf40fd56543b6b31a51530b0aadfa502c98dd6a38d9b21418727dfd","root"
"Other Adjustments","0.000","0.000","1.636","1.636","0.000","2016-BASE_RDTE-2016-AIRFORCE_V1-RDTE_JustificationBook_Air_Force_PB_2016.zzz_unzipped-RDTE_JustificationBook_Air_Force_PB_2016.xml","e474468b2240339bcf666b1fc851d7cb42edf2cf1c0d08830e6dff50ec6eb559","0-e208e2b7f1570ffa5c4a8b06eab8bec5dda66a2bec538d7d2e60bb26f53521d8","132-f179b5c0b064b29d4bf80f00be058fcfcf150d554631bd9d69a3bdfbf65d27ca","root"
"Other Adjustments","0.000","0.000","7.301","7.301","0.000","2016-BASE_RDTE-2016-AIRFORCE_V1-RDTE_JustificationBook_Air_Force_PB_2016.zzz_unzipped-RDTE_JustificationBook_Air_Force_PB_2016.xml","87ea38417751d9099a43e5f0e61207f9e3552e14db31fab862fbd891803c0ea0","0-edb9c24451539fddc7f02c3d6573429b7271f6a1a8338b647fd7126fa7f33483","133-5588a9bd91197bbb904d121cd2d8dc30da4c13d193fbf70be9e95b8b29756bf6","root"
"Other Adjustments","0.000","0.000","2.452","2.452","0.000","2016-BASE_RDTE-2016-AIRFORCE_V1-RDTE_JustificationBook_Air_Force_PB_2016.zzz_unzipped-RDTE_JustificationBook_Air_Force_PB_2016.xml","dfc3fa2173a70a89bd1abaa95d288311940ac70bc7f3d0a792ed9b3a31cc6e6c","0-ec89ffccf355acc852e5376d1be9a47f4c09ae9e73b27813315c63fa402c11f2","134-c34fc36eb9fed45593d85e2f30bbadbd3670bf55cd76828d9019a3459ec9e6f6","root"
