Title_val,PriorYear_Funding_val,PriorYear_Text_val,CurrentYear_Funding_val,CurrentYear_Text_val,@SOURCE_FILENAME,@RECORDID,@ROWID,@PARENTROWID,@PARENT
"Program Increase","23.782","Conducted congressionally directed effort.","15.666","Conduct Congressionally directed effort.","2017-BASE_RDTE-2017-AIRFORCE_V1-U_RDTE_JustificationBook_Air_Force_PB_2017.zzz_unzipped-U_RDTE_JustificationBook_Air_Force_PB_2017.xml","ff7c6372bf0cab45b7d01c3d68fafd5c10d4e6a95fb10b96322bdb3b86d0d76c","0-612a3880e46e68d470f5cd908e19dddf62c00b7242e2ecfde8033e01a9bd262d","0-7c3bff47f36b81b20a2dadfcfa1723f22cef13a08048e58b9cc16dc73e3f285b","root.record.ProjectList.Project"
"Program Increase","26.424","Conducted Congressionally directed effort.","11.167","Conduct Congressionally directed effort.","2017-BASE_RDTE-2017-AIRFORCE_V1-U_RDTE_JustificationBook_Air_Force_PB_2017.zzz_unzipped-U_RDTE_JustificationBook_Air_Force_PB_2017.xml","ff7c6372bf0cab45b7d01c3d68fafd5c10d4e6a95fb10b96322bdb3b86d0d76c","0-64217a38329680b1775afea47391dda6f7a5b88eeeb09e3987109c6e4807fd84","1-73b6ce4e7e148c743465a280b8f1f18a291b2e32e394cbca0f0f1ac29c370866","root.record.ProjectList.Project"
"Program Increase","18.041","Conducted Congressionally directed effort.","11.167","Conduct Congressionally directed effort.","2017-BASE_RDTE-2017-AIRFORCE_V1-U_RDTE_JustificationBook_Air_Force_PB_2017.zzz_unzipped-U_RDTE_JustificationBook_Air_Force_PB_2017.xml","ff7c6372bf0cab45b7d01c3d68fafd5c10d4e6a95fb10b96322bdb3b86d0d76c","0-1dfa0828ff0ac6d99c72896f15961b6cc867e37eb999a647cf27bb527f87bc4a","2-6a8ec1163ac49c733ecb895d8bc827b9cbd980dfc64d9884c6a2d88f0a90a42b","root.record.ProjectList.Project"
"Program Increase","7.250","Conducted Congressionally directed effort.","7.000","Conduct Congressionally directed effort.","2017-BASE_RDTE-2017-AIRFORCE_V1-U_RDTE_JustificationBook_Air_Force_PB_2017.zzz_unzipped-U_RDTE_JustificationBook_Air_Force_PB_2017.xml","ff7c6372bf0cab45b7d01c3d68fafd5c10d4e6a95fb10b96322bdb3b86d0d76c","0-d93b8a1cdb91a5f44ac79bf770f8fdeda65e7fb7bfba53cf8cfd9d72bc73a49a","3-59d3926d6e7fb278d95af225f173bb5ee76c5d1600425e6e1771efa1f6a5d282","root.record.ProjectList.Project"
"Program Increase","20.000","Conducted congressionally directed effort.","","","2017-BASE_RDTE-2017-AIRFORCE_V1-U_RDTE_JustificationBook_Air_Force_PB_2017.zzz_unzipped-U_RDTE_JustificationBook_Air_Force_PB_2017.xml","c2d96211ea40cea6a3869ba91ef18045194c3a2dd68fb74ecd744fc5cf8da50e","0-fb675a37514b1904073206a13f2d5d107c861efe5249c3f5f0949f0978b17c34","0-12f83bdc6cb8bfa922fb619bf76c03ff248c60f47d2d721ebad351550d286d5f","root.record.ProjectList.Project"
"Program Increase","","","4.500","Conduct Congressionally directed effort.","2017-BASE_RDTE-2017-AIRFORCE_V1-U_RDTE_JustificationBook_Air_Force_PB_2017.zzz_unzipped-U_RDTE_JustificationBook_Air_Force_PB_2017.xml","b5506359d526794feff66f47e26e69edb5f774b206434b81975d0c1e3e573626","0-24374ec72755b74f84e4cb6cae15bc3db34177dceba3d477404da4142b79db94","0-fa99461cb623f395e8975f60553a52e488109b58a148c909eadf81654d9fd869","root.record.ProjectList.Project"
"Metals Affordability Research","8.000","Conduct Congressionally directed effort.","9.000","Conduct congressionally directed effort in low-cost special aerospace metals.","2017-BASE_RDTE-2017-AIRFORCE_V1-U_RDTE_JustificationBook_Air_Force_PB_2017.zzz_unzipped-U_RDTE_JustificationBook_Air_Force_PB_2017.xml","198855d2568154c5301e3ac74988b5cc49f6f7f0c89e0a927fb5e543b111056e","0-ab8ce30df086a3e50eb5bd84df6f0f9a8ace2787456d3463da9ad05005bbe965","2-bfb542a36f66eba47466a2fc74233da87e32a08f522878d7447a13b0ae1289ef","root.record.ProjectList.Project"
"Silicon Carbide Research","8.500","Conducted Congressionally directed efforts","10.000","Conduct Congressionally directed efforts","2017-BASE_RDTE-2017-AIRFORCE_V1-U_RDTE_JustificationBook_Air_Force_PB_2017.zzz_unzipped-U_RDTE_JustificationBook_Air_Force_PB_2017.xml","d49532f0c2392cb72e8a34cbfbec5e9ccfcec68bbc6d457e68b77d246acd62ea","0-ad964bc6f5868f809081cd742cdb4e9f17387b51fd7240d355649adcfcc141c3","1-e107e3ecc12f8def1c11163fc39104e1756cc2e62d609de5b69be2afd983a0ea","root.record.ProjectList.Project"
"Program Increase","","","7.000","Conduct Congressionally-Directed effort","2017-BASE_RDTE-2017-AIRFORCE_V1-U_RDTE_JustificationBook_Air_Force_PB_2017.zzz_unzipped-U_RDTE_JustificationBook_Air_Force_PB_2017.xml","b4b190729607a14ad186502add862ed7bb2ce19d7f4f1cf6e0f45613db48f8cc","0-129816b8bd73ed595edcef39010abfb8403456cc07505484fa97ebabd7c1ca48","1-872418a577ed95e1971f6ba49cc6a3ce980319f747eb3e72a42dc780a8e8b25d","root.record.ProjectList.Project"
"Program Increase","1.021","Conducted Congressionally-directed effort.","","","2017-BASE_RDTE-2017-AIRFORCE_V1-U_RDTE_JustificationBook_Air_Force_PB_2017.zzz_unzipped-U_RDTE_JustificationBook_Air_Force_PB_2017.xml","c5dd007aeb68d36a24da6c199fb58df725a12a488b33cfa181fee901703f8d9d","0-529cc6a9c9fbce9eb6724f607c1c20f0f6e579c3c934b458f0dff236f8bba543","0-2677797b112ffdbe63d879e345418bea9ed05842d2b869dde9d71519011e91f7","root.record.ProjectList.Project"
"Counter-electronics high power microwave advanced missile","10.000","Conducted Congressionally directed effort.","5.000","Conduct Congressionally directed effort.","2017-BASE_RDTE-2017-AIRFORCE_V1-U_RDTE_JustificationBook_Air_Force_PB_2017.zzz_unzipped-U_RDTE_JustificationBook_Air_Force_PB_2017.xml","4affdb6ab4abfb9cfcf0ef639fd4dc847612fb5795f65ec0aeb0674d12c22973","0-4a520b5edb67765ef32524955b44853b4d829cdaff2d76bbcb30bd8a19dfabd6","1-c58fb9b50c20b0cb8f432173c60a7f49c3f03e5383e636816f1e7236b2f231d3","root.record.ProjectList.Project"
"Additive Manufacturing","10.000","Conducted Congressionally-directed effort.","10.000","Conduct congressionally directed effort","2017-BASE_RDTE-2017-AIRFORCE_V1-U_RDTE_JustificationBook_Air_Force_PB_2017.zzz_unzipped-U_RDTE_JustificationBook_Air_Force_PB_2017.xml","c758620fae142d834ac18b3465f15b89ba6272f1f78b83980bbce2a917810d02","0-378f461038b5518e98babf02f0cceb6c815cef44e4ab00bd7349a743c4a4ecc9","0-9b5e19c99a75e5b00ce2a44b08e2fbdf51ced9d8027124c19d79d77ebaa786e3","root.record.ProjectList.Project"
"Air Force Educational and Outreach Program","","","8.500","Conduct congressionally directed effort","2017-BASE_RDTE-2017-AIRFORCE_V1-U_RDTE_JustificationBook_Air_Force_PB_2017.zzz_unzipped-U_RDTE_JustificationBook_Air_Force_PB_2017.xml","4a79cfbb1fa95e278d2da9484f025e6892749cf79b2624cdb960a5b21dfdff9c","0-4e78eaaa6afe246a06a5ef478abc791cbf2c08074674d96a8ecaaccc63fb6c4e","0-cce9f449cb6f3a13bd70ea2caa6491af1d983de1be595ad43785425aaca60425","root.record.ProjectList.Project"
"Nanotechnology Research","5.000","Conducted Congressionally-directed effort.","","","2017-BASE_RDTE-2017-AIRFORCE_V1-U_RDTE_JustificationBook_Air_Force_PB_2017.zzz_unzipped-U_RDTE_JustificationBook_Air_Force_PB_2017.xml","4a79cfbb1fa95e278d2da9484f025e6892749cf79b2624cdb960a5b21dfdff9c","0-6709d6193b94d68025ec31591f1dcf51c1addf676c4c94b780a143ddcdeeb354","1-3e1f01813202e4286ee5d165ce8042d64707a1200b2992b27d66b25cd2c5a8d2","root.record.ProjectList.Project"
"Program Increase","0.000","N/A","3.334","Conduct Congressionally-Directed Effort","2017-BASE_RDTE-2017-AIRFORCE_V1-U_RDTE_JustificationBook_Air_Force_PB_2017.zzz_unzipped-U_RDTE_JustificationBook_Air_Force_PB_2017.xml","c294e078d4a0e7785ac8151646b80f9f6a31d938155be3116d51f777f9c47b50","0-63ba69a5274e6cb72fe06f52d36dc4aa3fbbdcf5e6ce85b3afd4148943ece6dc","0-0eff14c03c032454786e9a31237c5e72f19d1e600265fd9cdeb0356f58b26114","root.record.ProjectList.Project"
"Program Increase","0.000","N/A","3.333","Conduct Congressionally-Directed Effort","2017-BASE_RDTE-2017-AIRFORCE_V1-U_RDTE_JustificationBook_Air_Force_PB_2017.zzz_unzipped-U_RDTE_JustificationBook_Air_Force_PB_2017.xml","c294e078d4a0e7785ac8151646b80f9f6a31d938155be3116d51f777f9c47b50","0-4f84444c39ea3618e9f4fc272f4b05fe109ee0d1e46c9a4c99ab7f7830ef7d8f","1-3087ab14d58038afe8747d7f3860f0d31b34df4a0bb919c1ea661ab588538490","root.record.ProjectList.Project"
"Program Increase","10.000","Conducted Congressionally-directed effort.","3.333","Conduct Congressionally-directed effort","2017-BASE_RDTE-2017-AIRFORCE_V1-U_RDTE_JustificationBook_Air_Force_PB_2017.zzz_unzipped-U_RDTE_JustificationBook_Air_Force_PB_2017.xml","c294e078d4a0e7785ac8151646b80f9f6a31d938155be3116d51f777f9c47b50","0-6d74db2ab53205131de7d3441db0011ff2ce1ecf6542c64755504bca328422c4","2-1f749ee4c525799c5aa892277815b0abf7674448ecbcfa6d451850000b40206a","root.record.ProjectList.Project"
"Program Increase","5.000","Conducted Congressionally-directed effort.","","","2017-BASE_RDTE-2017-AIRFORCE_V1-U_RDTE_JustificationBook_Air_Force_PB_2017.zzz_unzipped-U_RDTE_JustificationBook_Air_Force_PB_2017.xml","c294e078d4a0e7785ac8151646b80f9f6a31d938155be3116d51f777f9c47b50","0-47d9a30878a2aa49b7802af30d878437a3d2bc0172a868469de11512dcd9b955","3-c603979324e6831df7be5d79a1d7e3d447c1c1e4ff9517e2a4d3c5dd5c89fda6","root.record.ProjectList.Project"
"Program Increase","","","3.600","Conduct Congressionally directed efforts","2017-BASE_RDTE-2017-AIRFORCE_V1-U_RDTE_JustificationBook_Air_Force_PB_2017.zzz_unzipped-U_RDTE_JustificationBook_Air_Force_PB_2017.xml","57fb12b66e1abe44cda514e19c123410b3d40ac4257fa13e2069ff94b73318d9","0-6fcd0c7981eee5f7236b53dbd0057c89d3f210e0db3bad8909a0d928b3217f08","4-c418199cef74f046edefeba594a3f3673d412574dc9977444de1b853680f14de","root.record.ProjectList.Project"
"Program Increase","","","5.000","Conduct Congressionally directed effort","2017-BASE_RDTE-2017-AIRFORCE_V1-U_RDTE_JustificationBook_Air_Force_PB_2017.zzz_unzipped-U_RDTE_JustificationBook_Air_Force_PB_2017.xml","563f4260fbe67a04a4602d5720cbb0d10e38bcb0f3ecdc40773946a6fd27d7c7","0-53691c0d8645d8b5fce19154778b26d121776dc26375325608c879e686a18921","4-0152385595cc14d6e33c55154a83fc4ade22c90e1d09bf876306e7df94f1f503","root.record.ProjectList.Project"
"Program Increase - Basic Research","14.260","Conducted Congressionally directed effort.","0.000","N/A","2019-BASE_RDTE-2019-AIRFORCE_V1-U_RDTE_JustificationBook_Air_Force_PB_2019.zzz_unzipped-U_RDTE_JustificationBook_Air_Force_PB_2019.xml","2446720abb3206feee6f781d2bbc41d4e877e96a25040158505e0a75d8f4f94c","0-a749ea872a294c82ffdbcadde9591d62ef09a0738fc3552a65cef07756da1e2c","0-44022e96125217d8ae6fb87d21425998c935add424a77d5b06580b916951e1f7","root.record.ProjectList.Project"
"Program Increase - Basic Research","14.241","Conducted Congressionally directed effort.","0.000","N/A","2019-BASE_RDTE-2019-AIRFORCE_V1-U_RDTE_JustificationBook_Air_Force_PB_2019.zzz_unzipped-U_RDTE_JustificationBook_Air_Force_PB_2019.xml","2446720abb3206feee6f781d2bbc41d4e877e96a25040158505e0a75d8f4f94c","0-8521648ea278b8940b7388bdfd152afc8d89a52ca4407a978d92558cb3a81877","1-4df0764714fb71a9a64130822bb5ac258fc97c52cffeb35b7a36dce6048f9e9a","root.record.ProjectList.Project"
"Program Increase - Basic Research","7.401","Conducted Congressionally directed effort.","0.000","N/A","2019-BASE_RDTE-2019-AIRFORCE_V1-U_RDTE_JustificationBook_Air_Force_PB_2019.zzz_unzipped-U_RDTE_JustificationBook_Air_Force_PB_2019.xml","2446720abb3206feee6f781d2bbc41d4e877e96a25040158505e0a75d8f4f94c","0-fed00ba1182a18df3119f89ecfe6f654ae0f5a0926734d53a80805a316c23ed2","2-c17e0c648b1bb5eed01a9de6bd4fcf9e88e72698bcc6974d3bc65c3c6a495a14","root.record.ProjectList.Project"
"Program Increase - Basic Research","2.613","Conducted Congressionally directed effort.","0.000","N/A","2019-BASE_RDTE-2019-AIRFORCE_V1-U_RDTE_JustificationBook_Air_Force_PB_2019.zzz_unzipped-U_RDTE_JustificationBook_Air_Force_PB_2019.xml","2446720abb3206feee6f781d2bbc41d4e877e96a25040158505e0a75d8f4f94c","0-7b0d623add1fe5d2903ff386326adfb32db8002ca3df766d9c55b636115a5613","3-056811ed102206de47812b83ef85fda33db96e73e9d59530f122a6ef81fa99cb","root.record.ProjectList.Project"
"Program Increase","4.821","Conducted Congressionally directed effort.","0.000","N/A","2019-BASE_RDTE-2019-AIRFORCE_V1-U_RDTE_JustificationBook_Air_Force_PB_2019.zzz_unzipped-U_RDTE_JustificationBook_Air_Force_PB_2019.xml","d20be2735f6d2a0adb8c8517e2930fdc6ae4255b4c6aa7bde8953fd64f8d26e0","0-1e702f79910c46319d92674f6ee72fb1aefec80c6ea7293e170c0976b42e3ba8","0-c47cc286fdca810634850243b35ce7a5d6ddaae1ee7b7ce69150d940306a230f","root.record.ProjectList.Project"
"Program Increase","4.934","Conducted Congressionally direct effort.","0.000","N/A","2019-BASE_RDTE-2019-AIRFORCE_V1-U_RDTE_JustificationBook_Air_Force_PB_2019.zzz_unzipped-U_RDTE_JustificationBook_Air_Force_PB_2019.xml","1bfa924ea1468de9fcbf5857ad2d680dcfc3987345394862e3e68f73f8208f43","0-ac648b62613c97779d91493688dcbba8c5e1be913f02bbdc53b5684261f8be6d","4-6305184d060a9aca7f6368ed044289d75619b9bfa30398c432850521ee45fc73","root.record.ProjectList.Project"
"Program increase - Protective Equipment","0.974","Conducted congressionally directed effort.","","","2019-BASE_RDTE-2019-AIRFORCE_V1-U_RDTE_JustificationBook_Air_Force_PB_2019.zzz_unzipped-U_RDTE_JustificationBook_Air_Force_PB_2019.xml","552ba6c564a54070afbdc611d26c37ebba0e49c7def56e4a742b778fc1ce8894","0-008814492e5ac2202cc6e2075c17e8807b29d597bfe65d70e3c6a2e76e8d0503","2-a71783e5608b2a40857e0380dbd2b66de516a9432c717584289018c56442157e","root.record.ProjectList.Project"
"Program increase - Metals Affordability Research","16.558","Conducted congressionally directed effort.","","","2019-BASE_RDTE-2019-AIRFORCE_V1-U_RDTE_JustificationBook_Air_Force_PB_2019.zzz_unzipped-U_RDTE_JustificationBook_Air_Force_PB_2019.xml","552ba6c564a54070afbdc611d26c37ebba0e49c7def56e4a742b778fc1ce8894","1-cb54072a52850210e6c759147e374e867158b788388280c15b1a9d5e836fb05f","2-a71783e5608b2a40857e0380dbd2b66de516a9432c717584289018c56442157e","root.record.ProjectList.Project"
"Silicon Carbide Research","14.506","Conducted Congressionally directed efforts.","0.000","N/A","2019-BASE_RDTE-2019-AIRFORCE_V1-U_RDTE_JustificationBook_Air_Force_PB_2019.zzz_unzipped-U_RDTE_JustificationBook_Air_Force_PB_2019.xml","a434e353f7ff42662b11f47fc3ffec28265e062091271866a44939091ae06508","0-632cb926fd52d5c8813c98e47e11f31a16c3c04218c7ff6463de4127af57081e","1-2e6736846a7e1cf4cf2b6b8a6c5f7d50d4bbc8abc5e0eddbb1e8f1aa7ee95018","root.record.ProjectList.Project"
"Program Increase","9.685","Conducted Congressionally directed efforts.","0.000","N/A","2019-BASE_RDTE-2019-AIRFORCE_V1-U_RDTE_JustificationBook_Air_Force_PB_2019.zzz_unzipped-U_RDTE_JustificationBook_Air_Force_PB_2019.xml","3f38ecdaf257ab67a3ddb66216a54156004cc9e34391e3c8d135f6d31ef52acf","0-2ca518f9e81a0e18d3785d70b9d23874c3f12d286e16c5b8ce117f833cdce0f2","1-6e3c01e16b4c22de2c3f39b576fdec608f8489b29e9073de9981951c760de5e9","root.record.ProjectList.Project"
"Program increase","4.898","Conducted Congressionally-directed efforts.","0.000","N/A","2019-BASE_RDTE-2019-AIRFORCE_V1-U_RDTE_JustificationBook_Air_Force_PB_2019.zzz_unzipped-U_RDTE_JustificationBook_Air_Force_PB_2019.xml","cde5b6b80c0480a328ee47daa823a2a1ad07cc04416d87c55838fa7cf1d15a25","0-97f1a0f0da88fcae20b5e45401b26e11086c2fca8d620958e248e5058e9a6aa5","0-7be46eebf1cd2d5bf56fda64b9e1ef7cb7b5bdbd7343b0cb631f2de5648bbb60","root.record.ProjectList.Project"
"Program Increase","9.652","Conducted congressionally directed effort.","0.000","N/A","2019-BASE_RDTE-2019-AIRFORCE_V1-U_RDTE_JustificationBook_Air_Force_PB_2019.zzz_unzipped-U_RDTE_JustificationBook_Air_Force_PB_2019.xml","74a7f1c76d8c7393367dd9d8c6476eaa15e86d863cddd0436063345cf95a6429","0-790779e756f283c8e3bbf81a2b7e8f7abcadcabdd0eaf2ec70ed5e446204033d","1-343045dd6ddda60ed87e23a10bf31a984375d67842b0096cf780872ebb4601cb","root.record.ProjectList.Project"
"Program increase - Additive Manufacturing","9.729","Conducted congressionally directed efforts.","","","2019-BASE_RDTE-2019-AIRFORCE_V1-U_RDTE_JustificationBook_Air_Force_PB_2019.zzz_unzipped-U_RDTE_JustificationBook_Air_Force_PB_2019.xml","5a53305fc65f173c3a73d55dc4064b1c7418e90f1eb8d9ab7200a85647b38459","0-86b338227d978e7fc7fc9d53cf4fa692e4eb574ab20cc6f52ba32b7ba61db831","0-5ed78612d8c39f5d4b548ae9c32210e0436f960c43a3c56fe39835fa250bc0c3","root.record.ProjectList.Project"
"Program increase - Manufacturing Technology","5.837","Conducted congressionally directed efforts.","","","2019-BASE_RDTE-2019-AIRFORCE_V1-U_RDTE_JustificationBook_Air_Force_PB_2019.zzz_unzipped-U_RDTE_JustificationBook_Air_Force_PB_2019.xml","5a53305fc65f173c3a73d55dc4064b1c7418e90f1eb8d9ab7200a85647b38459","1-34204f99f09b614fabd889932c149dd18a6840e4c746d7c7897b8cdc9d47705a","0-5ed78612d8c39f5d4b548ae9c32210e0436f960c43a3c56fe39835fa250bc0c3","root.record.ProjectList.Project"
"Program increase - Structures, propulsion, subsystems","4.916","Conducted congressionally directed effort.","","","2019-BASE_RDTE-2019-AIRFORCE_V1-U_RDTE_JustificationBook_Air_Force_PB_2019.zzz_unzipped-U_RDTE_JustificationBook_Air_Force_PB_2019.xml","3b29e76a889ece5139a3499c4318f10b6f893902d8875db9a5e41a03e3f9381a","0-128a007ee87d7a0c39f9eff092d650756b2fffb29095d84de5d98f8e5767ca46","0-fc0a800f70bbea030cd5a69661c59caee2434b2798e5f1b6ea53b031c23424fc","root.record.ProjectList.Project"
"Program increase - Certification of advanced materials","5.899","Conducted congressionally directed effort.","","","2019-BASE_RDTE-2019-AIRFORCE_V1-U_RDTE_JustificationBook_Air_Force_PB_2019.zzz_unzipped-U_RDTE_JustificationBook_Air_Force_PB_2019.xml","3b29e76a889ece5139a3499c4318f10b6f893902d8875db9a5e41a03e3f9381a","1-1892a1cf008e24d8a8c18e7b29be54bf3a0832ecd0c9ab2c318912ffe91b1067","0-fc0a800f70bbea030cd5a69661c59caee2434b2798e5f1b6ea53b031c23424fc","root.record.ProjectList.Project"
"Program increase - Electronics, optics, and survivability","7.865","Conducted congressionally directed effort.","","","2019-BASE_RDTE-2019-AIRFORCE_V1-U_RDTE_JustificationBook_Air_Force_PB_2019.zzz_unzipped-U_RDTE_JustificationBook_Air_Force_PB_2019.xml","3b29e76a889ece5139a3499c4318f10b6f893902d8875db9a5e41a03e3f9381a","0-26525ae2771904bcfb2107b14a34004ebe25cf8493b0ca9ce901f573c55e420d","1-d7c3f7ab56e6ca40c6eea56c365ead7840141263582add3d5237c60ba9b9629a","root.record.ProjectList.Project"
"Program Increase - Air Force Education and Outreach program","9.832","Conducted congressionally directed effort.","","","2019-BASE_RDTE-2019-AIRFORCE_V1-U_RDTE_JustificationBook_Air_Force_PB_2019.zzz_unzipped-U_RDTE_JustificationBook_Air_Force_PB_2019.xml","3b29e76a889ece5139a3499c4318f10b6f893902d8875db9a5e41a03e3f9381a","1-41a1f933b6959186fc8040c497d9021f4c35da3327185adea2f71aafca934960","1-d7c3f7ab56e6ca40c6eea56c365ead7840141263582add3d5237c60ba9b9629a","root.record.ProjectList.Project"
"Program increase - Coatings Technology","3.933","Conducted congressionally directed effort.","","","2019-BASE_RDTE-2019-AIRFORCE_V1-U_RDTE_JustificationBook_Air_Force_PB_2019.zzz_unzipped-U_RDTE_JustificationBook_Air_Force_PB_2019.xml","3b29e76a889ece5139a3499c4318f10b6f893902d8875db9a5e41a03e3f9381a","0-f1849012dce5762f8e52e6519c5e357de825fea7cec534e9d9ee933a128e5b15","2-62f9630d7622a0856b38c925a568d720037da952d5eb847997993c3f9429b57b","root.record.ProjectList.Project"
"Program Increase-Hypersonic vehicle structures","9.846","Conducted Congressionally-directed efforts.","0.000","N/A","2019-BASE_RDTE-2019-AIRFORCE_V1-U_RDTE_JustificationBook_Air_Force_PB_2019.zzz_unzipped-U_RDTE_JustificationBook_Air_Force_PB_2019.xml","104c86e7ed0388ca50d7e0327ec2afbf78fcabb5573860c26bb365fe4940b839","0-a15a2ce1d2ffcc114cca44ee07ea9bc5fe411aa503ebfa043dc6ebd62506d39e","3-25c00e529d001fe0c46aa3f2bddc8dbc1170ede70c6613ba78183e6f6629e684","root.record.ProjectList.Project"
"Program Increase","4.912","Conducted Congressionally-directed efforts","0.000","N/A","2019-BASE_RDTE-2019-AIRFORCE_V1-U_RDTE_JustificationBook_Air_Force_PB_2019.zzz_unzipped-U_RDTE_JustificationBook_Air_Force_PB_2019.xml","2d1ecb3082316f706a839a8ce7530735ba9193a841226c8d7b7677d7c8682772","0-dbd5b2995c5d93a338773b4476e6e6f2684c2de4cf82f921a55c93ef1082586e","3-1013d731df755e0d734340fafe4837ba5c901a45e663dbc8e87e375e43157677","root.record.ProjectList.Project"
"Program Increase - aerospace power technology","4.912","Conducted Congressionally-directed efforts","0.000","N/A","2019-BASE_RDTE-2019-AIRFORCE_V1-U_RDTE_JustificationBook_Air_Force_PB_2019.zzz_unzipped-U_RDTE_JustificationBook_Air_Force_PB_2019.xml","2d1ecb3082316f706a839a8ce7530735ba9193a841226c8d7b7677d7c8682772","1-e8c173de860005984735b45fd38a4ac49b3918252e51101d423668cd74c0ea82","3-1013d731df755e0d734340fafe4837ba5c901a45e663dbc8e87e375e43157677","root.record.ProjectList.Project"
"Program Increase - electronic component technology","3.949","Conducted congressionally directed effort.","0.000","Not Applicable","2019-BASE_RDTE-2019-AIRFORCE_V1-U_RDTE_JustificationBook_Air_Force_PB_2019.zzz_unzipped-U_RDTE_JustificationBook_Air_Force_PB_2019.xml","6b31f5ee12d49eb1e8591432a488d2f2575ba6d1990392df8c92af71533aa7bb","0-10d29a9296ef36ad2c41504e28d9f6e1663b3a98103a007b2e6fed09449b98e8","0-33ccbb37f9f37a46075d0171691fe3b13df9a210eb17c2d5ec0882a78cd7a0ac","root.record.ProjectList.Project"
"Program Increase - Spectrum Monitoring","3.455","Conducted congressionally directed effort.","0.000","N/A.","2019-BASE_RDTE-2019-AIRFORCE_V1-U_RDTE_JustificationBook_Air_Force_PB_2019.zzz_unzipped-U_RDTE_JustificationBook_Air_Force_PB_2019.xml","6b31f5ee12d49eb1e8591432a488d2f2575ba6d1990392df8c92af71533aa7bb","0-ce0549fa95a02cc5b948b41ed0bf135429146550e3b543e4898a6b023b8ff5e0","4-c1147bfaf01602585dacddcd54b01375f8ef9d946bbad079e82d8e1e1ab7bd0f","root.record.ProjectList.Project"
"Program Increase - Basic Research","0.000","N/A","11.000","Conduct Congressionally directed effort.","2020-BASE_RDTE-2020-AIRFORCE_V1-U_RDTE_JustificationBook_Air_Force_PB_2020.zzz_unzipped-U_RDTE_JustificationBook_Air_Force_PB_2020.xml","56e2c54b87343938dcc0b6f5dcddde37350d152ddc9ffcac35ae6cfbd7ebb947","0-80a35c23a1c6430b75b6cb6904f128287372ff7fff1d3e132dd1ebe02c98310e","0-a9746ac2a8d89810ecc4e19e02908cc42814311c1623aca747e823c9094814f3","root.record.ProjectList.Project"
"Program Increase - Basic Research","0.000","N/A","11.000","Conduct Congressionally directed effort.","2020-BASE_RDTE-2020-AIRFORCE_V1-U_RDTE_JustificationBook_Air_Force_PB_2020.zzz_unzipped-U_RDTE_JustificationBook_Air_Force_PB_2020.xml","56e2c54b87343938dcc0b6f5dcddde37350d152ddc9ffcac35ae6cfbd7ebb947","0-2b51e2e90450185dd7c97717d2db1e24088fa11902d7a4923203576358ec263f","1-a34794cc313c730e7e5d976f70d34c317a7da54d4234899365b51e1cc0b2c326","root.record.ProjectList.Project"
"Program Increase - Basic Research","0.000","N/A","11.000","Conduct Congressionally directed effort.","2020-BASE_RDTE-2020-AIRFORCE_V1-U_RDTE_JustificationBook_Air_Force_PB_2020.zzz_unzipped-U_RDTE_JustificationBook_Air_Force_PB_2020.xml","56e2c54b87343938dcc0b6f5dcddde37350d152ddc9ffcac35ae6cfbd7ebb947","0-3d58d9e222b2cf387e75fb5f5f92fe2d20d16915998a8d97764214bc32f2b6ff","2-0b31df9d1c8d6e05f2d22f9c7590d3910dbef8adfb89dc64673dce01377e3ce6","root.record.ProjectList.Project"
"Program Increase - Basic Research","0.000","N/A","2.000","Conduct Congressionally directed effort.","2020-BASE_RDTE-2020-AIRFORCE_V1-U_RDTE_JustificationBook_Air_Force_PB_2020.zzz_unzipped-U_RDTE_JustificationBook_Air_Force_PB_2020.xml","56e2c54b87343938dcc0b6f5dcddde37350d152ddc9ffcac35ae6cfbd7ebb947","0-647b94098207b1222ed438cb2ac889c78e8a7564254edfab09d6abc03f8e0dad","3-0f655773fa058f3dfd96bb7e2c97c5fa39030149276b5a0ff0bdfaf7b3e255e0","root.record.ProjectList.Project"
"Program Increase - Antenna Research","4.821","Conducted Congressionally directed effort.","0.000","N/A","2020-BASE_RDTE-2020-AIRFORCE_V1-U_RDTE_JustificationBook_Air_Force_PB_2020.zzz_unzipped-U_RDTE_JustificationBook_Air_Force_PB_2020.xml","d8c13e8d73a8adfdfbb207b742ad99e4439d96b8c72e7e6818e68dc20a12b883","0-33ea609fca462e46f1c72d11b67d8a33a97038764350e85c8daea1a24b452af0","0-aba77fc7adafcb1f3b69613c916f4df0d7e2501ce48fa00be58e96e91f246cc5","root.record.ProjectList.Project"
"Program Increase","9.641","Conducted Congressionally directed effort.","0.000","N/A","2020-BASE_RDTE-2020-AIRFORCE_V1-U_RDTE_JustificationBook_Air_Force_PB_2020.zzz_unzipped-U_RDTE_JustificationBook_Air_Force_PB_2020.xml","d8c13e8d73a8adfdfbb207b742ad99e4439d96b8c72e7e6818e68dc20a12b883","1-26571f06ae4e2a35fd30e870252973da089c7578e568cd389fead9fca1eb70da","0-aba77fc7adafcb1f3b69613c916f4df0d7e2501ce48fa00be58e96e91f246cc5","root.record.ProjectList.Project"
"Program Increase - Basic Research","0.000","N/A","10.000","Conduct Congressionally directed effort.","2020-BASE_RDTE-2020-AIRFORCE_V1-U_RDTE_JustificationBook_Air_Force_PB_2020.zzz_unzipped-U_RDTE_JustificationBook_Air_Force_PB_2020.xml","d8c13e8d73a8adfdfbb207b742ad99e4439d96b8c72e7e6818e68dc20a12b883","2-75413c4959798cef21f6a08ae189c5b3f38402ffd24b99dacc58676910c76827","0-aba77fc7adafcb1f3b69613c916f4df0d7e2501ce48fa00be58e96e91f246cc5","root.record.ProjectList.Project"
"Program increase","9.828","Conducted Congressionally directed effort","0.000","Not applicable","2020-BASE_RDTE-2020-AIRFORCE_V1-U_RDTE_JustificationBook_Air_Force_PB_2020.zzz_unzipped-U_RDTE_JustificationBook_Air_Force_PB_2020.xml","222c3455fd821f01a93ccb6d967b249be1f3563343f54fd9dc858f663d9b1d96","0-66253b77870af7827743fd2c67250eafeed3e04de9824978a15ff77675025a07","1-a3117a43cd9fc4e7fb7f49f717d298670c7cff800bb9a3347fbce8d222321329","root.record.ProjectList.Project"
"Program increase - spacecraft vehicle technologies","2.457","Conducted Congressionally directed effort","0.000","Not applicable","2020-BASE_RDTE-2020-AIRFORCE_V1-U_RDTE_JustificationBook_Air_Force_PB_2020.zzz_unzipped-U_RDTE_JustificationBook_Air_Force_PB_2020.xml","222c3455fd821f01a93ccb6d967b249be1f3563343f54fd9dc858f663d9b1d96","0-54fc113ecf1e012056c9b287299e9bcbc65b9fb86bccecf4fada9f45d3e4833c","3-51e0995f405500c06dc2fa27686d9fddc98dba310063630fc77d9e163dad796b","root.record.ProjectList.Project"
"Small satellites for resiliency and augmentation of space architecture","19.263","Conducted Congressionally directed effort","0.000","Not applicable","2020-BASE_RDTE-2020-AIRFORCE_V1-U_RDTE_JustificationBook_Air_Force_PB_2020.zzz_unzipped-U_RDTE_JustificationBook_Air_Force_PB_2020.xml","222c3455fd821f01a93ccb6d967b249be1f3563343f54fd9dc858f663d9b1d96","1-fc4540492864ed60559b9ed0ee775475310c13d4fdf4e367a9ff5fe285350849","3-51e0995f405500c06dc2fa27686d9fddc98dba310063630fc77d9e163dad796b","root.record.ProjectList.Project"
"Program Increase Line 13B","12.819","Conducted Congressionally directed efforts.","0.000","Not applicable","2020-BASE_RDTE-2020-AIRFORCE_V1-U_RDTE_JustificationBook_Air_Force_PB_2020.zzz_unzipped-U_RDTE_JustificationBook_Air_Force_PB_2020.xml","122bb2534c407bc93be486e64a7610c6d659a180f1453bf89069f867cd1273a2","0-8f22b11188f239dbbbda6c731c7312fcd5d32e4b1280cd4c4d257599774199ea","0-62aa15ae12c37fdebf206626bf00a273beeca5a6a8cc4eb7d97067f09c2d9092","root.record.ProjectList.Project"
"Program Increase - Quantum Computing CoE","0.000","Not Applicable","7.500","Conduct Congressionally directed efforts.","2020-BASE_RDTE-2020-AIRFORCE_V1-U_RDTE_JustificationBook_Air_Force_PB_2020.zzz_unzipped-U_RDTE_JustificationBook_Air_Force_PB_2020.xml","122bb2534c407bc93be486e64a7610c6d659a180f1453bf89069f867cd1273a2","0-7a57f331d91339cf597244772dadcb27a47f58682d96cc1960886778a3cc973f","1-7931006e5672496269e547f8f5157e74273650c243417c4970f7c0f646b1fc13","root.record.ProjectList.Project"
"Program increase Line 13A","4.930","Conducted Congressionally directed efforts.","0.000","Not Applicable","2020-BASE_RDTE-2020-AIRFORCE_V1-U_RDTE_JustificationBook_Air_Force_PB_2020.zzz_unzipped-U_RDTE_JustificationBook_Air_Force_PB_2020.xml","122bb2534c407bc93be486e64a7610c6d659a180f1453bf89069f867cd1273a2","0-9661815cb8baa3e3e4738e12bd5196aa0cdc5fe0a979f60f90e3b792307580d1","2-94a7e630987e2c1bdb4cc6c7cae9d4d40ccf5ee61b1384d6b60500547d50ba6d","root.record.ProjectList.Project"
"Program increase Line 13B","2.465","Conducted Congressionally directed efforts.","0.000","Not Applicable","2020-BASE_RDTE-2020-AIRFORCE_V1-U_RDTE_JustificationBook_Air_Force_PB_2020.zzz_unzipped-U_RDTE_JustificationBook_Air_Force_PB_2020.xml","122bb2534c407bc93be486e64a7610c6d659a180f1453bf89069f867cd1273a2","1-907e72398ab290769083305a57d7e643faabe6330829f77765d5018a75382032","2-94a7e630987e2c1bdb4cc6c7cae9d4d40ccf5ee61b1384d6b60500547d50ba6d","root.record.ProjectList.Project"
"Program increase - quantum computing","5.917","Conducted Congressionally directed efforts.","0.000","Not Applicable","2020-BASE_RDTE-2020-AIRFORCE_V1-U_RDTE_JustificationBook_Air_Force_PB_2020.zzz_unzipped-U_RDTE_JustificationBook_Air_Force_PB_2020.xml","122bb2534c407bc93be486e64a7610c6d659a180f1453bf89069f867cd1273a2","0-d1683a1dda0b94413f32c2afaa7dfb4ff2a5a966d7b63801af33635f248c70c3","3-7e6daed227310320d7aa56874a54f694901716ea9b1dc3c7cad2ddde31c40ba2","root.record.ProjectList.Project"
"Program Increase - Cyber Testbed for Unidentified C-UAS","0.000","Not Applicable","5.500","Conduct Congressionally directed efforts.","2020-BASE_RDTE-2020-AIRFORCE_V1-U_RDTE_JustificationBook_Air_Force_PB_2020.zzz_unzipped-U_RDTE_JustificationBook_Air_Force_PB_2020.xml","122bb2534c407bc93be486e64a7610c6d659a180f1453bf89069f867cd1273a2","0-3220eaf02e4a876eb71cab76bc6e6bcd769a31ac2e32b5969567147954371b0c","4-a1652bf4390d629834c3b7311ca734f00886ded46ad288f7320030d336f27cc7","root.record.ProjectList.Project"
"Program Increase Line 13A","0.000","Not Applicable","10.000","Conduct Congressionally directed efforts.","2020-BASE_RDTE-2020-AIRFORCE_V1-U_RDTE_JustificationBook_Air_Force_PB_2020.zzz_unzipped-U_RDTE_JustificationBook_Air_Force_PB_2020.xml","122bb2534c407bc93be486e64a7610c6d659a180f1453bf89069f867cd1273a2","1-e99520db173b316f1a3160a2566c56afe6ba89bb9bbb067e49dfff625844ba7f","4-a1652bf4390d629834c3b7311ca734f00886ded46ad288f7320030d336f27cc7","root.record.ProjectList.Project"
"Program increase - advanced materials and process for magnetic graphene memory systems","0.000","Not applicable","4.000","Conduct Congressionally directed effort","2020-BASE_RDTE-2020-AIRFORCE_V1-U_RDTE_JustificationBook_Air_Force_PB_2020.zzz_unzipped-U_RDTE_JustificationBook_Air_Force_PB_2020.xml","093a139562f00f13baeed74d7dd2f79abe3dd76eff2605a46118c7096c883e8a","0-8772d8c845357aa2ea5765758fb04f0c01693dbbcc213e64d59d3cf67dae871f","1-ff107ba73e09bc09c4654c92e2e99d80ac741a50e2f8e4141b203e5bb473d4ee","root.record.ProjectList.Project"
"Program increase - advanced spacecraft technologies","0.000","Not applicable","5.000","Conduct Congressionally directed effort","2020-BASE_RDTE-2020-AIRFORCE_V1-U_RDTE_JustificationBook_Air_Force_PB_2020.zzz_unzipped-U_RDTE_JustificationBook_Air_Force_PB_2020.xml","093a139562f00f13baeed74d7dd2f79abe3dd76eff2605a46118c7096c883e8a","0-8f67eca7955dcc5d2674e381b6dad0517773a490a4b206d90133e433def95b19","3-011f63f72327a37d13bd5e6e7da67d77e38705a40d5dc3e96dd212bab044226e","root.record.ProjectList.Project"
"Program increase - MADDIE - modular arrays for energy","0.000","Not applicable","12.000","Conduct Congressionally directed effort","2020-BASE_RDTE-2020-AIRFORCE_V1-U_RDTE_JustificationBook_Air_Force_PB_2020.zzz_unzipped-U_RDTE_JustificationBook_Air_Force_PB_2020.xml","093a139562f00f13baeed74d7dd2f79abe3dd76eff2605a46118c7096c883e8a","1-14d54f99b8048a662182efadefcd131187686745cd199a4aa56d54aee7a63f61","3-011f63f72327a37d13bd5e6e7da67d77e38705a40d5dc3e96dd212bab044226e","root.record.ProjectList.Project"
"Program increase - Materials Transition of Metals for Hypersonics","0.000","Not Applicable","3.000","Conduct congressional directed efforts.","2020-BASE_RDTE-2020-AIRFORCE_V1-U_RDTE_JustificationBook_Air_Force_PB_2020.zzz_unzipped-U_RDTE_JustificationBook_Air_Force_PB_2020.xml","936dac92226699c8d261f2d991c215cde16fa1ce3b4eed2e1a3f35e5839553f6","0-734cf05ecade060812c12c6dcb3fa2fad9a45b326bdafa639e837390b0bd70da","2-4f72c4727192c6ae455ac0e62443bc6859ea8cf7ea9ea675e58a07bc0b59a34f","root.record.ProjectList.Project"
"Program increase - Metals Affordability Research","0.000","Not Applicable","10.000","Conduct congressional directed efforts.","2020-BASE_RDTE-2020-AIRFORCE_V1-U_RDTE_JustificationBook_Air_Force_PB_2020.zzz_unzipped-U_RDTE_JustificationBook_Air_Force_PB_2020.xml","936dac92226699c8d261f2d991c215cde16fa1ce3b4eed2e1a3f35e5839553f6","1-5ee19a92047d95fe64b086f620ac1b7687c0022647d1291c8501ebc56be62727","2-4f72c4727192c6ae455ac0e62443bc6859ea8cf7ea9ea675e58a07bc0b59a34f","root.record.ProjectList.Project"
"Program Increase","6.826","Conducted congressionally directed effort.","0.000","Not Applicable","2020-BASE_RDTE-2020-AIRFORCE_V1-U_RDTE_JustificationBook_Air_Force_PB_2020.zzz_unzipped-U_RDTE_JustificationBook_Air_Force_PB_2020.xml","503894e417e5d3534ff18068b47d86ef36a8b2a3be7ef1598395d987718405b2","0-2273698e42ea16d8232d4a46e8cf887d71c9cab0691c207dc51d91b87649feb7","0-e3a27e4e96184d4a1d31b338e12196ffd0bbf3f38cf95d35c1f7611aaea35124","root.record.ProjectList.Project"
"Program increase - sensor integration","0.000","Not Applicable","5.000","Conduct Congressionally directed efforts","2020-BASE_RDTE-2020-AIRFORCE_V1-U_RDTE_JustificationBook_Air_Force_PB_2020.zzz_unzipped-U_RDTE_JustificationBook_Air_Force_PB_2020.xml","503894e417e5d3534ff18068b47d86ef36a8b2a3be7ef1598395d987718405b2","1-0b4f510c5011530f5db3fed5ea380feb621b4f5f04c9a09b2ba1f3903fec78fd","0-e3a27e4e96184d4a1d31b338e12196ffd0bbf3f38cf95d35c1f7611aaea35124","root.record.ProjectList.Project"
"Program increase - aircraft winglets and drag reduction devices","0.000","Not Applicable","5.000","Conduct Congressionally directed efforts","2020-BASE_RDTE-2020-AIRFORCE_V1-U_RDTE_JustificationBook_Air_Force_PB_2020.zzz_unzipped-U_RDTE_JustificationBook_Air_Force_PB_2020.xml","5c99f0e614f3980cdbcd62c7eb434d4282697667949ae3b009c186fe753ac710","0-9242bd05c090a92430905745b23ab79d68f4a40743876da92245d94d476721aa","0-0cbf44a49f09c9bb557b5efa30f3fedec44dc1030101b2b321a432df417adb14","root.record.ProjectList.Project"
"Program increase - silicon carbide research","10.634","Conducted Congressionally directed efforts","15.000","Conduct Congressionally directed efforts","2020-BASE_RDTE-2020-AIRFORCE_V1-U_RDTE_JustificationBook_Air_Force_PB_2020.zzz_unzipped-U_RDTE_JustificationBook_Air_Force_PB_2020.xml","a10001b8843324e39612e9fbec0efc098f29ed1814f5e098e7a5c186ae948e45","0-2f52094ea03053a44e5e6b261f89759c95174e04909f5cfb71d041c076a6fbc5","1-480fe7ed988964d993f1671e269f6a61eb4c8a8e3b64fa75ed6d97e401372fb0","root.record.ProjectList.Project"
"Program increase","7.250","Conducted Congressionally directed efforts","0.000","Not Applicable","2020-BASE_RDTE-2020-AIRFORCE_V1-U_RDTE_JustificationBook_Air_Force_PB_2020.zzz_unzipped-U_RDTE_JustificationBook_Air_Force_PB_2020.xml","a10001b8843324e39612e9fbec0efc098f29ed1814f5e098e7a5c186ae948e45","0-657f5ae92fe614f9462375c2dacb3abb8517ab58a6558a18774597b86d682e1c","3-7a2e6524421209755cf63f6718f1c42d78ed1a004010086118b47ab13bd235fe","root.record.ProjectList.Project"
"Program increase - chemical apogee engines","0.000","Not Applicable","2.500","Conduct Congressionally directed efforts.","2020-BASE_RDTE-2020-AIRFORCE_V1-U_RDTE_JustificationBook_Air_Force_PB_2020.zzz_unzipped-U_RDTE_JustificationBook_Air_Force_PB_2020.xml","a10001b8843324e39612e9fbec0efc098f29ed1814f5e098e7a5c186ae948e45","1-b92e13adbdf18f095516932c14108829489100dd685f497a42bd4068b72c985c","3-7a2e6524421209755cf63f6718f1c42d78ed1a004010086118b47ab13bd235fe","root.record.ProjectList.Project"
"Program increase - upper stage engine maturation","0.000","Not Applicable","8.500","Conduct Congressionally directed efforts.","2020-BASE_RDTE-2020-AIRFORCE_V1-U_RDTE_JustificationBook_Air_Force_PB_2020.zzz_unzipped-U_RDTE_JustificationBook_Air_Force_PB_2020.xml","a10001b8843324e39612e9fbec0efc098f29ed1814f5e098e7a5c186ae948e45","2-9e6dcd6c090e1e80ac4fcb71f9e0e7209aadeee651b9ac04957b024c42d3a753","3-7a2e6524421209755cf63f6718f1c42d78ed1a004010086118b47ab13bd235fe","root.record.ProjectList.Project"
"Program increase - advanced turbine engine gas generator","0.000","Not Applicable","7.000","Conduct Congressionally directed efforts","2020-BASE_RDTE-2020-AIRFORCE_V1-U_RDTE_JustificationBook_Air_Force_PB_2020.zzz_unzipped-U_RDTE_JustificationBook_Air_Force_PB_2020.xml","a10001b8843324e39612e9fbec0efc098f29ed1814f5e098e7a5c186ae948e45","0-2b858ecf10b9c6573906558bb986d71777dec1acc7ec22be959402f713e10a59","5-a88edd116b6a700710852cedb54d9427bdbff22a80c2cac46118b5e7ac9850bc","root.record.ProjectList.Project"
"Program Increase - radiation hardened microelectronics","5.809","Conducted Congressionally directed effort","0.000","Not applicable","2020-BASE_RDTE-2020-AIRFORCE_V1-U_RDTE_JustificationBook_Air_Force_PB_2020.zzz_unzipped-U_RDTE_JustificationBook_Air_Force_PB_2020.xml","762bf12cdc207a71dfadb449117d9f4bb85dfe1bfde38c014ab1afddd3f308bf","0-4a5ce7f65122a51b88a837db82de4838c143efe2106cdc225b96acc021e1eda5","0-3f36f0f91aa7c1076ee4fc07089e9bde99c7e0429034fb1cbc713896c4fcbc9f","root.record.ProjectList.Project"
"Program increase - radiation hardened microelectronic processors","0.000","Not applicable","6.000","Conducted Congressionally directed effort","2020-BASE_RDTE-2020-AIRFORCE_V1-U_RDTE_JustificationBook_Air_Force_PB_2020.zzz_unzipped-U_RDTE_JustificationBook_Air_Force_PB_2020.xml","762bf12cdc207a71dfadb449117d9f4bb85dfe1bfde38c014ab1afddd3f308bf","1-464ec3b78349358bf9b4edac27e26b5f264b43c3d8db0a9b672de61bd864f71b","0-3f36f0f91aa7c1076ee4fc07089e9bde99c7e0429034fb1cbc713896c4fcbc9f","root.record.ProjectList.Project"
"Program increase","9.682","Conducted Congressionally directed effort","0.000","Not applicable","2020-BASE_RDTE-2020-AIRFORCE_V1-U_RDTE_JustificationBook_Air_Force_PB_2020.zzz_unzipped-U_RDTE_JustificationBook_Air_Force_PB_2020.xml","762bf12cdc207a71dfadb449117d9f4bb85dfe1bfde38c014ab1afddd3f308bf","0-c9b7eeeef0060a0243cbcf9098fe225315ea401a9690d2560d706c154975fcf6","2-7ce24660a3f8711529a7b7be8cff7fa3a8646abb0c73f5f7ed8e2aaba440de41","root.record.ProjectList.Project"
"Program increase - commercial SSA consortia/testbed","14.522","Conducted Congressionally directed effort","0.000","Not applicable","2020-BASE_RDTE-2020-AIRFORCE_V1-U_RDTE_JustificationBook_Air_Force_PB_2020.zzz_unzipped-U_RDTE_JustificationBook_Air_Force_PB_2020.xml","762bf12cdc207a71dfadb449117d9f4bb85dfe1bfde38c014ab1afddd3f308bf","1-203fc9e129767912d68dc7aab58dcd2d4e04da604e16624fc154a90148ba73c7","2-7ce24660a3f8711529a7b7be8cff7fa3a8646abb0c73f5f7ed8e2aaba440de41","root.record.ProjectList.Project"
"Program increase - space laser communications systems","0.000","Not applicable","10.000","Conducted Congressionally directed effort","2020-BASE_RDTE-2020-AIRFORCE_V1-U_RDTE_JustificationBook_Air_Force_PB_2020.zzz_unzipped-U_RDTE_JustificationBook_Air_Force_PB_2020.xml","762bf12cdc207a71dfadb449117d9f4bb85dfe1bfde38c014ab1afddd3f308bf","0-a28bff55cfcf936355dcdddc8ba15bd7ef705930ed104788eb400ac8a7b07c45","4-52be7378ca35c323a6d30fee341c51e8cc548f91482bfc5003c3a313f1532093","root.record.ProjectList.Project"
"Program increase - rotary launcher development","0.000","N/A","10.000","Conduct Congressionally directed efforts","2020-BASE_RDTE-2020-AIRFORCE_V1-U_RDTE_JustificationBook_Air_Force_PB_2020.zzz_unzipped-U_RDTE_JustificationBook_Air_Force_PB_2020.xml","53b5d1e17c8f7229075d3b2914d41071ccdb079d152fc440fef3f630581c5665","0-8b7d6a4fd4e54d03860345f0bf4a57d1f720c689742c33ca217c9b81c4237ff4","0-5e71f6462a868aff879e64971e4f396eecb4ac7a3fbdd4824d697f5372f3c850","root.record.ProjectList.Project"
"Program Increase","9.725","Conducted Congressionally directed efforts.","0.000","Not Applicable","2020-BASE_RDTE-2020-AIRFORCE_V1-U_RDTE_JustificationBook_Air_Force_PB_2020.zzz_unzipped-U_RDTE_JustificationBook_Air_Force_PB_2020.xml","5a82869d62252b8536d21b9a8d278ca1f3f2126a165f5e6173939b05787fd6f3","0-b592f03c75624c2d0148ee472f0732779f5ad9ef69ef27cd0f95888a19158d8e","0-8a6ab5ded527ecbb2c0c44dcb4280d49331657ad3c23c545d882285d140d2ac6","root.record.ProjectList.Project"
"Program increase - F-35 Battery Technology","8.364","Conducted Congressionally directed efforts.","9.800","Conduct Congressionally directed efforts.","2020-BASE_RDTE-2020-AIRFORCE_V1-U_RDTE_JustificationBook_Air_Force_PB_2020.zzz_unzipped-U_RDTE_JustificationBook_Air_Force_PB_2020.xml","5a82869d62252b8536d21b9a8d278ca1f3f2126a165f5e6173939b05787fd6f3","1-c9ff3a7f8604e015b3805b33adc91ed3226e1e8166cf4ef4e561b511c34c76d7","0-8a6ab5ded527ecbb2c0c44dcb4280d49331657ad3c23c545d882285d140d2ac6","root.record.ProjectList.Project"
"Program increase - Materials Development Research","0.000","Not Applicable","10.000","Conduct Congressionally directed efforts.","2020-BASE_RDTE-2020-AIRFORCE_V1-U_RDTE_JustificationBook_Air_Force_PB_2020.zzz_unzipped-U_RDTE_JustificationBook_Air_Force_PB_2020.xml","5a82869d62252b8536d21b9a8d278ca1f3f2126a165f5e6173939b05787fd6f3","2-98db6bcdbb0ee88d7e463672b187970ba375b70fe0ddfd3a216176256d1d9fae","0-8a6ab5ded527ecbb2c0c44dcb4280d49331657ad3c23c545d882285d140d2ac6","root.record.ProjectList.Project"
"Program Increase - Modeling Technology for Small Turbine Engines","0.000","Not Applicable","4.000","Conduct Congressionally directed efforts.","2020-BASE_RDTE-2020-AIRFORCE_V1-U_RDTE_JustificationBook_Air_Force_PB_2020.zzz_unzipped-U_RDTE_JustificationBook_Air_Force_PB_2020.xml","5a82869d62252b8536d21b9a8d278ca1f3f2126a165f5e6173939b05787fd6f3","3-b643eada7bc1c45ab4f784cb13c609d969f65459135e5faf7e941f060940c1d9","0-8a6ab5ded527ecbb2c0c44dcb4280d49331657ad3c23c545d882285d140d2ac6","root.record.ProjectList.Project"
"Program Increase - Assured Worldwide Connectivity","0.000","Not Applicable","9.000","Conduct Congressionally directed efforts.","2020-BASE_RDTE-2020-AIRFORCE_V1-U_RDTE_JustificationBook_Air_Force_PB_2020.zzz_unzipped-U_RDTE_JustificationBook_Air_Force_PB_2020.xml","45730c319a1db61cb33f30fc05e4eede319fcec0aac3ef34ed19bdf889829054","0-99e89b25b101da2daf9a4c996279546b661b65cdb64c0f810585c9fa437c219d","1-4b608d145f8d6b5358c77db8a714fdb9c1385bc5882cce6716e5c66f5656f216","root.record.ProjectList.Project"
"Program increase - Structures, propulsion, and subsystems","4.914","Conducted Congressionally directed efforts.","0.000","Not Applicable","2020-BASE_RDTE-2020-AIRFORCE_V1-U_RDTE_JustificationBook_Air_Force_PB_2020.zzz_unzipped-U_RDTE_JustificationBook_Air_Force_PB_2020.xml","81c85ff8eec2d87ba24766ff0a813dcc02d9664d148fa3cf3d9257e5b89c95c7","0-e7348ce5138da321994397346e80a7f4165ddec29dcd173d82726954adee13f7","0-6101af901221136d59165f9152ac98bdc6ff278f6453013303d829466b41d1d0","root.record.ProjectList.Project"
"Program increase - Certification of advanced composites","14.742","Conducted Congressionally directed efforts.","15.000","Conduct Congressionally directed efforts.","2020-BASE_RDTE-2020-AIRFORCE_V1-U_RDTE_JustificationBook_Air_Force_PB_2020.zzz_unzipped-U_RDTE_JustificationBook_Air_Force_PB_2020.xml","81c85ff8eec2d87ba24766ff0a813dcc02d9664d148fa3cf3d9257e5b89c95c7","1-fcef101f6c3f85fbd58fadaf17c6224c3e99e4268286bd617ec17c04d16075e8","0-6101af901221136d59165f9152ac98bdc6ff278f6453013303d829466b41d1d0","root.record.ProjectList.Project"
"Program Increase - Thermal Protection for Hypersonic Vehicles","0.000","Not Applicable","10.000","Conduct Congressionally directed efforts.","2020-BASE_RDTE-2020-AIRFORCE_V1-U_RDTE_JustificationBook_Air_Force_PB_2020.zzz_unzipped-U_RDTE_JustificationBook_Air_Force_PB_2020.xml","81c85ff8eec2d87ba24766ff0a813dcc02d9664d148fa3cf3d9257e5b89c95c7","2-a6efebd93bde9830e86db07dfbb203b2247d6f813cb8b9267487f03cf2fea9e5","0-6101af901221136d59165f9152ac98bdc6ff278f6453013303d829466b41d1d0","root.record.ProjectList.Project"
"Program Increase - High Temperature Material Technologies for Turbine Engines","0.000","Not Applicable","5.000","Conduct Congressionally directed efforts.","2020-BASE_RDTE-2020-AIRFORCE_V1-U_RDTE_JustificationBook_Air_Force_PB_2020.zzz_unzipped-U_RDTE_JustificationBook_Air_Force_PB_2020.xml","81c85ff8eec2d87ba24766ff0a813dcc02d9664d148fa3cf3d9257e5b89c95c7","3-41a9f68c1e57acec94ac0ff6ef83a80104773c6fe958173b6fcd307761afb8c4","0-6101af901221136d59165f9152ac98bdc6ff278f6453013303d829466b41d1d0","root.record.ProjectList.Project"
"Program Increase - High Performance Materials","0.000","Not Applicable","8.000","Conduct Congressionally directed efforts.","2020-BASE_RDTE-2020-AIRFORCE_V1-U_RDTE_JustificationBook_Air_Force_PB_2020.zzz_unzipped-U_RDTE_JustificationBook_Air_Force_PB_2020.xml","81c85ff8eec2d87ba24766ff0a813dcc02d9664d148fa3cf3d9257e5b89c95c7","4-b9cb6e3b6731563ea13f8fda092faf7d963514928884089027434a73d55d6a7b","0-6101af901221136d59165f9152ac98bdc6ff278f6453013303d829466b41d1d0","root.record.ProjectList.Project"
"Program Increase - Turbine Airfoil Demonstration","0.000","Not Applicable","3.000","Conduct Congressionally directed efforts.","2020-BASE_RDTE-2020-AIRFORCE_V1-U_RDTE_JustificationBook_Air_Force_PB_2020.zzz_unzipped-U_RDTE_JustificationBook_Air_Force_PB_2020.xml","81c85ff8eec2d87ba24766ff0a813dcc02d9664d148fa3cf3d9257e5b89c95c7","5-22319f8b3a2818cf1a3f4aea750b7bb61ee1b341a30c6fc41f93a077934740f0","0-6101af901221136d59165f9152ac98bdc6ff278f6453013303d829466b41d1d0","root.record.ProjectList.Project"
"Program Increase - Biosensor Materials","0.000","Not Applicable","5.000","Conduct Congressionally directed efforts.","2020-BASE_RDTE-2020-AIRFORCE_V1-U_RDTE_JustificationBook_Air_Force_PB_2020.zzz_unzipped-U_RDTE_JustificationBook_Air_Force_PB_2020.xml","81c85ff8eec2d87ba24766ff0a813dcc02d9664d148fa3cf3d9257e5b89c95c7","0-50b8f2bf5e1cae29fbdc337e00b3f1a91bd92cf1123da593bfd570ed6e33e0dc","1-a8a3e6e376f363a2ba8d288b210ac760db8f723ccd1b8277ca10e6ac9f06fed8","root.record.ProjectList.Project"
"Program Increase - Coatings","4.914","Conducted Congressionally directed efforts.","0.000","Not Applicable","2020-BASE_RDTE-2020-AIRFORCE_V1-U_RDTE_JustificationBook_Air_Force_PB_2020.zzz_unzipped-U_RDTE_JustificationBook_Air_Force_PB_2020.xml","81c85ff8eec2d87ba24766ff0a813dcc02d9664d148fa3cf3d9257e5b89c95c7","0-c8519516d04f4ecedddd6147b981227bfadf77c67daad5bbbe1467f7678d3914","2-4398290d93ff1834a3fe03a9153e56ed14dc0e53e265213fcd537ee9d880aa7c","root.record.ProjectList.Project"
"Program Increase - Coating Technologies","0.000","Not applicable","10.000","Conduct Congressionally directed efforts.","2020-BASE_RDTE-2020-AIRFORCE_V1-U_RDTE_JustificationBook_Air_Force_PB_2020.zzz_unzipped-U_RDTE_JustificationBook_Air_Force_PB_2020.xml","81c85ff8eec2d87ba24766ff0a813dcc02d9664d148fa3cf3d9257e5b89c95c7","1-ff156dfd0be2dd67906208f757f540f670594f57f703f628f6bf3637d02aba0b","2-4398290d93ff1834a3fe03a9153e56ed14dc0e53e265213fcd537ee9d880aa7c","root.record.ProjectList.Project"
"Program increase - structures","9.846","Conducted Congressionally directed efforts","0.000","Not Applicable","2020-BASE_RDTE-2020-AIRFORCE_V1-U_RDTE_JustificationBook_Air_Force_PB_2020.zzz_unzipped-U_RDTE_JustificationBook_Air_Force_PB_2020.xml","2f9afa6881ee0526301847451ee651d5d713ed5129426de125f9e999ac37bbd5","0-ce6ff364dcd7ca216636aa25871fcdcfe439de7e304cc72db53a83b2753dc51a","0-2b8cf11854daad67c94f030b47fd7e01a84c983c32ad48be8b1d42d52e1aadac","root.record.ProjectList.Project"
"Program increase - human machine teaming","0.000","Not Applicable","4.000","Conduct Congressionally directed efforts.","2020-BASE_RDTE-2020-AIRFORCE_V1-U_RDTE_JustificationBook_Air_Force_PB_2020.zzz_unzipped-U_RDTE_JustificationBook_Air_Force_PB_2020.xml","2f9afa6881ee0526301847451ee651d5d713ed5129426de125f9e999ac37bbd5","0-565bd22e8ceab39e011105c5a180caa5b0e9bf07c79bafa6691168c439aa60ba","1-8004b323294d45d524ea5a7905ce8f44d57eb736ad35ae7b7336e082353cccd9","root.record.ProjectList.Project"
"Program increase - flight controls and pilot-vehicle interfaces","0.000","Not Applicable","5.000","Conduct Congressionally directed efforts.","2020-BASE_RDTE-2020-AIRFORCE_V1-U_RDTE_JustificationBook_Air_Force_PB_2020.zzz_unzipped-U_RDTE_JustificationBook_Air_Force_PB_2020.xml","2f9afa6881ee0526301847451ee651d5d713ed5129426de125f9e999ac37bbd5","1-97d3f7ab8f1e8b652de3d82629f05643484415deb84849ee68500f9bd376e72a","1-8004b323294d45d524ea5a7905ce8f44d57eb736ad35ae7b7336e082353cccd9","root.record.ProjectList.Project"
"Program increase - high speed systems technology","5.908","Conducted Congressionally directed efforts","6.000","Conduct Congressionally directed efforts","2020-BASE_RDTE-2020-AIRFORCE_V1-U_RDTE_JustificationBook_Air_Force_PB_2020.zzz_unzipped-U_RDTE_JustificationBook_Air_Force_PB_2020.xml","2f9afa6881ee0526301847451ee651d5d713ed5129426de125f9e999ac37bbd5","0-5e809baf85247a2fc5d009f1b06b3693041bc5e907effa804d60f552bcddbf69","3-53d04058e25b4924a98587aba50127f809023b7c75df4d79d68feaddffcf148c","root.record.ProjectList.Project"
"Program increase - hypersonic vehicle structures","9.846","Conducted Congressionally directed efforts","10.000","Conduct Congressionally directed efforts","2020-BASE_RDTE-2020-AIRFORCE_V1-U_RDTE_JustificationBook_Air_Force_PB_2020.zzz_unzipped-U_RDTE_JustificationBook_Air_Force_PB_2020.xml","2f9afa6881ee0526301847451ee651d5d713ed5129426de125f9e999ac37bbd5","1-489c07e16af7cdfb22fe6f7a086fd54f0ca64cee662257cc31f724f416f832bf","3-53d04058e25b4924a98587aba50127f809023b7c75df4d79d68feaddffcf148c","root.record.ProjectList.Project"
"Program increase - hypersonic research capability development","4.923","Conducted Congressionally directed efforts","0.000","Not Applicable","2020-BASE_RDTE-2020-AIRFORCE_V1-U_RDTE_JustificationBook_Air_Force_PB_2020.zzz_unzipped-U_RDTE_JustificationBook_Air_Force_PB_2020.xml","2f9afa6881ee0526301847451ee651d5d713ed5129426de125f9e999ac37bbd5","2-e386b347fad0a181bfd1d0a5c0cb925472d21ecc4445d82715e14a43f75893fe","3-53d04058e25b4924a98587aba50127f809023b7c75df4d79d68feaddffcf148c","root.record.ProjectList.Project"
"Program increase - hypersonic wind tunnels","0.000","Not Applicable","5.000","Conduct Congressionally directed efforts.","2020-BASE_RDTE-2020-AIRFORCE_V1-U_RDTE_JustificationBook_Air_Force_PB_2020.zzz_unzipped-U_RDTE_JustificationBook_Air_Force_PB_2020.xml","2f9afa6881ee0526301847451ee651d5d713ed5129426de125f9e999ac37bbd5","3-b5d49c1b40de9f07e153eb80aa40129f8183aead5c1946dde692f559ee6e01f4","3-53d04058e25b4924a98587aba50127f809023b7c75df4d79d68feaddffcf148c","root.record.ProjectList.Project"
"Program Increase - learning and operational readiness","19.150","Conducted Congressionally directed effort","0.000","Not applicable","2020-BASE_RDTE-2020-AIRFORCE_V1-U_RDTE_JustificationBook_Air_Force_PB_2020.zzz_unzipped-U_RDTE_JustificationBook_Air_Force_PB_2020.xml","4f724ad741c79b0088a7952921c94cfaa82832c11e88443660b8269f97bff911","0-03c5416485cf0268e18dd71f0ecfabdf9ad3452847baf9ecf46559b335824580","0-f0646878d1bfed92ee7b596213c4aae0d4e3c3e2d26ac8adf0773658903a9119","root.record.ProjectList.Project"
"Program Increase - Warfighter physiology program","0.000","Not Applicable","1.500","Conduct Congressionally directed efforts","2020-BASE_RDTE-2020-AIRFORCE_V1-U_RDTE_JustificationBook_Air_Force_PB_2020.zzz_unzipped-U_RDTE_JustificationBook_Air_Force_PB_2020.xml","4f724ad741c79b0088a7952921c94cfaa82832c11e88443660b8269f97bff911","0-2690e40ce936e6e8ffa2164f783b64dba1c5de9aa949de540b260e946d356a4d","1-1b1262d31bdbee7c32cfddd69223ee1bcf92771801acea98082e4d67584859c1","root.record.ProjectList.Project"
"Program Increase - Hypoxia research","4.910","Conducted Congressionally directed effort","5.000","Conduct Congressionally directed efforts","2020-BASE_RDTE-2020-AIRFORCE_V1-U_RDTE_JustificationBook_Air_Force_PB_2020.zzz_unzipped-U_RDTE_JustificationBook_Air_Force_PB_2020.xml","4f724ad741c79b0088a7952921c94cfaa82832c11e88443660b8269f97bff911","0-d1d800b77a703e785eac850433c1ed4337d2ef42a869379b354092c409233098","2-dccf5d97002ef1c50b6f591ff2018822a53fc6644e84726d338a45afd1b30f26","root.record.ProjectList.Project"
"Program increase","4.877","Conducted Congressionally directed efforts","0.000","Not Applicable","2020-BASE_RDTE-2020-AIRFORCE_V1-U_RDTE_JustificationBook_Air_Force_PB_2020.zzz_unzipped-U_RDTE_JustificationBook_Air_Force_PB_2020.xml","79217c0ab24d0ad6ab83121c822567763c1df8037d77cca31817c52f597b7394","0-cda9d9a7bf4565885709d537a5b132791c192ab15044bf690c811f1cb2fde387","3-2c9a9fb2ce56c9b3f1db7ea56b253625b76e5489972f0a8c75530ebb4cd2cd83","root.record.ProjectList.Project"
"Program increase - thermal management technologies","0.000","Not Applicable","6.000","Conduct Congressionally directed efforts","2020-BASE_RDTE-2020-AIRFORCE_V1-U_RDTE_JustificationBook_Air_Force_PB_2020.zzz_unzipped-U_RDTE_JustificationBook_Air_Force_PB_2020.xml","79217c0ab24d0ad6ab83121c822567763c1df8037d77cca31817c52f597b7394","1-8217d03e51781afaa2cdf48aa1b3d86a75d745d2326cb6965d552ede730dbd03","3-2c9a9fb2ce56c9b3f1db7ea56b253625b76e5489972f0a8c75530ebb4cd2cd83","root.record.ProjectList.Project"
"Program increase - next generation heat exchangers","0.000","Not Applicable","6.500","Conduct Congressionally directed efforts","2020-BASE_RDTE-2020-AIRFORCE_V1-U_RDTE_JustificationBook_Air_Force_PB_2020.zzz_unzipped-U_RDTE_JustificationBook_Air_Force_PB_2020.xml","79217c0ab24d0ad6ab83121c822567763c1df8037d77cca31817c52f597b7394","2-ea4ff58c0d737f4a709c54aa7180d2d3fc6cbd6132b8d744025066df6f3ca13d","3-2c9a9fb2ce56c9b3f1db7ea56b253625b76e5489972f0a8c75530ebb4cd2cd83","root.record.ProjectList.Project"
"Program increase - centers of excellence","0.000","Not Applicable","5.000","Conduct Congressionally directed efforts","2020-BASE_RDTE-2020-AIRFORCE_V1-U_RDTE_JustificationBook_Air_Force_PB_2020.zzz_unzipped-U_RDTE_JustificationBook_Air_Force_PB_2020.xml","79217c0ab24d0ad6ab83121c822567763c1df8037d77cca31817c52f597b7394","0-476d15262f7824172fd8d07ff81b15114959f782a8bf5c968dd38065a86c38b9","4-574e872adf0c25a071475cef2687d4e66e6cfc2bf2106cf6deb3d112a313f8c4","root.record.ProjectList.Project"
"Program increase - next generation hall thrusters","0.000","Not Applicable","10.000","Conduct Congressionally directed efforts","2020-BASE_RDTE-2020-AIRFORCE_V1-U_RDTE_JustificationBook_Air_Force_PB_2020.zzz_unzipped-U_RDTE_JustificationBook_Air_Force_PB_2020.xml","79217c0ab24d0ad6ab83121c822567763c1df8037d77cca31817c52f597b7394","1-9281c483480f45f14028885e640c07d46b12b5b93385367cff1228b060282410","4-574e872adf0c25a071475cef2687d4e66e6cfc2bf2106cf6deb3d112a313f8c4","root.record.ProjectList.Project"
"Program Increase","3.949","Conducted congressionally directed effort.","0.000","Not applicable","2020-BASE_RDTE-2020-AIRFORCE_V1-U_RDTE_JustificationBook_Air_Force_PB_2020.zzz_unzipped-U_RDTE_JustificationBook_Air_Force_PB_2020.xml","21fd7d081fbae9e2eada0da3255365d500088c1d1f325f43ae82625a4f54edba","0-0b4e9a060808ec917ec5d177b159e5401dc32f07477f3174a9e0a102e6fa2a6a","0-b90cfb06ef5a3bd8e50542c400f51678ec87917a9578e66795d56a6bc43fb237","root.record.ProjectList.Project"
"Program increase - research by minority leaders program","2.468","Conducted Congressionally directed efforts","0.000","Not Applicable","2020-BASE_RDTE-2020-AIRFORCE_V1-U_RDTE_JustificationBook_Air_Force_PB_2020.zzz_unzipped-U_RDTE_JustificationBook_Air_Force_PB_2020.xml","21fd7d081fbae9e2eada0da3255365d500088c1d1f325f43ae82625a4f54edba","0-befbf2351f363938a299b6bdf62616aa63a0a139c10af054cea34e44d2ef2753","5-9702c5fb258a63ecb6b5fd775f28b2be5d4a9134381f21a690b39694db41858f","root.record.ProjectList.Project"
"Program increase - Air Force Minority Leaders Program","0.000","Not applicable","5.000","Conduct Congressionally directed efforts","2020-BASE_RDTE-2020-AIRFORCE_V1-U_RDTE_JustificationBook_Air_Force_PB_2020.zzz_unzipped-U_RDTE_JustificationBook_Air_Force_PB_2020.xml","21fd7d081fbae9e2eada0da3255365d500088c1d1f325f43ae82625a4f54edba","1-8fa5b4d80998cfa133902776978ec2e2b82c040e2d498470eb56d185e9026077","5-9702c5fb258a63ecb6b5fd775f28b2be5d4a9134381f21a690b39694db41858f","root.record.ProjectList.Project"
